method_id,short,family,xy_2d_ari_mean,xy_2d_ari_median,xy_2d_runtime_median,xy_2d_runtime_p90,xy_2d_runtime_mean,relative_to_fastest_arm,relative_to_fastest_in_family,pareto_efficient
IDB_ClustOpt_C5_PPv2_R,C5,ClustOpt,0.32841778082072964,0.12667681294887073,20.81346,50.76035030000003,29.302136659999995,3.751381864227778,1.3644839808774547,True
IDB_AutoClust_A0_original_cvis,A0,AutoClust,0.3205882075598873,0.1462950301738492,15.785011,53.7606248,22.495291299999998,2.8450629540708747,1.0,True
IDB_ClustOpt_C4_KNN_TOP10_RAW_R,C4,ClustOpt,0.31885187568441603,0.09998302629605915,20.374750499999998,53.22309310000002,28.41232188,3.6723096262642465,1.3357231652798194,False
IDB_AutoClust_A2_original_plus_new46,A2,AutoClust,0.3092421024875351,0.14389663458979574,43.836304999999996,89.96955280000006,52.57436822,7.900979441753435,2.7770842224943646,False
IDB_AutoClust_A3_extended_cvis,A3,AutoClust,0.30578259756830045,0.1523146857677319,44.812489,90.50806260000004,54.13784568000001,8.076925149663094,2.8389266881093715,False
IDB_ClustOpt_C3_MLP_TOP5_RAW_R,C3,ClustOpt,0.27187969679659035,0.10410068171852024,15.253722499999999,40.293647899999996,19.78907484,2.7493044380157454,1.0,True
IDB_ClustOpt_C2_PPv1_noR,C2,ClustOpt,0.2554316931694791,0.07286957557161575,18.0537755,44.7375986,24.85247064,3.2539811252689264,1.1835652248164343,False
IDB_ClustOpt_C0_MLP_TOP5_RAW_noR,C0,ClustOpt,0.2522830326267759,0.11588524128425046,15.2736485,40.530659,19.79813746,2.752895865631654,1.0013063040841343,False
IDB_AutoClust_A1_original_plus_established,A1,AutoClust,0.24966148204023134,0.12672332123035504,17.032355,55.348072,23.77094146,3.069882069203742,1.079020787505311,False
IDB_ML2DAC_M1_original_plus_established,M1,ML2DAC,0.22290110562633111,0.00952571690535175,6.2089739999999995,12.7843504,7.712775099999999,1.119094684836726,1.119094684836726,True
IDB_ClustOpt_C1_KNN_TOP10_RAW_noR,C1,ClustOpt,0.19482638616321313,0.03329487079340005,19.369525,52.955440100000025,27.446473760000003,3.4911295288580826,1.2698228252152877,False
IDB_ML2DAC_M3_extended_cvis,M3,ML2DAC,0.18040887964064098,0.02549978197790125,5.8277255,10.9071216,7.176566499999999,1.0503791176670174,1.0503791176670174,True
IDB_ML2DAC_M0_original_cvis,M0,ML2DAC,0.14927372779622444,0.00342444945833215,6.8367125,13.1414459,9.913372560000001,1.2322371812970718,1.2322371812970718,False
IDB_ML2DAC_M2_original_plus_new46,M2,ML2DAC,0.14537317966724717,0.015947520650151502,5.548211500000001,10.771142,7.1288895000000005,1.0,1.0,True
