metric_id,top5_count
noise_aware_silhouette,33
silhouette,31
blobness_log_dog,26
gridness_fft_acf,25
alpha_shape_compactness,24
avg_pca_isotropy,24
ribbon_thickness,21
cvnn,21
axial_symmetry,20
min_centroid_distance,19
coggins_jain_index,19
neighborhood_purity,18
cvdd,18
neighborhood_purity_multi_k,18
arc_circle_fit,17
corner_junction_density,17
cluster_size_balance_entropy,16
direction_entropy,15
connected_components_count,14
lbp_stationarity,14
radial_uniformity,14
hough_arc_circle_strength,13
contour_graph_connectivity,12
parallel_bands,12
parabolicity,12
ladderness,12
thickness_uniformity,12
gridness_2d,11
morphological_band_count,11
euler_holes_count,11
curvature_consistency,10
hough_line_strength,10
cluster_size_imbalance_entropy,9
calinski_harabasz,9
fractal_dimension,9
rectangularity,9
ridge_strength,9
convexity_ratio_image_based,8
hollow_score,8
dcsi,8
convexity_ratio,8
turning_points_count,7
peak_to_background_hough,7
orientation_histogram_entropy,7
connectivity_components,7
edge_coherence,6
cdbw,6
circularity_compactness,6
min_intercluster_distance,6
dbcv,5
bimodality_anti_thickness,5
polygonality,5
line_straightness,5
glcm_haralick,5
ellipse_fit_score,5
davies_bouldin,5
corner_sharpness,5
dunn_index,5
eccentricity_ratio,5
symmetry_score,4
periodicity_1d,4
mst_smoothness,3
cop,3
piecewise_linearity,3
skeleton_connectivity,2
avg_within_cluster_dispersion,1
s_dbw,1
