metric_id,metric_group,available_case_utility_macro,available_case_utility_median,units_with_valid_utility,available_case_utility_source_balanced,units_total,coverage,available_case_macro_rank,available_case_source_balanced_rank,full_coverage,repaired_metric,ranking_basis,top5_count,top10_count,orientation,metric_space,stage3_internal_comparable_field,utility_fcps,utility_sklearn_shapes,utility_real_pca
cvdd,Modern,0.5456825797655626,0.5704841369207998,102,0.5480472909085204,150,0.68,1.0,1.0,False,True,available_case: ranked on units where the metric is defined,18,41,MAXIMIZE,full,NONE (see review notes),0.5803770933034772,0.5751302352799251,0.48863454414215884
silhouette,Original,0.5025781679039826,0.4727612985837404,150,0.5474481355101571,150,1.0,2.0,2.0,True,False,available_case: ranked on units where the metric is defined,31,57,MAXIMIZE,full,NONE (see review notes),0.6381437811463,0.573516583352444,0.43068404203172744
noise_aware_silhouette,Established,0.4938707807298598,0.4740473789541592,150,0.538156476672217,150,1.0,3.0,3.0,True,False,available_case: ranked on units where the metric is defined,33,51,MAXIMIZE,decision,NONE (see review notes),0.6351860779880182,0.5517459512480656,0.4275374007805672
neighborhood_purity_multi_k,Established,0.4832366695428927,0.4730741066967985,150,0.5203602338815722,150,1.0,4.0,4.0,True,False,available_case: ranked on units where the metric is defined,18,45,MAXIMIZE,decision,NONE (see review notes),0.5874298362493772,0.5547999698208079,0.41885089557453126
gridness_fft_acf,New46,0.4820244867058861,0.5017387247494862,150,0.5174624317272087,150,1.0,5.0,5.0,True,False,available_case: ranked on units where the metric is defined,25,48,MAXIMIZE,full,NONE (see review notes),0.5872176242416449,0.5410807554397452,0.4240889155002361
avg_pca_isotropy,Established,0.4793315381870546,0.4558621701465002,150,0.5147183439181647,150,1.0,6.0,6.0,True,False,available_case: ranked on units where the metric is defined,24,51,MAXIMIZE,full,NONE (see review notes),0.5731686104685026,0.5564017815334268,0.41458463975256454
neighborhood_purity,Established,0.4774949952530538,0.4724946628784188,150,0.5143184798299681,150,1.0,7.0,7.0,True,False,available_case: ranked on units where the metric is defined,18,34,MAXIMIZE,decision,NONE (see review notes),0.5796826479548963,0.5503589950778315,0.4129137964571766
min_centroid_distance,Established,0.4758673086408677,0.4703041824344335,150,0.5031174929826111,150,1.0,8.0,8.0,True,False,available_case: ranked on units where the metric is defined,19,42,MAXIMIZE,decision,NONE (see review notes),0.5716232742858691,0.49726270911482234,0.4404664955471417
coggins_jain_index,Original,0.4712069767898479,0.5004852242199194,150,0.4985459792408389,150,1.0,9.0,9.0,True,False,available_case: ranked on units where the metric is defined,19,36,MAXIMIZE,decision,NONE (see review notes),0.5476377840193316,0.5243938424870853,0.42360631121609976
cvnn,Modern,0.4703858252787971,0.4764409947090802,148,0.4881457598460794,150,0.9866666666666668,10.0,12.0,False,True,available_case: ranked on units where the metric is defined,21,43,MINIMIZE,full,NONE (see review notes),0.5219335654183026,0.5034812781177597,0.4390224360021759
direction_entropy,New46,0.4604756408425291,0.4328124499233442,150,0.4894549547535686,150,1.0,11.0,11.0,True,False,available_case: ranked on units where the metric is defined,15,32,MAXIMIZE,full,NONE (see review notes),0.5449075784999946,0.5113365391287249,0.41212074663198645
blobness_log_dog,New46,0.4604358670962123,0.4154477093822609,149,0.493699355488413,150,0.9933333333333332,12.0,10.0,False,False,available_case: ranked on units where the metric is defined,26,42,MAXIMIZE,full,NONE (see review notes),0.5561753393490649,0.5221927442009782,0.4027299829151959
cluster_size_balance_entropy,Established,0.4545857121559766,0.4406033448719098,150,0.4699896320579603,150,1.0,13.0,16.0,True,False,available_case: ranked on units where the metric is defined,16,30,MAXIMIZE,decision,NONE (see review notes),0.4982140011212093,0.4836422662711105,0.4281126287815611
axial_symmetry,New46,0.4523147424200613,0.4250965531227141,150,0.4726070629305001,150,1.0,14.0,14.0,True,False,available_case: ranked on units where the metric is defined,20,37,MAXIMIZE,full,NONE (see review notes),0.4629672976177974,0.5662263780911689,0.38862751308253385
arc_circle_fit,New46,0.4484510648413993,0.432248768247906,150,0.4731783418807855,150,1.0,15.0,13.0,True,False,available_case: ranked on units where the metric is defined,17,37,MAXIMIZE,full,NONE (see review notes),0.5293640264123091,0.47752176317365597,0.41264923605639164
alpha_shape_compactness,New46,0.447452105426668,0.4282144046245365,149,0.4698543281760354,150,0.9933333333333332,16.0,17.0,False,False,available_case: ranked on units where the metric is defined,24,38,MAXIMIZE,full,NONE (see review notes),0.5210331708432847,0.47419230039409555,0.41433751329072604
contour_graph_connectivity,New46,0.4454120604933044,0.4350982567007456,149,0.4642247800848161,150,0.9933333333333332,17.0,19.0,False,False,available_case: ranked on units where the metric is defined,12,24,MAXIMIZE,full,NONE (see review notes),0.45215262083377733,0.5576871246295438,0.38283459479112725
ribbon_thickness,New46,0.4373780130191912,0.3936602379961684,150,0.4648749155361866,150,1.0,18.0,18.0,True,False,available_case: ranked on units where the metric is defined,21,34,MAXIMIZE,full,NONE (see review notes),0.5267713537895824,0.47064567880760677,0.39720771401137067
dunn_index,Original,0.4358919370633128,0.4282701056325282,150,0.4713155815962686,150,1.0,19.0,15.0,True,False,available_case: ranked on units where the metric is defined,5,17,MAXIMIZE,decision,NONE (see review notes),0.538986110083137,0.49824643762884985,0.3767141970768191
connected_components_count,New46,0.4307152070851974,0.4054988527340459,144,0.4487662573788835,150,0.96,20.0,23.0,False,False,available_case: ranked on units where the metric is defined,14,27,MAXIMIZE,full,NONE (see review notes),0.49395802074867995,0.4494759764762291,0.40286477491174155
parallel_bands,New46,0.4274872081756999,0.4110075830672762,150,0.4406583060401273,150,1.0,21.0,25.0,True,False,available_case: ranked on units where the metric is defined,12,21,MAXIMIZE,full,NONE (see review notes),0.42275574456365833,0.5202358971345289,0.3789832764221948
cop,Original,0.4252951375588165,0.4110837788974998,150,0.4605062032756025,150,1.0,22.0,20.0,True,False,available_case: ranked on units where the metric is defined,3,16,MINIMIZE,decision,NONE (see review notes),0.5190372961192724,0.5013831522080819,0.3610981614994532
radial_uniformity,New46,0.4250232996847032,0.3844479483921156,150,0.4290287805400487,150,1.0,23.0,28.0,True,False,available_case: ranked on units where the metric is defined,14,26,MAXIMIZE,full,NONE (see review notes),0.395856474258994,0.49802050936077363,0.3932093580003785
hough_line_strength,New46,0.4242901156606865,0.4021370334868518,150,0.45291824538611,150,1.0,24.0,22.0,True,False,available_case: ranked on units where the metric is defined,10,22,MAXIMIZE,full,NONE (see review notes),0.4908010578140485,0.5018311242541458,0.36612255409013567
ladderness,New46,0.4207750067666477,0.3700470917514488,150,0.4396877780016037,150,1.0,25.0,26.0,True,False,available_case: ranked on units where the metric is defined,12,26,MAXIMIZE,full,NONE (see review notes),0.4760813367314702,0.4536396109570343,0.38934238631630647
corner_junction_density,New46,0.420211026600114,0.3907512931437599,149,0.4143408979632769,150,0.9933333333333332,26.0,35.0,False,False,available_case: ranked on units where the metric is defined,17,29,MAXIMIZE,full,NONE (see review notes),0.39151573186934485,0.4285648750931473,0.42294208692733876
lbp_stationarity,New46,0.4183443412988822,0.3838407339435509,142,0.4162275825836308,150,0.9466666666666668,27.0,34.0,False,False,available_case: ranked on units where the metric is defined,14,24,MAXIMIZE,full,NONE (see review notes),0.36499448380930033,0.4974288953262919,0.3862593686153004
min_intercluster_distance,Established,0.4166217434657628,0.4090560777853974,150,0.4540449787243304,150,1.0,28.0,21.0,True,False,available_case: ranked on units where the metric is defined,6,14,MAXIMIZE,decision,NONE (see review notes),0.5269926859953409,0.4801418948964201,0.3550003552812304
curvature_consistency,New46,0.4145162413350749,0.3705205299705749,150,0.4268663701402893,150,1.0,29.0,30.0,True,False,available_case: ranked on units where the metric is defined,10,21,MAXIMIZE,full,NONE (see review notes),0.45168032615650916,0.4342827827495282,0.3946360015148307
gridness_2d,New46,0.4093256996574428,0.3920550723184695,150,0.4111668475416157,150,1.0,30.0,36.0,True,False,available_case: ranked on units where the metric is defined,11,23,MAXIMIZE,full,NONE (see review notes),0.40767728060250574,0.4238851783054587,0.40193808371688294
peak_to_background_hough,New46,0.407796338564131,0.3912063101268265,150,0.4437980553122115,150,1.0,31.0,24.0,True,False,available_case: ranked on units where the metric is defined,7,17,MAXIMIZE,full,NONE (see review notes),0.5391970839604449,0.4281600734499909,0.3640370085261989
hollow_score,New46,0.4066613018654881,0.3827813407846103,150,0.4352254952960445,150,1.0,32.0,27.0,True,False,available_case: ranked on units where the metric is defined,8,22,MAXIMIZE,full,NONE (see review notes),0.5096310880959475,0.4248941278137261,0.37115126997846004
convexity_ratio_image_based,New46,0.403208836584913,0.3862627150368445,150,0.4038587682345161,150,1.0,33.0,40.0,True,True,available_case: ranked on units where the metric is defined,8,19,MAXIMIZE,full,NONE (see review notes),0.3839995734245907,0.4384387431182538,0.38913798816070394
convexity_ratio,New46,0.4016936253020532,0.3864105321336754,150,0.4274558190671512,150,1.0,34.0,29.0,True,False,available_case: ranked on units where the metric is defined,8,16,MAXIMIZE,full,NONE (see review notes),0.5046426012986637,0.40185483917431564,0.37587001672847437
corner_sharpness,New46,0.4012771482473286,0.3707298232465053,150,0.4234507956376907,150,1.0,35.0,31.0,True,False,available_case: ranked on units where the metric is defined,5,11,MAXIMIZE,full,NONE (see review notes),0.4719643766264829,0.43036596246488057,0.3680220478217086
morphological_band_count,New46,0.4010267228472766,0.3707439209103828,149,0.4219978237481523,150,0.9933333333333332,36.0,32.0,False,False,available_case: ranked on units where the metric is defined,11,21,MAXIMIZE,full,NONE (see review notes),0.4283785637881981,0.4938159330046695,0.3437989744515895
fractal_dimension,New46,0.3992570944055777,0.3692476976517693,144,0.3991600858301893,150,0.96,37.0,46.0,False,False,available_case: ranked on units where the metric is defined,9,25,MAXIMIZE,full,NONE (see review notes),0.3789457264601528,0.43365248732219414,0.3848820437082211
ridge_strength,New46,0.3960507952379189,0.3644358073011229,149,0.4012406934240927,150,0.9933333333333332,38.0,43.0,False,False,available_case: ranked on units where the metric is defined,9,17,MAXIMIZE,full,NONE (see review notes),0.38722564901903617,0.4444572087623399,0.37203922249090193
polygonality,New46,0.394322558349953,0.3822554052569464,150,0.4194266240370023,150,1.0,39.0,33.0,True,False,available_case: ranked on units where the metric is defined,5,11,MAXIMIZE,full,NONE (see review notes),0.4601810928477096,0.4501465809083577,0.34795219835493985
calinski_harabasz,Original,0.3941714557871911,0.3520887733673805,150,0.4053228730224731,150,1.0,40.0,37.0,True,False,available_case: ranked on units where the metric is defined,9,18,MAXIMIZE,decision,NONE (see review notes),0.4011531123343617,0.45494870657742953,0.35986680015562794
periodicity_1d,New46,0.3895205454240257,0.3580321932011202,150,0.4043381997098031,150,1.0,41.0,39.0,True,False,available_case: ranked on units where the metric is defined,4,16,MAXIMIZE,full,NONE (see review notes),0.4184303564418818,0.4385649245494353,0.3560193181380923
hough_arc_circle_strength,New46,0.3891756543451483,0.3532908002189326,150,0.4002618901310601,150,1.0,42.0,45.0,True,True,available_case: ranked on units where the metric is defined,13,18,MAXIMIZE,full,NONE (see review notes),0.38811460893119915,0.46252378970742014,0.3501472717545613
glcm_haralick,New46,0.3880537646597656,0.3542060077688379,144,0.3986212801878571,150,0.96,43.0,47.0,False,False,available_case: ranked on units where the metric is defined,5,16,MAXIMIZE,full,NONE (see review notes),0.41840560861985565,0.41056114429153145,0.36689708765218415
dcsi,Modern,0.3863625455536554,0.3517336872975861,145,0.39861695152644,150,0.9666666666666668,44.0,48.0,False,True,available_case: ranked on units where the metric is defined,8,18,MAXIMIZE,full,NONE (see review notes),0.364098807093962,0.5097622822069545,0.3219897652784036
piecewise_linearity,New46,0.3863611240956099,0.3718949381267022,150,0.3914599971381818,150,1.0,45.0,50.0,True,False,available_case: ranked on units where the metric is defined,3,11,MAXIMIZE,full,NONE (see review notes),0.3687243383272844,0.4477978807656768,0.35785777232158417
cdbw,Modern,0.3829101586331676,0.3516407630243924,147,0.4035978100892312,150,0.98,46.0,41.0,False,True,available_case: ranked on units where the metric is defined,6,14,MAXIMIZE,full,NONE (see review notes),0.41585267789890557,0.4676476071853666,0.3272931451834213
euler_holes_count,New46,0.3803913767960268,0.3595121451743613,142,0.3975237476708534,150,0.9466666666666668,47.0,49.0,False,False,available_case: ranked on units where the metric is defined,11,15,MAXIMIZE,full,NONE (see review notes),0.4330381937784761,0.4129915582613742,0.3465414909727102
orientation_histogram_entropy,New46,0.379888702658102,0.3492834776026214,150,0.3730339636148996,150,1.0,48.0,54.0,True,False,available_case: ranked on units where the metric is defined,7,16,MAXIMIZE,full,NONE (see review notes),0.34998148186689065,0.38390820704167444,0.3852122019361339
parabolicity,New46,0.3798641098888723,0.3404649638815527,150,0.3886097899956459,150,1.0,49.0,51.0,True,False,available_case: ranked on units where the metric is defined,12,19,MAXIMIZE,full,NONE (see review notes),0.3749192257399984,0.44436254805005154,0.34654759619688774
edge_coherence,New46,0.379103173538112,0.353158887360294,150,0.3712489612718805,150,1.0,50.0,56.0,True,False,available_case: ranked on units where the metric is defined,6,15,MAXIMIZE,full,NONE (see review notes),0.3470230335693901,0.3801746434596284,0.3865492067866231
ellipse_fit_score,New46,0.378534315069299,0.3421211326209585,150,0.3821695681020895,150,1.0,51.0,52.0,True,False,available_case: ranked on units where the metric is defined,5,11,MAXIMIZE,full,NONE (see review notes),0.36342832660184526,0.4264256237286011,0.35665475397582214
rectangularity,New46,0.3757944385286768,0.3437817837067249,150,0.3631902739255512,150,1.0,52.0,60.0,True,False,available_case: ranked on units where the metric is defined,9,15,MAXIMIZE,full,NONE (see review notes),0.31629728693927506,0.39046292750674527,0.3828106073306335
connectivity_components,New46,0.373495271313932,0.3300291376193166,150,0.4005956174473701,150,1.0,53.0,44.0,True,False,available_case: ranked on units where the metric is defined,7,16,MAXIMIZE,full,NONE (see review notes),0.4346497216471706,0.44981724194553147,0.31731988874940836
thickness_uniformity,New46,0.3734727626630492,0.3486935947189554,150,0.3721926743948058,150,1.0,54.0,55.0,True,False,available_case: ranked on units where the metric is defined,12,18,MAXIMIZE,full,NONE (see review notes),0.35931074806599606,0.3880785235865621,0.36918875153185926
cluster_size_imbalance_entropy,Established,0.3732797178265474,0.3550080461917551,150,0.3800653581242407,150,1.0,55.0,53.0,True,False,available_case: ranked on units where the metric is defined,9,11,MAXIMIZE,decision,NONE (see review notes),0.3645474318892609,0.43123139395649057,0.3444172485269708
dbcv,Original,0.373236185643725,0.3416809733232484,149,0.4051123255445505,150,0.9933333333333332,56.0,38.0,False,False,available_case: ranked on units where the metric is defined,5,7,MAXIMIZE,decision,NONE (see review notes),0.4444037111245358,0.46599335026202165,0.30493991524709396
davies_bouldin,Original,0.3721844039745507,0.3469143373752011,150,0.4013610427381985,150,1.0,57.0,42.0,True,False,available_case: ranked on units where the metric is defined,5,7,MINIMIZE,decision,NONE (see review notes),0.4481991186170861,0.4379173769478717,0.31796663264963776
eccentricity_ratio,New46,0.3661400864366418,0.3300844676427269,150,0.3701381674399711,150,1.0,58.0,57.0,True,False,available_case: ranked on units where the metric is defined,5,14,MAXIMIZE,full,NONE (see review notes),0.36595654670472355,0.392270327871253,0.3521876277439368
line_straightness,New46,0.3647555267560292,0.3316628316466636,150,0.3692565936807843,150,1.0,59.0,58.0,True,False,available_case: ranked on units where the metric is defined,5,13,MAXIMIZE,full,NONE (see review notes),0.3659515532792262,0.3919073009631282,0.3499109267999984
skeleton_connectivity,New46,0.3640983994885072,0.3425925125687156,150,0.3647297463947112,150,1.0,60.0,59.0,True,False,available_case: ranked on units where the metric is defined,2,12,MAXIMIZE,full,NONE (see review notes),0.34299718323443024,0.40226445190825755,0.3489276040414459
turning_points_count,New46,0.3627302607063245,0.3395255551510136,150,0.3606403324975136,150,1.0,61.0,61.0,True,False,available_case: ranked on units where the metric is defined,7,12,MAXIMIZE,full,NONE (see review notes),0.3400984982397675,0.38578511011075395,0.35603738914201943
circularity_compactness,New46,0.3611224665079343,0.331052282671107,150,0.3531358483441242,150,1.0,62.0,65.0,True,False,available_case: ranked on units where the metric is defined,6,11,MAXIMIZE,full,NONE (see review notes),0.31915292940825857,0.377313570610484,0.3629410450136302
mst_smoothness,New46,0.3557265924290561,0.351645223732368,150,0.360395824227554,150,1.0,63.0,62.0,True,False,available_case: ranked on units where the metric is defined,3,5,MAXIMIZE,full,NONE (see review notes),0.35579077326402164,0.3857933365474834,0.3396033628711573
bimodality_anti_thickness,New46,0.3551814766613912,0.3380156810286419,150,0.3562499539197716,150,1.0,64.0,63.0,True,False,available_case: ranked on units where the metric is defined,5,10,MAXIMIZE,full,NONE (see review notes),0.3524782332141471,0.3664522614380125,0.3498193671071551
s_dbw,Established,0.3446186143407359,0.3245281910050034,149,0.3541927319531967,150,0.9933333333333332,65.0,64.0,False,False,available_case: ranked on units where the metric is defined,1,4,MINIMIZE,decision,NONE (see review notes),0.3294145103730094,0.4321609756960461,0.30100270979053456
avg_within_cluster_dispersion,Established,0.3383348333520485,0.3199180843989632,150,0.3441337674149885,150,1.0,66.0,66.0,True,False,available_case: ranked on units where the metric is defined,1,5,MINIMIZE,decision,NONE (see review notes),0.3321881647557568,0.38573410272197833,0.3144790347672305
symmetry_score,New46,0.3214479658766522,0.3273373711999966,144,0.3339198468107778,150,0.96,67.0,67.0,False,False,available_case: ranked on units where the metric is defined,4,6,MAXIMIZE,full,NONE (see review notes),0.3585488272464604,0.34580163377078327,0.2974090794150898
