method_id,datasets,dataset_success,bestview_ari_macro,bestview_ari_source_balanced,xy_2d_ari_macro,xy_2d_ari_source_balanced,arm_records,arm_success,arm_success_rate
IDB_ClustOpt_C5_PPv2_R,50,50,0.39896712199904855,0.5155881517332517,0.32841778082072964,0.40643363854489384,150,150,1.0
IDB_ClustOpt_C4_KNN_TOP10_RAW_R,50,50,0.39061865713313393,0.5203268308739258,0.31885187568441603,0.4147882795867945,150,150,1.0
IDB_AutoClust_A0_original_cvis,50,50,0.3536211144633334,0.46607092808403694,0.3205882075598873,0.4283463132278047,150,150,1.0
IDB_AutoClust_A2_original_plus_new46,50,50,0.34946125800188427,0.46781872661001495,0.3092421024875351,0.4089831203620584,150,150,1.0
IDB_ClustOpt_C3_MLP_TOP5_RAW_R,50,50,0.3488347159942083,0.46558511796066476,0.27187969679659035,0.37688711965293703,150,150,1.0
IDB_AutoClust_A3_extended_cvis,50,50,0.3315564854012704,0.44140112113638846,0.30578259756830045,0.41431287685855994,150,150,1.0
IDB_ML2DAC_M1_original_plus_established,50,50,0.32389067447515385,0.4223746782433486,0.22290110562633111,0.2520223572310045,150,150,1.0
IDB_ClustOpt_C2_PPv1_noR,50,50,0.3173904646644763,0.43100592709182745,0.2554316931694791,0.3283871120245642,150,150,1.0
IDB_ClustOpt_C0_MLP_TOP5_RAW_noR,50,50,0.31272202330565513,0.41415056627666025,0.2522830326267759,0.3377848628363245,150,150,1.0
IDB_AutoClust_A1_original_plus_established,50,50,0.3084945535431716,0.406316069568521,0.2496614820402313,0.34966684804475046,150,150,1.0
IDB_ClustOpt_C1_KNN_TOP10_RAW_noR,50,50,0.30761462837561576,0.42346924334163943,0.19482638616321313,0.24710572937781236,150,150,1.0
IDB_ML2DAC_M3_extended_cvis,50,50,0.30070627639911973,0.3932142803649161,0.18040887964064098,0.2096329706468739,150,150,1.0
IDB_ML2DAC_M0_original_cvis,50,50,0.28593310899360014,0.39493846470536226,0.14927372779622444,0.1940971831254461,150,150,1.0
IDB_ML2DAC_M2_original_plus_new46,50,50,0.27307114578832103,0.3545729082794562,0.14537317966724717,0.17580863007788092,150,150,1.0
