metric_id,utility_mean,utility_std,utility_min,utility_max,spread,metric_group,repaired
silhouette,0.5190185108065585,0.25568989460054875,0.0,0.9863472552271854,0.9863472552271854,Original,False
noise_aware_silhouette,0.5067259780531174,0.2422991947600367,0.0,0.9781404155072184,0.9781404155072184,Established,False
blobness_log_dog,0.47115213355934144,0.2405129317070623,0.0,0.9624834224408204,0.9624834224408204,New46,False
min_centroid_distance,0.49195927161256964,0.23818084577572246,0.0,0.9454453756044716,0.9454453756044716,Established,False
avg_pca_isotropy,0.4943572325556744,0.23362325586903362,0.0,0.9560827168453666,0.9560827168453666,Established,False
gridness_fft_acf,0.49316777268384415,0.2313031118449934,0.0,0.9490407491375208,0.9490407491375208,New46,False
neighborhood_purity_multi_k,0.5011263239962834,0.22618945206949995,0.0,0.9766844488118408,0.9766844488118408,Established,False
direction_entropy,0.4732579914195887,0.22122407702532706,0.0,0.9353115132095118,0.9353115132095118,New46,False
neighborhood_purity,0.49583067698649946,0.22089025164862847,0.0,0.9746824132804373,0.9746824132804373,Established,False
axial_symmetry,0.4627677209103778,0.22049078854881238,0.0,0.9498133702269852,0.9498133702269852,New46,False
coggins_jain_index,0.4843856126449877,0.21934972538235362,0.0,0.8958364152362166,0.8958364152362166,Original,False
cvdd,0.5623519235383537,0.2181882865528603,0.0,0.9129660885465306,0.9129660885465306,Modern,True
hough_line_strength,0.4365001896065345,0.21260923274456223,0.0,0.9394893766891026,0.9394893766891026,New46,False
arc_circle_fit,0.4606549540103116,0.21051988500004437,0.0,0.8831057379110862,0.8831057379110862,New46,False
alpha_shape_compactness,0.46294000475313757,0.209912293416312,0.0,0.9897530927234768,0.9897530927234768,New46,False
cvnn,0.4869977905391124,0.1941391082185809,0.0,0.909544406828304,0.909544406828304,Modern,True
morphological_band_count,0.4078229104324092,0.19393510069960634,0.0,0.8504809247083036,0.8504809247083036,New46,False
ladderness,0.43032373544782787,0.1929185208047954,0.0,0.9586273757536976,0.9586273757536976,New46,False
radial_uniformity,0.4352588227441487,0.1905219641390297,0.0,0.9623643786371714,0.9623643786371714,New46,False
connectivity_components,0.3775003414534092,0.19044443035040373,0.0,0.903332869422204,0.903332869422204,New46,False
hollow_score,0.4124780543271367,0.19039939823437357,0.0,0.8640324515669912,0.8640324515669912,New46,False
contour_graph_connectivity,0.45174036548460306,0.18845040075831498,0.0,0.9104673896318516,0.9104673896318516,New46,False
ribbon_thickness,0.45448057039805284,0.1880054056313902,0.0,0.9665350537270274,0.9665350537270274,New46,False
parabolicity,0.38427063191222943,0.18681570391094024,0.0,0.9219122091805326,0.9219122091805326,New46,False
lbp_stationarity,0.4240884089466897,0.18626136474100288,0.0,0.8847800216496209,0.8847800216496209,New46,False
min_intercluster_distance,0.42164120786835757,0.18392987718766568,0.0,0.9040489313282896,0.9040489313282896,Established,False
dunn_index,0.44887798232678117,0.1825783997838072,0.0,0.9216148307817956,0.9216148307817956,Original,False
connected_components_count,0.4360702247250422,0.18092556762072118,0.0,0.9104548447937432,0.9104548447937432,New46,False
peak_to_background_hough,0.41668140772427315,0.18061237379755016,0.0,0.8367794379901554,0.8367794379901554,New46,False
cop,0.43662860913587914,0.1805689598207673,0.0,0.8908532715557075,0.8908532715557075,Original,False
convexity_ratio,0.415821484380702,0.1790285981048884,0.0,0.9598212165124472,0.9598212165124472,New46,False
dcsi,0.3917406945472089,0.17746206211524448,0.0,0.8941693016673912,0.8941693016673912,Modern,True
calinski_harabasz,0.40424155010961477,0.17637926897993167,0.0,0.9214829872702262,0.9214829872702262,Original,False
polygonality,0.3989501830928041,0.17539413591367864,0.0,0.8427584812797698,0.8427584812797698,New46,False
curvature_consistency,0.42171608682250283,0.17320792877737773,0.0,0.9863812626147264,0.9863812626147264,New46,False
parallel_bands,0.4298892259553004,0.17162876912087754,0.0,0.9676454081886876,0.9676454081886876,New46,False
corner_junction_density,0.43140631942202945,0.17085948338508733,0.0,0.8580219522832235,0.8580219522832235,New46,False
davies_bouldin,0.3772348399157859,0.16875719233911013,0.0,0.887598432990794,0.887598432990794,Original,False
hough_arc_circle_strength,0.3738625402912106,0.16676220128027663,0.0,0.9258954292866162,0.9258954292866162,New46,True
cluster_size_balance_entropy,0.4635818511348551,0.16573081981919977,0.0,0.8861358648407499,0.8861358648407499,Established,False
rectangularity,0.37749640182112015,0.1653860914321998,0.0,0.930226243808441,0.930226243808441,New46,False
periodicity_1d,0.3955709970304906,0.16495627753474468,0.0,0.8917833019138982,0.8917833019138982,New46,False
convexity_ratio_image_based,0.382276502997104,0.16422463008154436,0.0,0.930226243808441,0.930226243808441,New46,True
cdbw,0.38710723225069105,0.16360871247536102,0.0,0.8770347869023907,0.8770347869023907,Modern,True
ridge_strength,0.40389946200210425,0.16270760398881032,0.0,0.8875098508812564,0.8875098508812564,New46,False
euler_holes_count,0.38412299953132056,0.16191702936625077,0.0,0.8484084770512398,0.8484084770512398,New46,False
corner_sharpness,0.40686724094091126,0.16163225280505714,0.0,0.8583045378502693,0.8583045378502693,New46,False
glcm_haralick,0.3982891177664746,0.16082128760557274,0.0,0.7973567943145856,0.7973567943145856,New46,False
dbcv,0.3794478552290135,0.15976246734052163,0.0,0.8522056269707836,0.8522056269707836,Original,False
eccentricity_ratio,0.3726637717935572,0.1594822692467894,0.0,0.939082730672734,0.939082730672734,New46,False
orientation_histogram_entropy,0.3859749359882842,0.15940794171473094,0.0,0.8777567062586231,0.8777567062586231,New46,False
fractal_dimension,0.4078884361219777,0.15914632343049634,0.0,0.8389831730872426,0.8389831730872426,New46,False
cluster_size_imbalance_entropy,0.3741263366449594,0.15844507843194847,0.0,0.7927955789875171,0.7927955789875171,Established,False
line_straightness,0.37080863331758823,0.15843521186559534,0.0,0.937512297460584,0.937512297460584,New46,False
edge_coherence,0.3854916052574966,0.15659032177095333,0.0,0.8910888725659465,0.8910888725659465,New46,False
gridness_2d,0.41289609294847796,0.14948734132941804,0.0,0.7744400588865821,0.7744400588865821,New46,False
circularity_compactness,0.36757882866601793,0.1478114638789043,0.0,0.9355767300884084,0.9355767300884084,New46,False
s_dbw,0.348860895658088,0.14772978563742237,0.0,0.9103037125222238,0.9103037125222238,Established,False
piecewise_linearity,0.3927257433277878,0.14731121676163855,0.0,0.7172877537129572,0.7172877537129572,New46,False
ellipse_fit_score,0.38303229460074883,0.14547253179476152,0.0,0.789802314218687,0.789802314218687,New46,False
symmetry_score,0.3243436536512021,0.1430679780399201,0.0,0.7573266121764329,0.7573266121764329,New46,False
thickness_uniformity,0.3791226395907993,0.1423423048371363,0.0,0.8058150934382707,0.8058150934382707,New46,False
turning_points_count,0.3667430728550589,0.14148822737862182,0.0,0.8366821726931818,0.8366821726931818,New46,False
skeleton_connectivity,0.3723301312753712,0.13322265452120804,0.0,0.7840077071293544,0.7840077071293544,New46,False
bimodality_anti_thickness,0.35899054932564145,0.13062122374164153,0.0,0.8262194319278487,0.8262194319278487,New46,False
avg_within_cluster_dispersion,0.3433403563145039,0.12497745066358433,0.0,0.681567335609041,0.681567335609041,Established,False
mst_smoothness,0.3584985673344903,0.11958125709306767,0.0,0.7175386485375709,0.7175386485375709,New46,False
