metric,partition,head_group,registry_category,true_utility_mean,pred_utility_mean,prediction_mae,prediction_rmse,mean_true_rank,mean_pred_rank,mean_abs_rank_error,true_top5_rate,pred_top5_rate,oracle_selection_rate,pred_selection_rate,oracle_miss_count,oracle_miss_rate,false_positive_count,selection_recall,selection_precision,true_utility_when_missed,pred_utility_when_missed,underprediction_when_missed,true_rank_when_missed,pred_rank_when_missed,assoc_FO_minus_FP_ari_when_missed,miss_win,miss_loss,opportunity_score
silhouette,HEAD_14,classic_cvi,core_cvi,0.668985185353102,0.663208688119953,0.08834574547944579,0.12012160114003978,14.766192733017377,12.58388625592417,7.234439178515008,0.3605055292259084,0.48404423380726697,0.36018957345971564,0.48404423380726697,226,0.07140600315955767,618,0.8017543859649123,0.5966057441253264,0.7777199598950154,0.597984225612826,0.1797357342821893,3.230088495575221,14.849557522123893,0.05351825057709131,147,36,0.0038215243698017805
noise_aware_silhouette,HEAD_14,classic_cvi,core_cvi,0.669344547539172,0.6624566896266847,0.0821461056736854,0.11208067729238803,14.313112164296998,12.126382306477094,6.777567140600316,0.31911532385466035,0.4154818325434439,0.3194312796208531,0.4154818325434439,326,0.10300157977883097,630,0.6775469831849654,0.5209125475285171,0.7959778652095334,0.6750200106962326,0.12095785451330071,3.1779141104294477,10.94478527607362,0.030302945109700826,170,48,0.003121251218250385
calinski_harabasz,HEAD_14,classic_cvi,core_cvi,0.5277766426926975,0.5340936048288858,0.0709779676000174,0.094572103332225,23.518799368088466,21.34565560821485,7.160189573459716,0.10995260663507109,0.1570300157977883,0.10995260663507109,0.1570300157977883,90,0.02843601895734597,239,0.7413793103448276,0.5191146881287726,0.7652005790600749,0.6166682927144899,0.14853228634558507,3.6,13.088888888888889,0.03638762721924617,49,13,0.0010347192574193223
davies_bouldin,HEAD_14,classic_cvi,core_cvi,0.5448245929856986,0.5435847990720947,0.07578821569273655,0.09941691734263788,24.541548183254346,23.518799368088466,7.694470774091627,0.046445497630331754,0.027172195892575038,0.046445497630331754,0.027172195892575038,123,0.03886255924170616,62,0.16326530612244897,0.27906976744186046,0.8169016930850727,0.6692478147948661,0.14765387829020665,3.5203252032520327,13.024390243902438,0.02333764315776697,47,24,0.0009069605397805174
s_dbw,HEAD_14,classic_cvi,core_cvi,0.4906469067140848,0.4948840064695473,0.0669669558946088,0.08993183712378454,28.6129541864139,28.05687203791469,7.235387045813586,0.03222748815165877,0.022432859399684046,0.03222748815165877,0.022432859399684046,69,0.021800947867298578,38,0.3235294117647059,0.4647887323943662,0.7895753105821443,0.6534875525512557,0.13608775803088854,3.710144927536232,12.36231884057971,0.024657254304127883,25,10,0.0005375515156350154
dbcv,HEAD_14,classic_cvi,core_cvi,0.5123716748738223,0.5115728485122865,0.0746693225696605,0.09840965724134046,27.228120063191152,27.360189573459717,7.719431279620853,0.027488151658767772,0.014218009478672985,0.027488151658767772,0.014218009478672985,76,0.02401263823064771,34,0.12643678160919541,0.24444444444444444,0.7915252155721365,0.6373484781698177,0.15417673740231877,3.736842105263158,17.394736842105264,0.031011427848624592,29,11,0.000744666197944856
avg_within_cluster_dispersion,HEAD_14,classic_cvi,structure_base,0.4749388116442472,0.47967923479198843,0.06414210716789172,0.08668865715307246,28.932069510268562,28.064454976303317,7.011058451816746,0.02527646129541864,0.020537124802527645,0.025592417061611375,0.020537124802527645,68,0.021484992101105844,52,0.16049382716049382,0.2,0.7278887768641688,0.6185723427025711,0.10931643416159771,3.8823529411764706,12.205882352941176,0.007192492153469121,31,18,0.00015453063710454983
avg_pca_isotropy,HEAD_14,classic_cvi,structure_base,0.5212802375495761,0.5220872119845937,0.08747035131703931,0.11682121481602309,27.673617693522907,28.21864139020537,8.79526066350711,0.12385466034755134,0.10900473933649289,0.12385466034755134,0.10900473933649289,210,0.06635071090047394,163,0.4642857142857143,0.527536231884058,0.8209609578690168,0.6612793014163063,0.15968165645271057,2.914285714285714,14.566666666666666,0.03366353620631019,100,29,0.0022335995587125248
min_centroid_distance,HEAD_14,classic_cvi,structure_base,0.5974172646200823,0.5924090952952327,0.08728871245832265,0.11995891768151007,21.191153238546605,21.01864139020537,8.008846761453396,0.1990521327014218,0.24170616113744076,0.1990521327014218,0.24170616113744076,256,0.08088467614533965,391,0.5936507936507937,0.4888888888888889,0.822251914084647,0.6615479019237682,0.16070401216087882,3.24609375,12.91015625,0.030777270227079986,119,37,0.002489409534954969
min_intercluster_distance,HEAD_14,classic_cvi,structure_base,0.5657677791083503,0.5628519619104422,0.08292973633122495,0.1095193757406118,23.323222748815166,23.354186413902053,7.989889415481833,0.06824644549763033,0.025592417061611375,0.06824644549763033,0.025592417061611375,174,0.054976303317535544,39,0.19444444444444445,0.5185185185185185,0.7698772524781287,0.6250583413859894,0.14481891109213935,3.5229885057471266,14.695402298850574,0.023418593203441126,82,29,0.001287467683222356
cluster_size_balance_entropy,HEAD_14,classic_cvi,structure_base,0.6246493270975746,0.6200513543157969,0.08920321060601269,0.115119420057675,17.01642969984202,14.873301737756714,7.969352290679305,0.23317535545023696,0.255608214849921,0.23317535545023696,0.255608214849921,326,0.10300157977883097,397,0.5582655826558266,0.5092707045735476,0.7703963266703581,0.6399045040362452,0.13049182263411288,2.8496932515337425,12.340490797546012,0.04569847605660862,201,47,0.00470701522731577
cluster_size_imbalance_entropy,HEAD_14,classic_cvi,structure_base,0.31065932655417144,0.3185655535726939,0.05629990100302315,0.08271312865143382,48.3434439178515,50.83096366508689,6.98041074249605,0.012006319115323854,0.014533965244865719,0.012006319115323854,0.014533965244865719,30,0.009478672985781991,38,0.21052631578947367,0.17391304347826086,0.669051398787191,0.39815666526556015,0.27089473352163085,2.6666666666666665,37.766666666666666,0.03272260210820756,27,2,0.0003101668446275598
neighborhood_purity,HEAD_14,classic_cvi,structure_base,0.616359799727796,0.6131803835361113,0.08447031162483903,0.11574486269900329,19.11437598736177,18.31690363349131,7.402843601895735,0.23191153238546602,0.31216429699842024,0.23191153238546602,0.31216429699842024,221,0.06982622432859399,475,0.6989100817438693,0.5192307692307693,0.7947230318830438,0.6447541158123793,0.1499689160706645,3.67420814479638,12.945701357466064,0.03378418359016778,111,31,0.0023590219821254593
neighborhood_purity_multi_k,HEAD_14,classic_cvi,structure_base,0.6194927193159797,0.6168095426536849,0.08514285367338668,0.11703596691465963,18.682780410742495,17.89478672985782,7.579778830963665,0.27045813586097944,0.40821484992101104,0.27045813586097944,0.40821484992101104,152,0.04802527646129542,588,0.822429906542056,0.544891640866873,0.7730227907953126,0.5674756780070694,0.2055471127882431,3.5065789473684212,16.776315789473685,0.028924807367628175,94,36,0.0013891218704200578
convexity_ratio,NEW_46,geometry_shape,pattern_base,0.5666329767116663,0.5704177982010548,0.08615268054582192,0.11123585744918499,19.66571879936809,16.922906793048973,7.894154818325434,0.12701421800947868,0.134913112164297,0.12701421800947868,0.134913112164297,254,0.08025276461295419,279,0.3681592039800995,0.34660421545667447,0.7594298329033154,0.6169672006462502,0.14246263225706512,3.220472440944882,12.968503937007874,0.034042542937454005,141,45,0.0027320081851858824
alpha_shape_compactness,NEW_46,geometry_shape,pattern_base,0.5445825548138142,0.5489581174901311,0.10273513175259018,0.1297932892143494,23.456240126382305,21.74818325434439,9.467298578199053,0.11879936808846761,0.07930489731437598,0.11879936808846761,0.07930489731437598,278,0.08783570300157978,153,0.26063829787234044,0.3904382470119522,0.7584866173655248,0.5999953793428785,0.15849123802264636,3.0863309352517985,14.942446043165468,0.03610076055559109,145,46,0.0031709356822920455
eccentricity_ratio,NEW_46,geometry_shape,pattern_base,0.3941457277668076,0.4009675876577319,0.06654042649106003,0.09136013359102704,38.242022116903634,38.73206951026856,7.39431279620853,0.021800947867298578,0.02622432859399684,0.022116903633491312,0.02622432859399684,40,0.01263823064770932,53,0.42857142857142855,0.3614457831325301,0.7538384245398018,0.559790975227952,0.1940474493118498,3.8,18.675,0.02964757282534559,19,4,0.00037469286351147666
circularity_compactness,NEW_46,geometry_shape,image_base,0.40286357798205535,0.4166592073360514,0.08172067644597393,0.10698536097675938,38.67614533965245,39.4913112164297,9.04391785150079,0.019273301737756713,0.012954186413902054,0.019273301737756713,0.012954186413902054,52,0.016429699842022118,32,0.14754098360655737,0.21951219512195122,0.7743429853726607,0.5847309948160098,0.18961199055665084,3.3076923076923075,17.057692307692307,0.0158467544663031,18,6,0.00026035741935158337
ellipse_fit_score,NEW_46,geometry_shape,image_base,0.4012759019017352,0.4107392189109118,0.08171455908402873,0.11096213080649125,39.4129541864139,40.74439178515008,8.954186413902054,0.027172195892575038,0.011058451816745656,0.027172195892575038,0.011058451816745656,79,0.024960505529225907,28,0.08139534883720931,0.2,0.7457997602683523,0.5384374277878411,0.20736233248051109,3.2531645569620253,23.379746835443036,0.06045475217311381,48,13,0.0015089811758849892
rectangularity,NEW_46,geometry_shape,image_base,0.40103428489272597,0.4160498270255883,0.08566894793142922,0.11423799421143423,38.74470774091627,39.74881516587678,9.029383886255925,0.026856240126382307,0.009794628751974723,0.026856240126382307,0.009794628751974723,74,0.023380726698262244,20,0.12941176470588237,0.3548387096774194,0.7650263604708675,0.5508977245237376,0.2141286359471299,3.0675675675675675,21.175675675675677,0.06002450850894756,41,11,0.0014034166286452194
polygonality,NEW_46,geometry_shape,image_base,0.4374138666349642,0.44253617307115317,0.09878702362350923,0.12466102218266885,34.47045813586098,34.92006319115324,10.543127962085308,0.022116903633491312,0.001579778830963665,0.022116903633491312,0.001579778830963665,69,0.021800947867298578,4,0.014285714285714285,0.2,0.7682785645849121,0.5238128403822581,0.24446572420265397,3.536231884057971,24.73913043478261,0.05662583633012066,42,7,0.0012344969057751422
radial_uniformity,NEW_46,geometry_shape,pattern_base,0.4877895730197616,0.4951001366261999,0.0927881946301922,0.11834202812015918,28.053396524486573,26.47488151658768,9.395892575039495,0.08151658767772511,0.05181674565560822,0.08151658767772511,0.05181674565560822,195,0.061611374407582936,101,0.2441860465116279,0.38414634146341464,0.7670191389611897,0.5938185085088779,0.17320063045231182,2.953846153846154,15.805128205128206,0.05676578828907471,119,32,0.003497418235819769
convexity_solidity_image,NEW_46,geometry_shape,image_base,0.42365574880441303,0.434510120855406,0.09112651127888106,0.11744582306061303,35.69352290679305,36.375039494470776,9.835387045813587,0.0325434439178515,0.019589257503949447,0.0325434439178515,0.019589257503949447,79,0.024960505529225907,38,0.23300970873786409,0.3870967741935484,0.7562604201279592,0.5625542434333246,0.19370617669463466,3.367088607594937,20.379746835443036,0.05131301247463688,55,9,0.0012807987315944119
corner_sharpness,NEW_46,geometry_shape,pattern_base,0.4328797369033196,0.4429266469456008,0.08609933039408947,0.10925788800681453,33.76808846761453,34.448025276461294,9.533649289099525,0.01990521327014218,0.002843601895734597,0.01990521327014218,0.002843601895734597,60,0.018957345971563982,6,0.047619047619047616,0.3333333333333333,0.740535251287056,0.5433361083269119,0.19719914296014404,3.4166666666666665,22.3,0.02662863321834533,27,13,0.0005048082126700536
arc_circle_fit,NEW_46,curves_lines_arcs,pattern_base,0.45310170874695943,0.45867429891657113,0.08865449217935091,0.12190930939979788,33.3696682464455,34.54249605055292,9.232859399684044,0.05908372827804107,0.04296998420221169,0.059399684044233805,0.04296998420221169,119,0.03759873617693523,67,0.3670212765957447,0.5073529411764706,0.8218596043728028,0.6308005994357982,0.19105900493700456,2.907563025210084,18.51260504201681,0.040706504711421405,47,12,0.0015305131313299043
hough_circle_arc_strength,NEW_46,curves_lines_arcs,image_base,0.4118062616001525,0.4196643276001793,0.07746539987903432,0.1067006948333867,38.31184834123223,39.976935229067934,8.855608214849921,0.0306477093206951,0.011690363349131122,0.0306477093206951,0.011690363349131122,80,0.02527646129541864,20,0.17525773195876287,0.4594594594594595,0.7719210439078649,0.5609534291550518,0.21096761475281314,3.275,21.875,0.02007635931907697,34,15,0.0005074593192815664
hough_line_strength,NEW_46,curves_lines_arcs,image_base,0.47632784186502913,0.4784854257276273,0.08898122578483576,0.1187678899260799,31.567140600315955,32.45402843601896,8.720695102685625,0.046445497630331754,0.013902053712480253,0.046445497630331754,0.013902053712480253,129,0.04075829383886256,26,0.12244897959183673,0.4090909090909091,0.7820208229336774,0.6166471234818761,0.16537369945180116,3.503875968992248,16.07751937984496,0.026336659843958703,62,23,0.001073437320654241
line_straightness,NEW_46,curves_lines_arcs,pattern_base,0.39025938708759883,0.3968191120061453,0.06607651063992512,0.09060374440142263,38.98736176935229,39.725434439178514,7.342812006319115,0.017377567140600316,0.013586097946287519,0.017061611374407582,0.013586097946287519,35,0.011058451816745656,24,0.35185185185185186,0.4418604651162791,0.7537138893461378,0.5696789537157331,0.18403493563040466,3.7142857142857144,19.771428571428572,0.043433116386738024,17,2,0.0004803030248138486
parabolicity,NEW_46,curves_lines_arcs,pattern_base,0.3680561472689561,0.3771144444249441,0.07757537511188435,0.10631123052566124,42.42022116903634,43.99620853080569,9.01864139020537,0.035703001579778834,0.027172195892575038,0.03601895734597156,0.027172195892575038,84,0.026540284360189573,56,0.2631578947368421,0.3488372093023256,0.7983789331851571,0.5847101060762292,0.2136688271089279,2.880952380952381,19.535714285714285,0.052579389578369155,52,8,0.0013954719508951056
curvature_consistency,NEW_46,curves_lines_arcs,pattern_base,0.4491473819871991,0.45395651753950644,0.0833801745176827,0.11446040697934122,32.90647709320695,33.37061611374408,8.89699842022117,0.054976303317535544,0.054344391785150076,0.054976303317535544,0.054344391785150076,98,0.030963665086887835,96,0.4367816091954023,0.4418604651162791,0.7779574086903485,0.5639470222653175,0.21401038642503095,3.0510204081632653,22.081632653061224,0.0544995209574966,58,8,0.0016875049143237491
piecewise_linearity,NEW_46,curves_lines_arcs,pattern_base,0.395367423453806,0.3972831344293757,0.08787786434026967,0.11658779179786327,38.774723538704585,41.19336492890995,9.966824644549764,0.024644549763033177,0.0022116903633491313,0.024644549763033177,0.0022116903633491313,77,0.024328593996840443,6,0.01282051282051282,0.14285714285714285,0.7761563205652164,0.5111191309504695,0.265037189614747,2.948051948051948,27.038961038961038,0.03403953573617976,40,19,0.0008281340447664586
turning_points_count,NEW_46,curves_lines_arcs,pattern_base,0.316852789050691,0.3275820022981502,0.057512423951532006,0.08305274515763438,47.81484992101106,51.11437598736177,7.520695102685624,0.011374407582938388,0.008214849921011059,0.011058451816745656,0.008214849921011059,31,0.009794628751974723,22,0.11428571428571428,0.15384615384615385,0.716590316270305,0.49298464771239986,0.2236056685579051,2.935483870967742,25.096774193548388,0.05704912371019632,25,1,0.0005587749873668519
ribbon_thickness,NEW_46,curves_lines_arcs,pattern_base,0.48680756981192325,0.4924600395734465,0.07858739730233852,0.10458612895606521,26.73175355450237,25.895734597156398,7.471090047393365,0.12575039494470774,0.14218009478672985,0.12575039494470774,0.14218009478672985,185,0.05845181674565561,237,0.535175879396985,0.47333333333333333,0.7408689721891679,0.5784643754765794,0.1624045967125885,2.945945945945946,15.691891891891892,0.0423626367876039,132,26,0.002476173082371792
parallel_bands,NEW_46,curves_lines_arcs,pattern_base,0.505100008945598,0.5151640631529204,0.09063298167159353,0.11747440635216445,25.234439178515007,23.594628751974724,8.768404423380726,0.12480252764612954,0.11279620853080569,0.12480252764612954,0.11279620853080569,235,0.07424960505529225,197,0.4050632911392405,0.4481792717086835,0.7488751641030105,0.5800500286386369,0.1688251354643737,2.9063829787234043,16.19148936170213,0.0569593494889834,179,36,0.004229209203763381
ladderness,NEW_46,curves_lines_arcs,pattern_base,0.4370237357532478,0.44289097656476745,0.08551047402430097,0.11465606889304995,33.78988941548183,34.76808846761453,9.493206951026856,0.03949447077409163,0.022432859399684046,0.03949447077409163,0.022432859399684046,98,0.030963665086887835,44,0.216,0.38028169014084506,0.7802483162982099,0.5742469416285048,0.2060013746697051,2.989795918367347,19.214285714285715,0.040558890604522765,47,14,0.0012558519049741647
bimodality_anti_thickness,NEW_46,curves_lines_arcs,pattern_base,0.35579874312400206,0.36761998335049617,0.07246679550628261,0.09879154647293095,43.34186413902054,45.42085308056872,8.322906793048974,0.012322274881516588,0.00315955766192733,0.012322274881516588,0.00315955766192733,36,0.011374407582938388,7,0.07692307692307693,0.3,0.7450745441160618,0.5145243431131045,0.23055020100295723,3.1944444444444446,25.27777777777778,0.06628589082533681,18,4,0.0007539627392455372
blobness_log_dog,NEW_46,image_morphology,image_base,0.5217721612209644,0.5191948061023278,0.08376963712989376,0.11511143811758937,28.242338072669828,29.328593996840443,8.257819905213271,0.07740916271721959,0.03949447077409163,0.07740916271721959,0.03949447077409163,171,0.05402843601895735,51,0.3020408163265306,0.592,0.8302551640391252,0.6803278506499285,0.1499273133891967,3.4035087719298245,13.654970760233919,0.023415392272020975,68,13,0.0012650970232276734
connected_components_count,NEW_46,image_morphology,image_base,0.6048678768891923,0.6050592232371959,0.09956998997863399,0.1266024389409234,17.45118483412322,14.634123222748816,8.407582938388625,0.18420221169036335,0.19652448657187993,0.18704581358609795,0.19652448657187993,334,0.10552922590837283,364,0.4358108108108108,0.41479099678456594,0.7647769990189999,0.60626222978452,0.15851476923447977,3.035928143712575,13.850299401197605,0.030087150882858824,174,59,0.003175073742456508
contour_graph_connectivity,NEW_46,image_morphology,image_base,0.5905766255948437,0.5904103421133842,0.1088382552500694,0.1375780019048004,18.549447077409162,15.744707740916272,9.034123222748816,0.17377567140600317,0.1513428120063191,0.17282780410742496,0.1513428120063191,344,0.10868878357030015,276,0.3711151736745887,0.42379958246346555,0.7797238861157058,0.6144279650044303,0.16529592111127547,2.9709302325581395,13.601744186046512,0.0274387287570218,177,64,0.0029822820513161134
corner_junction_density,NEW_46,image_morphology,image_base,0.5194741303223611,0.5290065054668446,0.08039625129556553,0.104586837204499,23.054028436018957,19.93522906793049,8.217061611374408,0.11121642969984202,0.17567140600315956,0.11121642969984202,0.17567140600315956,159,0.05023696682464455,363,0.5482954545454546,0.3471223021582734,0.7476220825911752,0.5790724820873272,0.168549600503848,3.2830188679245285,14.471698113207546,0.03116768371223726,88,32,0.0015657698926526775
edge_coherence,NEW_46,image_morphology,image_base,0.3693234728355423,0.37775483197793014,0.06726236372766482,0.09440749633557045,43.05150078988942,44.78104265402843,7.526698262243286,0.016113744075829384,0.0069510268562401265,0.016113744075829384,0.0069510268562401265,51,0.016113744075829384,22,0.0,0.0,0.7600992165689681,0.5669099907664692,0.1931892258024989,3.3333333333333335,20.235294117647058,0.029502742379641782,28,5,0.00047539964024067324
euler_holes_count,NEW_46,image_morphology,image_base,0.3534701095396153,0.3581887620037766,0.08725197673364112,0.12182895102387163,43.69036334913112,46.63570300157978,10.172511848341232,0.010110584518167456,0.001579778830963665,0.010110584518167456,0.001579778830963665,31,0.009794628751974723,4,0.03125,0.2,0.709108647217054,0.3836845616179128,0.32542408559914127,3.129032258064516,39.58064516129032,0.01926022580092558,20,3,0.0001886467613992711
morphological_band_count,NEW_46,image_morphology,image_base,0.5502291520056933,0.545153435796358,0.10526030854191132,0.13341069613719225,24.27266982622433,24.091627172195892,9.374091627172195,0.07045813586097946,0.004739336492890996,0.07045813586097946,0.004739336492890996,215,0.0679304897314376,7,0.03587443946188341,0.5333333333333333,0.7601613121171917,0.5926035339056059,0.16755777821158582,3.227906976744186,16.8,0.040094953651447086,123,27,0.002723669837302093
skeleton_connectivity,NEW_46,image_morphology,image_base,0.46006168212891047,0.4660841589831816,0.06527794283905798,0.08731800236318232,31.083096366508688,30.46255924170616,7.28783570300158,0.022116903633491312,0.03033175355450237,0.022116903633491312,0.03033175355450237,48,0.015165876777251185,74,0.3142857142857143,0.22916666666666666,0.755058918562383,0.6110496812810501,0.144009237281333,3.375,13.979166666666666,0.009332124109461791,19,10,0.00014152984431411246
thickness_uniformity,NEW_46,image_morphology,image_base,0.39303043572524965,0.4033026768462541,0.0753667995259061,0.1011399112992021,39.677725118483416,41.2698262243286,8.440758293838863,0.018325434439178515,0.011690363349131122,0.018325434439178515,0.011690363349131122,46,0.014533965244865719,25,0.20689655172413793,0.32432432432432434,0.7726385948060355,0.5495497545470363,0.2230888402589993,3.369565217391304,23.26086956521739,0.05117945437336729,24,7,0.000743840411113711
fractal_dimension,NEW_46,texture_frequency,image_base,0.46237101968135197,0.4692496869907277,0.07800365332508331,0.1022364581346462,30.584202211690364,30.30268562401264,8.672037914691943,0.03823064770932069,0.033491311216429696,0.03823064770932069,0.033491311216429696,87,0.027488151658767772,72,0.2809917355371901,0.32075471698113206,0.7425844299306618,0.5577902322870562,0.1847941976436056,3.689655172413793,19.379310344827587,0.021108762440238446,47,14,0.0005802408632861753
glcm_haralick,NEW_46,texture_frequency,image_base,0.5142847444228602,0.5190163630915667,0.07709160927244725,0.10254170335936795,24.062875197472355,21.633807266982622,7.8932069510268565,0.09573459715639811,0.15039494470774092,0.09573459715639811,0.15039494470774092,144,0.04549763033175355,317,0.5247524752475248,0.33403361344537813,0.7406191930465493,0.5833982166627215,0.15722097638382782,3.798611111111111,14.368055555555555,0.030852304524408077,84,24,0.0014037067461342063
gridness_2d,NEW_46,texture_frequency,pattern_base,0.3924201794831283,0.40751751397646624,0.09498833569245252,0.12293847091083845,39.05181674565561,40.039494470774095,10.4,0.02085308056872038,0.007582938388625593,0.02085308056872038,0.007582938388625593,63,0.01990521327014218,21,0.045454545454545456,0.125,0.7224233869784278,0.4593268838666734,0.26309650311175437,2.6507936507936507,28.92063492063492,0.049374802714509586,40,11,0.0009828159782035084
gridness_fft_acf,NEW_46,texture_frequency,image_base,0.6444973844219863,0.6427004220690961,0.09196447043642553,0.12205477957035887,15.946603475513427,13.631595576619274,7.487203791469194,0.3165876777251185,0.4382306477093207,0.3165876777251185,0.4382306477093207,224,0.0707740916271722,609,0.7764471057884231,0.5609228550829127,0.7987847551508577,0.6417319614972387,0.15705279365361896,3.049107142857143,12.258928571428571,0.038027401433796085,115,33,0.0026913547934187434
lbp_stationarity,NEW_46,texture_frequency,image_base,0.43371609440358444,0.4382457716958406,0.07219080063210943,0.09836746983034855,34.54249605055292,35.67109004739336,8.437914691943128,0.028751974723538704,0.007898894154818325,0.028751974723538704,0.007898894154818325,87,0.027488151658767772,21,0.04395604395604396,0.16,0.7275455843073785,0.5348664129945053,0.19267917131287315,3.206896551724138,21.344827586206897,0.016600340163399105,43,15,0.00045631266799864837
orientation_histogram_entropy,NEW_46,texture_frequency,image_base,0.36933607536966656,0.3772525912306697,0.06844865260823056,0.09578193047927593,43.17219589257504,44.93649289099526,7.718167456556082,0.01579778830963665,0.0072669826224328595,0.01579778830963665,0.0072669826224328595,49,0.015481832543443918,22,0.02,0.043478260869565216,0.7540825407753283,0.5813828268829657,0.17269971389236258,3.4285714285714284,19.20408163265306,0.03178747976597618,24,6,0.0004921284387149551
periodicity_1d,NEW_46,texture_frequency,pattern_base,0.44289277225988927,0.4510918989259673,0.0722692281647351,0.09549325091698811,33.31785150078989,33.65086887835703,8.223696682464455,0.04075829383886256,0.045813586097946286,0.04075829383886256,0.045813586097946286,84,0.026540284360189573,100,0.3488372093023256,0.3103448275862069,0.778203163462454,0.6398120735372815,0.13839108992517235,3.2023809523809526,13.607142857142858,0.03551702435174592,36,11,0.0009426319259231143
peak_to_background_hough,NEW_46,texture_frequency,image_base,0.4124062977020078,0.41231551165170205,0.08233616677174674,0.10992697157632178,37.196208530805684,39.081516587677726,9.145971563981043,0.010110584518167456,0.001263823064770932,0.010110584518167456,0.001263823064770932,32,0.010110584518167456,4,0.0,0.0,0.7366788172853003,0.49336785497143865,0.24331096231386162,3.25,28.15625,0.034231538695925955,15,6,0.00034610086517207917
ridge_strength,NEW_46,texture_frequency,image_base,0.45316720416908357,0.4638144146586293,0.08332570758710635,0.10756479735322547,31.767140600315955,31.1826224328594,9.491943127962085,0.0353870458135861,0.010110584518167456,0.0353870458135861,0.010110584518167456,100,0.0315955766192733,20,0.10714285714285714,0.375,0.7623768706582764,0.5870472320914268,0.17532963856684958,3.46,18.4,0.010258600171534033,49,20,0.0003241263877261938
connectivity_components,NEW_46,topology_connectivity_neighborhood,pattern_base,0.5915690384141423,0.5881138535307671,0.10050203010038557,0.13035773149239827,19.853712480252764,17.306161137440757,9.26350710900474,0.1962085308056872,0.16208530805687205,0.1943127962085308,0.16208530805687205,362,0.11437598736176935,260,0.4113821138211382,0.49317738791423,0.7693099126334433,0.6304419444493168,0.13886796818412656,2.9337016574585637,13.074585635359115,0.0384987603517361,202,60,0.004403333727433955
mst_smoothness,NEW_46,topology_connectivity_neighborhood,pattern_base,0.4408028209786275,0.44751377735657716,0.0776692948498246,0.0987329302066989,32.95829383886256,33.175039494470774,8.837282780410742,0.01579778830963665,0.0009478672985781991,0.01579778830963665,0.0009478672985781991,50,0.01579778830963665,3,0.0,0.0,0.6896366514124663,0.5107035902142525,0.1789330611982139,3.36,22.16,0.06733891243790051,33,7,0.0010638058836951107
hollow_score,NEW_46,topology_connectivity_neighborhood,pattern_base,0.4178693252507299,0.42640639485388193,0.0954086124734238,0.12872067990552524,37.69826224328594,38.725434439178514,10.176619273301737,0.05181674565560822,0.03380726698262243,0.05181674565560822,0.03380726698262243,116,0.03665086887835703,59,0.2926829268292683,0.4485981308411215,0.7765570547452806,0.5412358360300804,0.23532121871520023,2.853448275862069,26.103448275862068,0.05859810197585081,58,16,0.002147671352037502
direction_entropy,NEW_46,topology_connectivity_neighborhood,pattern_base,0.5321501856027803,0.5304705567457852,0.09309583214331327,0.12186842728179485,26.74818325434439,27.82085308056872,9.140284360189574,0.07488151658767772,0.009794628751974723,0.07488151658767772,0.009794628751974723,226,0.07140600315955767,20,0.046413502109704644,0.3548387096774194,0.8145460250572372,0.6726245443641612,0.141921480693076,3.5398230088495577,13.358407079646017,0.021971109767099335,95,23,0.0015688691334484832
axial_symmetry,NEW_46,topology_connectivity_neighborhood,pattern_base,0.5994922977628915,0.5975490825341965,0.10361241308432932,0.13060443264912852,18.835387045813587,17.029383886255925,8.885308056872038,0.19146919431279621,0.15165876777251186,0.19083728278041073,0.15165876777251186,363,0.11469194312796209,239,0.3990066225165563,0.5020833333333333,0.7708192989038789,0.6229669958681443,0.14785230303573466,2.961432506887052,14.016528925619834,0.05235233244000476,226,41,0.006004390734825191
symmetry_score,NEW_46,topology_connectivity_neighborhood,image_base,0.4280933971103453,0.43652424450263405,0.09785645736861674,0.12733247905206163,34.50110584518168,35.70742496050553,10.232543443917852,0.04454976303317536,0.008846761453396525,0.04454976303317536,0.008846761453396525,132,0.04170616113744076,19,0.06382978723404255,0.32142857142857145,0.7371879289196891,0.49163111287987593,0.24555681603981314,3.143939393939394,27.189393939393938,0.04194925438645406,89,14,0.0017495423630369468
