metric,view_id,fo,miss,dari
silhouette,x_only,509.0,74.0,2.8618629888711173
noise_aware_silhouette,x_only,319.0,133.0,1.625274209796884
calinski_harabasz,x_only,12.0,12.0,0.48257387752969605
davies_bouldin,x_only,24.0,21.0,0.07521399696467503
s_dbw,x_only,8.0,8.0,0.01806892223706968
dbcv,x_only,11.0,11.0,0.000983490278950155
avg_within_cluster_dispersion,x_only,11.0,11.0,0.02169725300633642
avg_pca_isotropy,x_only,131.0,81.0,2.2369115355177582
min_centroid_distance,x_only,257.0,95.0,0.6537948551155733
min_intercluster_distance,x_only,84.0,83.0,1.3031965737320583
cluster_size_balance_entropy,x_only,228.0,109.0,4.1512121800508925
cluster_size_imbalance_entropy,x_only,26.0,18.0,0.24448996408458185
neighborhood_purity,x_only,339.0,97.0,1.8710053190216416
neighborhood_purity_multi_k,x_only,397.0,57.0,0.5213817353474283
convexity_ratio,x_only,121.0,81.0,1.3541798965758145
alpha_shape_compactness,x_only,130.0,99.0,2.7881888722165553
eccentricity_ratio,x_only,8.0,8.0,0.04218325249249316
circularity_compactness,x_only,6.0,6.0,0.0013942351088083436
ellipse_fit_score,x_only,8.0,6.0,0.17225074451774453
rectangularity,x_only,8.0,8.0,0.013436674665072954
polygonality,x_only,9.0,9.0,0.26786210936812926
radial_uniformity,x_only,75.0,61.0,2.9997705044364307
convexity_solidity_image,x_only,13.0,13.0,0.11587599740308954
corner_sharpness,x_only,7.0,7.0,0.0981647868732379
arc_circle_fit,x_only,60.0,52.0,1.4550916636065725
hough_circle_arc_strength,x_only,23.0,23.0,0.5674162694551665
hough_line_strength,x_only,52.0,51.0,0.8125005226829318
line_straightness,x_only,5.0,4.0,0.0014700862004485746
parabolicity,x_only,35.0,32.0,1.2173871342872664
curvature_consistency,x_only,34.0,24.0,0.8249389427857708
piecewise_linearity,x_only,8.0,8.0,0.14259595960817517
turning_points_count,x_only,6.0,6.0,0.1544038889071221
ribbon_thickness,x_only,168.0,74.0,3.5084721328577526
parallel_bands,x_only,161.0,84.0,4.265369007262595
ladderness,x_only,37.0,35.0,0.12757319757037514
bimodality_anti_thickness,x_only,7.0,7.0,0.5121193584403465
blobness_log_dog,x_only,62.0,57.0,0.9363969743995785
connected_components_count,x_only,185.0,118.0,2.226323443563509
contour_graph_connectivity,x_only,185.0,102.0,1.8948243745678548
corner_junction_density,x_only,96.0,72.0,1.6275449536661022
edge_coherence,x_only,8.0,8.0,0.041504195817499985
euler_holes_count,x_only,14.0,13.0,0.029801757950550442
morphological_band_count,x_only,88.0,84.0,2.805256368682018
skeleton_connectivity,x_only,9.0,9.0,0.30411259643869787
thickness_uniformity,x_only,6.0,5.0,0.25522102006378206
fractal_dimension,x_only,34.0,29.0,0.10566020030251516
glcm_haralick,x_only,97.0,51.0,1.6387299927768681
gridness_2d,x_only,32.0,29.0,0.30658385152689666
gridness_fft_acf,x_only,356.0,93.0,2.446602488217076
lbp_stationarity,x_only,35.0,34.0,0.16814192940640071
orientation_histogram_entropy,x_only,8.0,7.0,0.0023250013953572
periodicity_1d,x_only,10.0,10.0,0.10024867587154056
peak_to_background_hough,x_only,9.0,9.0,-0.002646248442320269
ridge_strength,x_only,33.0,33.0,1.102203770295222
connectivity_components,x_only,174.0,120.0,2.33462113283356
mst_smoothness,x_only,11.0,11.0,0.17259023931503906
hollow_score,x_only,44.0,41.0,0.7962384907876159
direction_entropy,x_only,115.0,108.0,1.6967618821042065
axial_symmetry,x_only,267.0,153.0,5.058642955174768
symmetry_score,x_only,60.0,54.0,1.6870303765239618
silhouette,xy_2d,130.0,73.0,5.890754563282444
noise_aware_silhouette,xy_2d,247.0,66.0,6.1430272811651685
calinski_harabasz,xy_2d,307.0,52.0,2.6591657793290104
davies_bouldin,xy_2d,51.0,41.0,1.6077236445974812
s_dbw,xy_2d,92.0,59.0,1.683281624747754
dbcv,xy_2d,53.0,44.0,2.1554893040580274
avg_within_cluster_dispersion,xy_2d,65.0,52.0,0.30896694808908653
avg_pca_isotropy,xy_2d,153.0,68.0,3.333012340619586
min_centroid_distance,xy_2d,126.0,65.0,4.996476745318841
min_intercluster_distance,xy_2d,25.0,24.0,1.0489988101909629
cluster_size_balance_entropy,xy_2d,241.0,81.0,5.163797063987849
cluster_size_imbalance_entropy,xy_2d,9.0,9.0,0.7072994806547345
neighborhood_purity,xy_2d,123.0,38.0,3.4772445100329916
neighborhood_purity_multi_k,xy_2d,128.0,41.0,3.0211969557910803
convexity_ratio,xy_2d,119.0,66.0,2.662090843098844
alpha_shape_compactness,xy_2d,106.0,62.0,2.501397961158144
eccentricity_ratio,xy_2d,57.0,27.0,0.9043092445451525
circularity_compactness,xy_2d,50.0,41.0,0.5619936571778688
ellipse_fit_score,xy_2d,73.0,68.0,4.674315708625908
rectangularity,xy_2d,75.0,64.0,4.361679561644116
polygonality,xy_2d,59.0,58.0,3.3234975633736306
radial_uniformity,xy_2d,83.0,58.0,4.3714015493553635
convexity_solidity_image,xy_2d,81.0,57.0,2.961531477268546
corner_sharpness,xy_2d,52.0,49.0,1.3910921935593732
arc_circle_fit,xy_2d,84.0,38.0,3.0376601488972286
hough_circle_arc_strength,xy_2d,53.0,37.0,0.4232807715705672
hough_line_strength,xy_2d,55.0,39.0,1.7080749993231104
line_straightness,xy_2d,45.0,27.0,1.3792661316705601
parabolicity,xy_2d,54.0,30.0,2.200997400859177
curvature_consistency,xy_2d,127.0,64.0,4.526424309223734
piecewise_linearity,xy_2d,38.0,37.0,1.5692447085250099
turning_points_count,xy_2d,9.0,9.0,0.892373967150099
ribbon_thickness,xy_2d,75.0,32.0,1.7951745539237804
parallel_bands,xy_2d,53.0,45.0,4.345931231209191
ladderness,xy_2d,68.0,45.0,3.1503845355541533
bimodality_anti_thickness,xy_2d,23.0,21.0,1.530442488342548
blobness_log_dog,xy_2d,105.0,45.0,1.2945297777305582
connected_components_count,xy_2d,224.0,104.0,4.422266613456457
contour_graph_connectivity,xy_2d,165.0,112.0,4.055976846196935
corner_junction_density,xy_2d,183.0,43.0,1.8014522545910965
edge_coherence,xy_2d,41.0,41.0,1.397648166328667
euler_holes_count,xy_2d,13.0,13.0,0.5273187700797446
morphological_band_count,xy_2d,56.0,52.0,2.7487233850346433
skeleton_connectivity,xy_2d,57.0,35.0,-0.02743686752916276
thickness_uniformity,xy_2d,47.0,36.0,2.1927966917875485
fractal_dimension,xy_2d,62.0,34.0,1.2635330568129324
glcm_haralick,xy_2d,149.0,48.0,1.5062413941835606
gridness_2d,xy_2d,14.0,14.0,1.7619458099940557
gridness_fft_acf,xy_2d,222.0,54.0,3.91669585055236
lbp_stationarity,xy_2d,35.0,34.0,1.055845220056137
orientation_histogram_entropy,xy_2d,39.0,39.0,1.4324669402716825
periodicity_1d,xy_2d,114.0,69.0,2.630450609416077
peak_to_background_hough,xy_2d,13.0,13.0,0.845174952748405
ridge_strength,xy_2d,69.0,57.0,-0.21378078803975065
connectivity_components,xy_2d,197.0,97.0,6.621267282725409
mst_smoothness,xy_2d,37.0,37.0,2.954394075828842
hollow_score,xy_2d,95.0,51.0,4.475896741697957
direction_entropy,xy_2d,22.0,22.0,1.2290326267119098
axial_symmetry,xy_2d,98.0,86.0,8.369566698816918
symmetry_score,xy_2d,29.0,29.0,1.9024290304927767
silhouette,y_only,501.0,79.0,3.3425070782690733
noise_aware_silhouette,y_only,445.0,127.0,2.1104586148004194
calinski_harabasz,y_only,29.0,26.0,0.133146792873448
davies_bouldin,y_only,72.0,61.0,1.1875924668431808
s_dbw,y_only,2.0,2.0,0.0
dbcv,y_only,23.0,21.0,0.20039572215849247
avg_within_cluster_dispersion,y_only,5.0,5.0,0.1584252653404773
avg_pca_isotropy,y_only,108.0,61.0,1.4994187271877983
min_centroid_distance,y_only,247.0,96.0,2.228709577698063
min_intercluster_distance,y_only,107.0,67.0,1.7226398334757345
cluster_size_balance_entropy,y_only,269.0,136.0,5.582693950415668
cluster_size_imbalance_entropy,y_only,3.0,3.0,0.029888618506910547
neighborhood_purity,y_only,272.0,86.0,2.118054744372445
neighborhood_purity_multi_k,y_only,331.0,54.0,0.853992028740976
convexity_ratio,y_only,162.0,107.0,4.630535166438658
alpha_shape_compactness,y_only,140.0,117.0,4.7464246010796245
eccentricity_ratio,y_only,5.0,5.0,0.23941041597617807
circularity_compactness,y_only,5.0,5.0,0.26064333996108435
ellipse_fit_score,y_only,5.0,5.0,-0.07064103146766215
rectangularity,y_only,2.0,2.0,0.06669739335293169
polygonality,y_only,2.0,2.0,0.31582303403656564
radial_uniformity,y_only,100.0,76.0,3.698156662577779
convexity_solidity_image,y_only,9.0,9.0,0.9763205108246792
corner_sharpness,y_only,4.0,4.0,0.10846101266810909
arc_circle_fit,y_only,44.0,29.0,0.35132224815534496
hough_circle_arc_strength,y_only,21.0,20.0,0.6154117045004238
hough_line_strength,y_only,40.0,39.0,0.8768535978646289
line_straightness,y_only,4.0,4.0,0.13942285566482215
parabolicity,y_only,25.0,22.0,0.9982841894365652
curvature_consistency,y_only,13.0,10.0,-0.010410198174836294
piecewise_linearity,y_only,32.0,32.0,0.9092035835526555
turning_points_count,y_only,20.0,16.0,0.7217449789588647
ribbon_thickness,y_only,155.0,79.0,2.5334411189251886
parallel_bands,y_only,181.0,106.0,4.774146891439322
ladderness,y_only,20.0,18.0,0.6968135461187044
bimodality_anti_thickness,y_only,9.0,8.0,0.34373022292923067
blobness_log_dog,y_only,78.0,69.0,1.7731053263854495
connected_components_count,y_only,183.0,112.0,3.400518337854873
contour_graph_connectivity,y_only,197.0,130.0,3.488121471650709
corner_junction_density,y_only,73.0,44.0,1.526664501988524
edge_coherence,y_only,2.0,2.0,0.06548749921556396
euler_holes_count,y_only,5.0,5.0,0.039946471798398116
morphological_band_count,y_only,79.0,79.0,3.066435281344464
skeleton_connectivity,y_only,4.0,4.0,0.17126622834463087
thickness_uniformity,y_only,5.0,5.0,-0.09376281067643535
fractal_dimension,y_only,25.0,24.0,0.46726907518529703
glcm_haralick,y_only,57.0,45.0,1.2977604645543328
gridness_2d,y_only,20.0,20.0,1.0420829094931496
gridness_fft_acf,y_only,424.0,77.0,2.154839582400887
lbp_stationarity,y_only,21.0,19.0,0.22024244475318494
orientation_histogram_entropy,y_only,3.0,3.0,0.12279456686579326
periodicity_1d,y_only,5.0,5.0,0.2527307602590399
peak_to_background_hough,y_only,10.0,10.0,0.25288053396354554
ridge_strength,y_only,10.0,10.0,0.13743703489793108
connectivity_components,y_only,244.0,145.0,4.980662831769486
mst_smoothness,y_only,2.0,2.0,0.23996130675114385
hollow_score,y_only,25.0,24.0,1.5252445967131214
direction_entropy,y_only,100.0,96.0,2.039676298548331
axial_symmetry,y_only,239.0,124.0,5.575687021730055
symmetry_score,y_only,52.0,49.0,1.9478421719951995
