policy_id,utility_source,k_mode,weighting_mode,original_mean_bestview,reranked_mean_bestview,visited_oracle_mean_bestview,absolute_gain,gain_ci_lo,gain_ci_hi,recovery_aggregate,datasets_improved,datasets_unchanged,datasets_worsened
knn_top10_raw,knn,top10,RAW,0.5581028603027632,0.6160307817072919,0.6527899568273388,0.0579279214045286,0.0503305167809731,0.0662205703907068,0.6117826349178819,530,320,205
knn_top10_softmax_t05,knn,top10,SOFTMAX_T05,0.5648861362910828,0.6159390593968149,0.6541024474216293,0.0510529231057321,0.0434025136337893,0.0587349873120476,0.5722375478070211,517,325,213
knn_top1_raw,knn,top1,RAW,0.5430881528567679,0.6046946474221683,0.6551755968191094,0.0616064945654004,0.052915988248487,0.0698892123509517,0.5496288646398124,556,266,233
knn_top1_softmax_t05,knn,top1,SOFTMAX_T05,0.5425243353196756,0.607025276953371,0.6547808871136076,0.0645009416336954,0.0559891240517628,0.0732220579642029,0.5745850963968594,567,253,235
knn_top3_raw,knn,top3,RAW,0.5575736438864555,0.6112221930500272,0.6530965376796389,0.0536485491635716,0.0463022329436822,0.0615812783474166,0.5616302755622771,523,313,219
knn_top3_softmax_t05,knn,top3,SOFTMAX_T05,0.5680963114496257,0.6107611251701778,0.6547216853445229,0.0426648137205521,0.0353427594531283,0.0496275006291832,0.4925209762709643,491,323,241
knn_top5_raw,knn,top5,RAW,0.5712021569721357,0.6143099484749595,0.6545040814223043,0.0431077915028237,0.0365034026312619,0.0499307296336093,0.5174885428800737,513,322,220
knn_top5_softmax_t05,knn,top5,SOFTMAX_T05,0.569923169416261,0.6150017938193492,0.6541223052878204,0.0450786244030881,0.0384600148484642,0.0517710425995138,0.5353810812483019,503,328,224
knn_top_dynamic_predictK_raw,knn,dynamic,RAW,0.5702272317294318,0.6121202959525319,0.6557909181688828,0.0418930642231003,0.0350402690682571,0.0489884077936661,0.4896126612397151,505,307,243
knn_top_dynamic_predictK_softmax_t05,knn,dynamic,SOFTMAX_T05,0.5673037389362316,0.6136161883047206,0.654141731107426,0.0463124493684891,0.0392070875037831,0.0533299261446571,0.5333201310917874,511,316,228
regressor_top10_raw,mlp,top10,RAW,0.5756538097660092,0.6136781782382332,0.6510667720253498,0.038024368472224,0.0319299397789851,0.0442378428687033,0.5042152878368645,483,374,198
regressor_top10_softmax_t05,mlp,top10,SOFTMAX_T05,0.5746319504585341,0.6110068110522597,0.6512443727051643,0.0363748605937256,0.0304863362068184,0.0427230566807593,0.4747906348219602,472,356,227
regressor_top1_raw,mlp,top1,RAW,0.5557851924841604,0.6068968329502191,0.6527578106400567,0.0511116404660587,0.0433095434310599,0.0595455217770078,0.5270729143755822,511,298,246
regressor_top1_softmax_t05,mlp,top1,SOFTMAX_T05,0.5512954702711528,0.6066857623879413,0.650684088997246,0.0553902921167884,0.0476202881718259,0.0638727804433602,0.5573102114381884,510,317,228
regressor_top3_raw,mlp,top3,RAW,0.5739455636830043,0.6117658611895583,0.6531243154291183,0.0378202975065539,0.031003973690527,0.0448366013457045,0.4776571576655374,472,338,245
regressor_top3_softmax_t05,mlp,top3,SOFTMAX_T05,0.5736256026754508,0.6115378091306575,0.6515826749900951,0.0379122064552065,0.0314410435461143,0.0445040594470001,0.4863215783962272,481,349,225
regressor_top5_raw,mlp,top5,RAW,0.5784332192931801,0.6127697831091508,0.6526237455050038,0.0343365638159706,0.0283127769886265,0.0404314381436424,0.4628160166695035,472,349,234
regressor_top5_softmax_t05,mlp,top5,SOFTMAX_T05,0.5749189518062916,0.6133766831809051,0.6524213447872906,0.0384577313746134,0.0320901248995225,0.0450896726012315,0.4962134702607445,482,341,232
regressor_top_dynamic_predictK_raw,mlp,dynamic,RAW,0.5769945327606847,0.6094167922454892,0.6515016198997491,0.0324222594848045,0.026145457625905,0.0390334225015432,0.4351567176997495,459,360,236
regressor_top_dynamic_predictK_softmax_t05,mlp,dynamic,SOFTMAX_T05,0.5771111053049496,0.608438739338353,0.6510319987801179,0.0313276340334034,0.025051656011727,0.0378764358131908,0.4237994504750826,454,355,246
