group,n_datasets,spearman_util_sel_all,spearman_util_sel_Original,spearman_util_sel_Established,spearman_util_sel_New46
arcs_circles_rings,1584,0.8191063700544928,0.7999999999999999,0.8424242424242423,0.7977868700633904
deinterleaving_pri_toa_amp_like,1631,0.7262976558953909,0.3999999999999999,0.6969696969696969,0.7582367248091587
hollow_topological_components,1309,0.8432803581601538,0.7999999999999999,0.8909090909090909,0.8380145753241937
hybrid_mixed_geometry,1908,0.8818029024796868,0.7999999999999999,0.9393939393939392,0.860224168101505
ladder_grid_lattice,1251,0.8661914119975319,0.7999999999999999,0.9272727272727272,0.7779074524957236
linear_bands_parallel_stripes,1402,0.7545534114844813,0.3999999999999999,0.8060606060606059,0.7374467040062307
parabolic_curved_chains,1188,0.8620191891309021,0.3999999999999999,0.9636363636363636,0.8109883250148212
piecewise_polylines_corners,1309,0.8430359935346082,0.7999999999999999,0.8787878787878788,0.8072504016105438
polygons_rectangles_frames,1100,0.8406767643599564,0.7999999999999999,0.7939393939393938,0.8604802553616494
radial_spiral_meander,1194,0.7913117528700102,0.7999999999999999,0.8875420937728943,0.7563376177868201
standard_clustering_blobs,949,0.8527653893320117,0.7999999999999999,0.8909090909090909,0.8542592373817227
texture_density_fields,1188,0.8551399643371544,0.7999999999999999,0.8545454545454544,0.8524490610976994
