family_id,baseline_arm,baseline_label,n,c4_mean,baseline_mean,delta_endpoint,ci_lo,ci_hi,interval_excludes_zero,wins_eps,ties_eps,losses_eps,p_value,rank_biserial,c4_oracle,baseline_oracle,delta_oracle_steering,delta_selection
arcs_circles_rings,e1_best1,E1-BEST1 (dev best single index),116,0.7136526677368195,0.5922962523193233,0.12135641541749616,0.08713518752770905,0.1557876248647193,True,77,27,12,6.646041843032081e-11,0.7924297924297924,0.7920221407177942,0.7916434225770836,0.000378718140710667,0.12097769727678549
deinterleaving_pri_toa_amp_like,e1_best1,E1-BEST1 (dev best single index),102,0.35322793647102757,0.34288339381904004,0.010344542651987592,-0.006024474765151912,0.028127490651414212,False,39,33,30,0.39230196085478364,0.11368421052631579,0.44081238665578576,0.4393894279420765,0.00142295871370919,0.008921583938278403
hollow_topological_components,e1_best1,E1-BEST1 (dev best single index),91,0.7579245145598288,0.6389734472109336,0.11895106734889523,0.08811407403128534,0.15185259205284524,True,57,25,9,5.657722197227078e-10,0.8466353677621283,0.8095945457804126,0.8083784711737293,0.0012160746066834688,0.11773499274221176
hybrid_mixed_geometry,e1_best1,E1-BEST1 (dev best single index),125,0.5761926137394608,0.5416579446463251,0.034534669093135836,0.00735008001038362,0.06121334131978401,True,69,23,33,0.002327101540306188,0.3423180592991914,0.6958366127953434,0.6962308096978944,-0.0003941969025509844,0.03492886599568682
ladder_grid_lattice,e1_best1,E1-BEST1 (dev best single index),83,0.32958912076337166,0.2802963762452129,0.04929274451815873,0.026657796988917452,0.07224739740379507,True,54,9,20,3.013890763445326e-05,0.5581981981981982,0.42294351338622427,0.4229364413692901,7.0720169342617595e-06,0.04928567250122447
linear_bands_parallel_stripes,e1_best1,E1-BEST1 (dev best single index),98,0.32531006203152435,0.2812856448162375,0.04402441721528679,0.013810906684647756,0.07722324465799703,True,51,14,33,0.01137479158627483,0.3124346917450366,0.39338191203426043,0.3790925534970298,0.014289358537230554,0.029735058678056238
parabolic_curved_chains,e1_best1,E1-BEST1 (dev best single index),79,0.3381594502873982,0.2841079255690141,0.054051524718384106,0.02452047570774077,0.08585056801692979,True,47,10,22,7.463993628771368e-05,0.5335061088485746,0.4307413284272825,0.4302604808171649,0.00048084761011758564,0.05357067710826652
piecewise_polylines_corners,e1_best1,E1-BEST1 (dev best single index),91,0.757676702002554,0.6727277159203594,0.0849489860821947,0.04362899870289591,0.12662213310847098,True,54,22,15,4.141260985867236e-05,0.5637826961770623,0.8544577198845809,0.8544540519825793,3.6679020016915253e-06,0.084945318180193
polygons_rectangles_frames,e1_best1,E1-BEST1 (dev best single index),67,0.7729526349634701,0.668519555000651,0.10443307996281902,0.061313190984021354,0.15205108868527667,True,39,21,7,2.568754773335513e-06,0.7312925170068028,0.8246852988968092,0.8221230742702047,0.00256222462660479,0.10187085533621423
radial_spiral_meander,e1_best1,E1-BEST1 (dev best single index),73,0.6737470422029328,0.5950447110857104,0.07870233111722241,0.041963692895067975,0.1156311918016121,True,49,11,13,5.472357502420113e-06,0.6587301587301587,0.7430030648263962,0.7433161462250436,-0.0003130813986473591,0.07901541251586977
standard_clustering_blobs,e1_best1,E1-BEST1 (dev best single index),51,0.6621898284834553,0.5930860130614077,0.06910381542204767,0.02772211721654239,0.1129390918479917,True,28,7,16,0.004612030054886418,0.48282828282828283,0.785462099914837,0.7780664799034286,0.007395620011408363,0.06170819541063931
texture_density_fields,e1_best1,E1-BEST1 (dev best single index),79,0.5985478886508594,0.5746453934348735,0.02390249521598592,-0.009914119447132715,0.05796534297526346,False,39,10,30,0.11509383786301461,0.21517996870109546,0.7367648031851407,0.7349673381481621,0.0017974650369785687,0.022105030179007352
arcs_circles_rings,e1_core3,E1-CORE3 (static generalist core),116,0.7136526677368195,0.6463754772519936,0.06727719048482576,0.030458796542104736,0.1021864235053345,True,56,35,25,3.420310800198852e-05,0.5114942528735632,0.7920221407177942,0.7907282850719067,0.0012938556458875136,0.06598333483893826
deinterleaving_pri_toa_amp_like,e1_core3,E1-CORE3 (static generalist core),102,0.35322793647102757,0.3425661051885529,0.010661831282474742,-0.011621505792977094,0.03292867880890436,False,51,22,29,0.07000799012148996,0.226265389876881,0.44081238665578576,0.44217191271358797,-0.0013595260578022424,0.012021357340276984
hollow_topological_components,e1_core3,E1-CORE3 (static generalist core),91,0.7579245145598288,0.6549217412021738,0.103002773357655,0.07217551219089235,0.13471361213309277,True,52,27,12,4.22959364720568e-08,0.7647058823529411,0.8095945457804126,0.8095685727769915,2.5973003421106758e-05,0.10297680035423389
hybrid_mixed_geometry,e1_core3,E1-CORE3 (static generalist core),125,0.5761926137394608,0.5668691196435861,0.009323494095874789,-0.018985452283884218,0.03847444569861556,False,55,27,43,0.24604139844824624,0.1323053493241957,0.6958366127953434,0.6998414061031215,-0.0040047933077777586,0.013328287403652547
ladder_grid_lattice,e1_core3,E1-CORE3 (static generalist core),83,0.32958912076337166,0.33697391483468325,-0.007384794071311661,-0.022960995175801944,0.007044686015760532,False,33,20,30,0.8655731400766513,0.02397105382180009,0.42294351338622427,0.4260013438464217,-0.00305783046019739,-0.004326963611114271
linear_bands_parallel_stripes,e1_core3,E1-CORE3 (static generalist core),98,0.32531006203152435,0.284350824653913,0.04095923737761134,0.011240976392437832,0.0721216595809044,True,53,13,32,0.008265901518764239,0.32601880877742945,0.39338191203426043,0.3736609218515115,0.019720990182748893,0.021238247194862447
parabolic_curved_chains,e1_core3,E1-CORE3 (static generalist core),79,0.3381594502873982,0.3061767039477014,0.031982746339696846,0.006727643184681538,0.05766612733329835,True,41,16,22,0.006545836913797339,0.3793691389599318,0.4307413284272825,0.4298614922687783,0.0008798361585041741,0.031102910181192673
piecewise_polylines_corners,e1_core3,E1-CORE3 (static generalist core),91,0.757676702002554,0.7286667522811768,0.029009949721377288,-0.006626757663442853,0.06471489002413222,False,38,32,21,0.04292481474489162,0.3005464480874317,0.8544577198845809,0.8568995976383577,-0.0024418777537765627,0.03145182747515385
polygons_rectangles_frames,e1_core3,E1-CORE3 (static generalist core),67,0.7729526349634701,0.7225104085426928,0.05044222642077734,0.01885636028389907,0.08465846303563392,True,25,25,17,0.019024213499051257,0.39903381642512076,0.8246852988968092,0.8264746927097766,-0.0017893938129670906,0.05223162023374443
radial_spiral_meander,e1_core3,E1-CORE3 (static generalist core),73,0.6737470422029328,0.5974041232155136,0.07634291898741923,0.03998160717546621,0.11446450529232602,True,43,16,14,3.7478638535928006e-05,0.6120218579234973,0.7430030648263962,0.744705235101041,-0.0017021702746446916,0.07804508926206391
standard_clustering_blobs,e1_core3,E1-CORE3 (static generalist core),51,0.6621898284834553,0.6268557298143435,0.03533409866911193,-0.017685125661767956,0.09222467168305606,False,25,5,21,0.31273571098253683,0.17298797409805736,0.785462099914837,0.7826760390019231,0.0027860609129138772,0.03254803775619805
texture_density_fields,e1_core3,E1-CORE3 (static generalist core),79,0.5985478886508594,0.5901428470666398,0.008405041584219777,-0.02851727996200532,0.04382148805548199,False,36,12,31,0.35973687713488833,0.12595573440643862,0.7367648031851407,0.7373209561521229,-0.0005561529669822766,0.008961194551202053
arcs_circles_rings,e1_meanprof,E1-MEANPROF (dev mean profile),116,0.7136526677368195,0.6673131706047652,0.046339497132054146,0.014621261119715212,0.07576114962883432,True,49,48,19,6.202546752245088e-05,0.5394298407997038,0.7920221407177942,0.7894333402738146,0.0025888004439796036,0.04375069668807454
deinterleaving_pri_toa_amp_like,e1_meanprof,E1-MEANPROF (dev mean profile),102,0.35322793647102757,0.34340583591330703,0.009822100557720637,-0.013374537212564416,0.032994963331929764,False,39,33,30,0.24080896884864333,0.1528724440116845,0.44081238665578576,0.44162674022951187,-0.0008143535737261842,0.010636454131446822
hollow_topological_components,e1_meanprof,E1-MEANPROF (dev mean profile),91,0.7579245145598288,0.7044612211992395,0.05346329336058941,0.020403035758513606,0.08648592634386838,True,42,37,12,0.00023013250460304755,0.5514124293785311,0.8095945457804126,0.8101016627074343,-0.0005071169270217552,0.05397041028761116
hybrid_mixed_geometry,e1_meanprof,E1-MEANPROF (dev mean profile),125,0.5761926137394608,0.5796117116160213,-0.003419097876560418,-0.026952581508742107,0.020537528175499052,False,44,34,47,0.8670257925928266,-0.020102851799906497,0.6958366127953434,0.696107890289107,-0.00027127749376350496,-0.003147820382796913
ladder_grid_lattice,e1_meanprof,E1-MEANPROF (dev mean profile),83,0.32958912076337166,0.2949935596461816,0.034595561117190005,0.014040080636948166,0.05702774322629209,True,48,15,20,0.0005984738525911836,0.47203219315895373,0.42294351338622427,0.4266875614955521,-0.0037440481093278704,0.03833960922651788
linear_bands_parallel_stripes,e1_meanprof,E1-MEANPROF (dev mean profile),98,0.32531006203152435,0.27316701299557833,0.052143049035945986,0.02241701401640171,0.08498880810361571,True,55,14,29,0.003402584323448449,0.361546499477534,0.39338191203426043,0.3825697746877424,0.010812137346517939,0.04133091168942805
parabolic_curved_chains,e1_meanprof,E1-MEANPROF (dev mean profile),79,0.3381594502873982,0.3034440157139906,0.03471543457340765,0.009720942012954715,0.061446499002068694,True,42,17,20,0.003379611977940723,0.41818181818181815,0.4307413284272825,0.4295231537054447,0.0012181747218377912,0.03349725985156986
piecewise_polylines_corners,e1_meanprof,E1-MEANPROF (dev mean profile),91,0.757676702002554,0.7701427991661913,-0.012466097163637231,-0.04415087223135831,0.018163878468608324,False,32,33,26,0.8267347211847068,-0.0327683615819209,0.8544577198845809,0.8547776693185737,-0.00031994943399277405,-0.012146147729644457
polygons_rectangles_frames,e1_meanprof,E1-MEANPROF (dev mean profile),67,0.7729526349634701,0.7377225055893228,0.035230129374147205,0.005436397555744099,0.06545737131583897,True,30,29,8,0.002615498986415332,0.541025641025641,0.8246852988968092,0.8197472424659762,0.004938056430833174,0.03029207294331403
radial_spiral_meander,e1_meanprof,E1-MEANPROF (dev mean profile),73,0.6737470422029328,0.6515091239431301,0.022237918259802734,-0.0104278564512505,0.053542754404855335,False,32,23,18,0.03036694960820756,0.34841628959276016,0.7430030648263962,0.7430175554024468,-1.449057605052976e-05,0.022252408835853263
standard_clustering_blobs,e1_meanprof,E1-MEANPROF (dev mean profile),51,0.6621898284834553,0.6767420488869271,-0.014552220403471794,-0.0510099092413793,0.021400810349183542,False,20,9,22,0.4470738792665543,-0.13530655391120508,0.785462099914837,0.780129244897579,0.005332855017258001,-0.019885075420729793
texture_density_fields,e1_meanprof,E1-MEANPROF (dev mean profile),79,0.5985478886508594,0.6117178526664766,-0.013169964015617174,-0.044116547697540136,0.01602004135839201,False,30,21,28,0.9284583099937969,0.013220518244315178,0.7367648031851407,0.7357940148683574,0.0009707883167834639,-0.014140752332400638
arcs_circles_rings,e1_random,E1-RANDOM (no criterion),116,0.7136526677368195,0.6015461549566529,0.11210651278016649,0.07352879794139167,0.15270823555973312,True,65,26,25,6.301016211576221e-07,0.5825794235219861,0.7920221407177942,0.7954398367511102,-0.0034176960333160665,0.11552420881348256
deinterleaving_pri_toa_amp_like,e1_random,E1-RANDOM (no criterion),102,0.35322793647102757,0.28224434228930234,0.07098359418172535,0.03895282812024357,0.10536529308810814,True,62,9,31,5.1492247539749225e-05,0.4686868686868687,0.44081238665578576,0.4452128956444865,-0.004400508988700854,0.07538410317042621
hollow_topological_components,e1_random,E1-RANDOM (no criterion),91,0.7579245145598288,0.6438226633596636,0.11410185120016514,0.07850826273985974,0.1526072022440898,True,67,17,7,9.013623561819722e-10,0.8035298035298035,0.8095945457804126,0.8099364276690452,-0.0003418818886326055,0.11444373308879774
hybrid_mixed_geometry,e1_random,E1-RANDOM (no criterion),125,0.5761926137394608,0.5043510349991125,0.07184157874034847,0.035594618994413726,0.10870037960788584,True,72,12,41,0.0002466455766138909,0.39557589626239514,0.6958366127953434,0.7036403154456555,-0.007803702650312151,0.07964528139066061
ladder_grid_lattice,e1_random,E1-RANDOM (no criterion),83,0.32958912076337166,0.2587275003034735,0.07086162045989812,0.04015755854436401,0.10308392358336317,True,59,6,18,1.5178098665837204e-06,0.6227848101265823,0.42294351338622427,0.42408039065923014,-0.0011368772730057472,0.07199849773290387
linear_bands_parallel_stripes,e1_random,E1-RANDOM (no criterion),98,0.32531006203152435,0.23784776535949528,0.087462296672029,0.05077874100659801,0.12502688019609035,True,68,5,25,1.0540090648895134e-06,0.5679241393527108,0.39338191203426043,0.3792293912684007,0.014152520765859556,0.07330977590616944
parabolic_curved_chains,e1_random,E1-RANDOM (no criterion),79,0.3381594502873982,0.27774387791671556,0.06041557237068271,0.03155683954292959,0.09038357549237117,True,50,7,22,0.00030367855476673373,0.48324324324324325,0.4307413284272825,0.4375382845530788,-0.006796956125796311,0.06721252849647902
piecewise_polylines_corners,e1_random,E1-RANDOM (no criterion),91,0.757676702002554,0.6650334746915489,0.09264322731100512,0.054206805357283235,0.13137987567173415,True,52,19,20,3.206740727172216e-05,0.5639269406392694,0.8544577198845809,0.8594549734543339,-0.004997253569752878,0.097640480880758
polygons_rectangles_frames,e1_random,E1-RANDOM (no criterion),67,0.7729526349634701,0.6226389923992711,0.15031364256419885,0.09948110595848676,0.20451737254309185,True,36,15,16,1.4000395569607814e-05,0.6794612794612794,0.8246852988968092,0.8291058637117615,-0.004420564814952198,0.15473420737915106
radial_spiral_meander,e1_random,E1-RANDOM (no criterion),73,0.6737470422029328,0.5220731169686492,0.15167392523428358,0.10159069546736142,0.2045427772325882,True,48,11,14,4.930353003749998e-07,0.7230769230769231,0.7430030648263962,0.7487842026389598,-0.005781137812563581,0.15745506304684717
standard_clustering_blobs,e1_random,E1-RANDOM (no criterion),51,0.6621898284834553,0.5423879651175527,0.11980186336590262,0.06860839816700891,0.1737199554120788,True,33,3,15,0.0001689217587852454,0.6020408163265306,0.785462099914837,0.7855801130812532,-0.00011801316641639878,0.11991987653231902
texture_density_fields,e1_random,E1-RANDOM (no criterion),79,0.5985478886508594,0.5436450739268984,0.0549028147239612,0.006484192864555804,0.10613279382471177,True,48,4,27,0.046506187987833215,0.26456140350877194,0.7367648031851407,0.7394202483608697,-0.0026554451757289294,0.05755825989969013
arcs_circles_rings,stage1_full60_mlp_top5_raw_fixed50,"Stage-1 MLP top-5 (conditioned, reused)",116,0.7136526677368195,0.723556897615757,-0.00990422987893776,-0.035771660195020684,0.014182889664723853,False,29,54,33,0.5240230766361438,-0.09090909090909091,0.7920221407177942,0.7923948019373204,-0.0003726612195261573,-0.009531568659411602
deinterleaving_pri_toa_amp_like,stage1_full60_mlp_top5_raw_fixed50,"Stage-1 MLP top-5 (conditioned, reused)",102,0.35322793647102757,0.3577636540331832,-0.0045357175621554965,-0.02719302014962262,0.01739812402530446,False,35,26,41,0.5963326915784605,-0.06775067750677506,0.44081238665578576,0.4415472636095479,-0.0007348769537621638,-0.003800840608393333
hollow_topological_components,stage1_full60_mlp_top5_raw_fixed50,"Stage-1 MLP top-5 (conditioned, reused)",91,0.7579245145598288,0.7608751787164706,-0.0029506641566415894,-0.025466671320788167,0.016862933911943555,False,28,45,18,0.1721288052877128,0.23049645390070922,0.8095945457804126,0.8100288409918316,-0.00043429521141883086,-0.0025163689452227587
hybrid_mixed_geometry,stage1_full60_mlp_top5_raw_fixed50,"Stage-1 MLP top-5 (conditioned, reused)",125,0.5761926137394608,0.5986745886810285,-0.022481974941567638,-0.04718412291616289,0.0018328142886336516,False,33,39,53,0.06713391206525186,-0.2247191011235955,0.6958366127953434,0.6973783183618149,-0.0015417055664713037,-0.020940269375096333
ladder_grid_lattice,stage1_full60_mlp_top5_raw_fixed50,"Stage-1 MLP top-5 (conditioned, reused)",83,0.32958912076337166,0.3301547795124763,-0.0005656587491046702,-0.012651178452374902,0.010856133094993507,False,35,20,28,0.43389731484432326,0.11080958842152872,0.42294351338622427,0.42274407679264137,0.00019943659358291187,-0.0007650953426875821
linear_bands_parallel_stripes,stage1_full60_mlp_top5_raw_fixed50,"Stage-1 MLP top-5 (conditioned, reused)",98,0.32531006203152435,0.3317619969964717,-0.006451934964947403,-0.030015156214893233,0.015253733823253443,False,38,24,36,0.9922014894900851,0.0012658227848101266,0.39338191203426043,0.38621869513222323,0.007163216902037153,-0.013615151866984556
parabolic_curved_chains,stage1_full60_mlp_top5_raw_fixed50,"Stage-1 MLP top-5 (conditioned, reused)",79,0.3381594502873982,0.3463617996338557,-0.008202349346457466,-0.04033589349485673,0.020714447470622913,False,31,18,30,0.9352778138480253,-0.01141352063213345,0.4307413284272825,0.43234796681965504,-0.0016066383923725887,-0.006595710954084877
piecewise_polylines_corners,stage1_full60_mlp_top5_raw_fixed50,"Stage-1 MLP top-5 (conditioned, reused)",91,0.757676702002554,0.7728814476513519,-0.015204745648797908,-0.035878878318040985,0.0035991199741888667,False,28,37,26,0.5101002016776315,-0.10303030303030303,0.8544577198845809,0.855231784684331,-0.0007740647997502774,-0.01443068084904763
polygons_rectangles_frames,stage1_full60_mlp_top5_raw_fixed50,"Stage-1 MLP top-5 (conditioned, reused)",67,0.7729526349634701,0.7876631285336241,-0.014710493570153853,-0.0374458082946571,0.006338851380516235,False,12,36,19,0.17912400187924504,-0.2672268907563025,0.8246852988968092,0.8284399603517002,-0.003754661454890765,-0.010955832115263088
radial_spiral_meander,stage1_full60_mlp_top5_raw_fixed50,"Stage-1 MLP top-5 (conditioned, reused)",73,0.6737470422029328,0.6857354754970857,-0.01198843329415287,-0.034045666529730075,0.007856355721431322,False,25,26,22,0.6880091780960598,-0.06802721088435375,0.7430030648263962,0.7449029289725837,-0.0018998641461875011,-0.01008856914796537
standard_clustering_blobs,stage1_full60_mlp_top5_raw_fixed50,"Stage-1 MLP top-5 (conditioned, reused)",51,0.6621898284834553,0.7011130064690794,-0.038923177985624155,-0.07322285231076943,-0.004928694980454525,True,13,14,24,0.04289785515720723,-0.3765182186234818,0.785462099914837,0.7836487198727294,0.001813380042107428,-0.04073655802773158
texture_density_fields,stage1_full60_mlp_top5_raw_fixed50,"Stage-1 MLP top-5 (conditioned, reused)",79,0.5985478886508594,0.6205761805772391,-0.022028291926379458,-0.05251556010705735,0.004379621663945137,False,21,32,26,0.6107284163433058,-0.0803633822501747,0.7367648031851407,0.7383413845908643,-0.0015765814057236616,-0.020451710520655798
arcs_circles_rings,stage1_full60_oracle_top5_raw_fixed50,"Stage-1 ORACLE top-5 (ceiling, reused)",116,0.7136526677368195,0.720923523335343,-0.007270855598523735,-0.03694878830961033,0.020157946211424284,False,31,47,38,0.5516499268251456,-0.07963963963963964,0.7920221407177942,0.7894510806110953,0.0025710601066990736,-0.009841915705222809
deinterleaving_pri_toa_amp_like,stage1_full60_oracle_top5_raw_fixed50,"Stage-1 ORACLE top-5 (ceiling, reused)",102,0.35322793647102757,0.376109718853771,-0.02288178238274321,-0.0436076246940547,-0.0031157389967684463,True,29,24,49,0.011150867626521201,-0.3207114170969593,0.44081238665578576,0.43889548037112397,0.0019169062846618244,-0.024798688667405033
hollow_topological_components,stage1_full60_oracle_top5_raw_fixed50,"Stage-1 ORACLE top-5 (ceiling, reused)",91,0.7579245145598288,0.7638642086531156,-0.005939694093286868,-0.028137334558647285,0.016384487280435858,False,26,39,26,0.74678371893104,-0.050505050505050504,0.8095945457804126,0.81163857692364,-0.00204403114322735,-0.0038956629500595183
hybrid_mixed_geometry,stage1_full60_oracle_top5_raw_fixed50,"Stage-1 ORACLE top-5 (ceiling, reused)",125,0.5761926137394608,0.6315727958698658,-0.055380182130405006,-0.08071303703116615,-0.03016959450974356,True,25,32,68,2.5183586477415845e-06,-0.5561403508771929,0.6958366127953434,0.698209724687823,-0.0023731118924794057,-0.0530070702379256
ladder_grid_lattice,stage1_full60_oracle_top5_raw_fixed50,"Stage-1 ORACLE top-5 (ceiling, reused)",83,0.32958912076337166,0.3681055173603857,-0.03851639659701407,-0.06199218247594216,-0.017861092228711958,True,28,16,39,0.005105997667621142,-0.3851106639839034,0.42294351338622427,0.42509781361401355,-0.002154300227789278,-0.03636209636922479
linear_bands_parallel_stripes,stage1_full60_oracle_top5_raw_fixed50,"Stage-1 ORACLE top-5 (ceiling, reused)",98,0.32531006203152435,0.33997084340164224,-0.014660781370117936,-0.03953197030825956,0.008160356210022025,False,29,16,53,0.03358582084628177,-0.26383319967923013,0.39338191203426043,0.383860169172317,0.009521742861943346,-0.024182524232061284
parabolic_curved_chains,stage1_full60_oracle_top5_raw_fixed50,"Stage-1 ORACLE top-5 (ceiling, reused)",79,0.3381594502873982,0.3765699159097531,-0.03841046562235486,-0.06784138458847752,-0.014357569863271268,True,20,19,40,0.004387383826168359,-0.4096153846153846,0.4307413284272825,0.4322468055314291,-0.0015054771041466738,-0.036904988518208184
piecewise_polylines_corners,stage1_full60_oracle_top5_raw_fixed50,"Stage-1 ORACLE top-5 (ceiling, reused)",91,0.757676702002554,0.8127310433983648,-0.05505434139581078,-0.0860393077247836,-0.026678543278908853,True,17,37,37,0.0004956893757395169,-0.5350877192982456,0.8544577198845809,0.8587431107187189,-0.004285390834138234,-0.05076895056167255
polygons_rectangles_frames,stage1_full60_oracle_top5_raw_fixed50,"Stage-1 ORACLE top-5 (ceiling, reused)",67,0.7729526349634701,0.788807360194515,-0.015854725231045003,-0.044375854370282984,0.013702585916487443,False,12,32,23,0.0748431685497053,-0.33712660028449504,0.8246852988968092,0.8283037525473765,-0.00361845365056729,-0.012236271580477713
radial_spiral_meander,stage1_full60_oracle_top5_raw_fixed50,"Stage-1 ORACLE top-5 (ceiling, reused)",73,0.6737470422029328,0.6954003724705745,-0.02165333026764175,-0.04925534071192011,0.007282914172017699,False,20,19,34,0.008621841393960123,-0.39322033898305087,0.7430030648263962,0.7463388798898317,-0.003335815063435508,-0.01831751520420624
standard_clustering_blobs,stage1_full60_oracle_top5_raw_fixed50,"Stage-1 ORACLE top-5 (ceiling, reused)",51,0.6621898284834553,0.7171304062363603,-0.054940577752904805,-0.098774529453917,-0.008402338664118712,True,14,5,32,0.0035461551145203885,-0.4856614246068455,0.785462099914837,0.7845729496656545,0.0008891502491824849,-0.05582972800208729
texture_density_fields,stage1_full60_oracle_top5_raw_fixed50,"Stage-1 ORACLE top-5 (ceiling, reused)",79,0.5985478886508594,0.6554013902830705,-0.056853501632211104,-0.09224482263750985,-0.022866540455604288,True,18,23,38,0.005105527830066576,-0.4192090395480226,0.7367648031851407,0.7369687163124635,-0.00020391312732277047,-0.05664958850488833
arcs_circles_rings,stage1_full60_uniform_fixed50,"E1-UNIF60 (uniform over FULL60, reused)",116,0.7136526677368195,0.4346982100441101,0.27895445769270927,0.22885071247058208,0.3295442308912545,True,96,7,13,3.4037027357772993e-16,0.8961506961506962,0.7920221407177942,0.7922466358561855,-0.0002244951383912393,0.2791789528311005
deinterleaving_pri_toa_amp_like,stage1_full60_uniform_fixed50,"E1-UNIF60 (uniform over FULL60, reused)",102,0.35322793647102757,0.09164063346569201,0.2615873030053356,0.22777080091753027,0.29793697707421557,True,100,0,2,7.04450053851656e-18,0.9824861983628402,0.44081238665578576,0.43292794080082686,0.00788444585495881,0.2537028571503768
hollow_topological_components,stage1_full60_uniform_fixed50,"E1-UNIF60 (uniform over FULL60, reused)",91,0.7579245145598288,0.5344745302764038,0.22344998428342505,0.16610738248371446,0.2793349822628377,True,69,9,13,1.0755839313626737e-10,0.8207464002350867,0.8095945457804126,0.8118669028439713,-0.0022723570635587755,0.22572234134698382
hybrid_mixed_geometry,stage1_full60_uniform_fixed50,"E1-UNIF60 (uniform over FULL60, reused)",125,0.5761926137394608,0.38513065694222626,0.19106195679723456,0.1485842929266751,0.23622910028064106,True,93,11,21,5.100987797703312e-13,0.7794050343249428,0.6958366127953434,0.6943447508231079,0.0014918619722356981,0.18957009482499887
ladder_grid_lattice,stage1_full60_uniform_fixed50,"E1-UNIF60 (uniform over FULL60, reused)",83,0.32958912076337166,0.11851096418563366,0.21107815657773799,0.17388961097366995,0.24973411211203603,True,78,3,2,8.703523305178517e-15,0.9921710328214394,0.42294351338622427,0.4208245003959621,0.002119012990262295,0.2089591435874757
linear_bands_parallel_stripes,stage1_full60_uniform_fixed50,"E1-UNIF60 (uniform over FULL60, reused)",98,0.32531006203152435,0.09102134372391653,0.23428871830760775,0.1953439043655299,0.27666305342039166,True,94,1,3,7.273268059582083e-17,0.9755943614559226,0.39338191203426043,0.3748878147830153,0.018494097251245005,0.21579462105636274
parabolic_curved_chains,stage1_full60_uniform_fixed50,"E1-UNIF60 (uniform over FULL60, reused)",79,0.3381594502873982,0.08573182184170194,0.25242762844569633,0.20679762682498318,0.3009285518996426,True,77,1,1,2.383825037520866e-14,0.994157740993184,0.4307413284272825,0.4278526618945512,0.002888666532731282,0.24953896191296504
piecewise_polylines_corners,stage1_full60_uniform_fixed50,"E1-UNIF60 (uniform over FULL60, reused)",91,0.757676702002554,0.5500416835444865,0.20763501845806762,0.15061299311412274,0.2661144530422288,True,70,8,13,3.212863417504107e-09,0.7481353987378083,0.8544577198845809,0.8531306873397929,0.0013270325447879256,0.2063079859132797
polygons_rectangles_frames,stage1_full60_uniform_fixed50,"E1-UNIF60 (uniform over FULL60, reused)",67,0.7729526349634701,0.6010511810440314,0.17190145391943856,0.10738224535717625,0.23756295521883503,True,43,10,14,5.3995864920252124e-06,0.6926799758015729,0.8246852988968092,0.8280778403901656,-0.0033925414933561903,0.17529399541279475
radial_spiral_meander,stage1_full60_uniform_fixed50,"E1-UNIF60 (uniform over FULL60, reused)",73,0.6737470422029328,0.3925192755713235,0.2812277666316093,0.22309225333784144,0.34212294681013233,True,61,4,8,2.2823040402059853e-11,0.9131455399061033,0.7430030648263962,0.7366759899649211,0.006327074861475328,0.274900691770134
standard_clustering_blobs,stage1_full60_uniform_fixed50,"E1-UNIF60 (uniform over FULL60, reused)",51,0.6621898284834553,0.49040153732130987,0.1717882911621455,0.10205425285682013,0.24492552933478332,True,35,2,14,4.133498375580302e-05,0.6440816326530612,0.785462099914837,0.7810824939178638,0.004379605996973201,0.1674086851651723
texture_density_fields,stage1_full60_uniform_fixed50,"E1-UNIF60 (uniform over FULL60, reused)",79,0.5985478886508594,0.3964061251020052,0.20214176354885438,0.15307104550725162,0.25205096738303095,True,62,5,12,4.817061973755649e-10,0.8327927927927928,0.7367648031851407,0.7332710665206698,0.003493736664470991,0.19864802688438338
