baseline_arm,baseline_label,unit,is_mandatory,n,mean_a,mean_b,mean_delta,median_delta,ci_lo,ci_hi,wins_eps,ties_eps,losses_eps,p_value,rank_biserial
e1_best1,E1-BEST1 (dev best single index),bestview_endpoint,True,1055,0.565626493987412,0.5003801760629434,0.06524631792446872,0.010421455613693953,0.05535983186031831,0.07499495844970291,603,212,240,4.3141109640823745e-41,0.5251108606578961
e1_best1,E1-BEST1 (dev best single index),xy_endpoint,True,1055,0.49248697252382956,0.27958579318435106,0.21290117933947844,0.1133740707501078,0.19447148799723224,0.2318744327520172,775,127,153,2.277288542463733e-93,0.7734130567641774
e1_best1,E1-BEST1 (dev best single index),slate_oracle,True,1055,0.6546788566625137,0.6524440542073194,0.0022348024551943845,0.0,0.0006145962779133042,0.003989039622748007,189,712,154,0.0301920040206521,0.1273111887643759
e1_core3,E1-CORE3 (static generalist core),bestview_endpoint,True,1055,0.565626493987412,0.5282647315810581,0.03736176240635388,0.0,0.027786744610661773,0.046694089719607854,508,250,297,2.0176211788759063e-17,0.33745758434055917
e1_core3,E1-CORE3 (static generalist core),xy_endpoint,True,1055,0.49248697252382956,0.47243664112984163,0.02005033139398782,0.0,0.006778075401829755,0.03327029152646343,503,181,371,3.008065742984422e-06,0.180109292881032
e1_core3,E1-CORE3 (static generalist core),slate_oracle,True,1055,0.6546788566625137,0.653832090336299,0.0008467663262147348,0.0,-0.00119327958688974,0.002923365492791236,196,655,204,0.8998262162324776,-0.006871204857782039
e1_meanprof,E1-MEANPROF (dev mean profile),bestview_endpoint,True,1055,0.565626493987412,0.5441992337444456,0.021427260242966546,0.0,0.012748226383169296,0.029955596376980965,463,313,279,1.1218802153099035e-10,0.2670841976754573
e1_meanprof,E1-MEANPROF (dev mean profile),xy_endpoint,True,1055,0.49248697252382956,0.42197340034091757,0.0705135721829119,2.807567344109696e-05,0.05570729606000121,0.08522954974895129,518,288,249,5.445115160741036e-26,0.4335630142891149
e1_meanprof,E1-MEANPROF (dev mean profile),slate_oracle,True,1055,0.6546788566625137,0.6531323228397282,0.0015465338227855156,0.0,-8.94067164473923e-05,0.0033023582299981876,174,724,157,0.24013499311947817,0.07143736534318251
e1_random,E1-RANDOM (no criterion),bestview_endpoint,True,1055,0.565626493987412,0.4719253002867793,0.09370119370063286,0.0388938939066624,0.0817552817867775,0.1054425187509561,660,134,261,5.774277969902932e-49,0.5505571313698981
e1_random,E1-RANDOM (no criterion),xy_endpoint,True,1055,0.49248697252382956,0.39825177969382564,0.0942351928300038,0.035135531994135064,0.07801077868621191,0.11007485590572615,625,89,341,6.284420086443173e-29,0.40972107321955653
e1_random,E1-RANDOM (no criterion),slate_oracle,True,1055,0.6546788566625137,0.6570343086725101,-0.0023554520099963584,0.0,-0.0044669988776576824,-0.0001926344715049318,206,522,327,1.1976854654906674e-06,-0.22977835429473803
stage1_full60_mlp_top5_raw_fixed50,"Stage-1 MLP top-5 (conditioned, reused)",bestview_endpoint,False,1055,0.565626493987412,0.5779366586864856,-0.012310164699073497,0.0,-0.019402415775106152,-0.005309109029434898,328,371,356,0.05378478712571044,-0.08296347665279705
stage1_full60_mlp_top5_raw_fixed50,"Stage-1 MLP top-5 (conditioned, reused)",xy_endpoint,False,1055,0.49248697252382956,0.5180969366879561,-0.0256099641641265,0.0,-0.036685750644387345,-0.014691047079551359,315,363,377,0.000235897611241198,-0.1584024546627357
stage1_full60_mlp_top5_raw_fixed50,"Stage-1 MLP top-5 (conditioned, reused)",slate_oracle,False,1055,0.6546788566625137,0.6549172983648441,-0.0002384417023303772,0.0,-0.0018654250059855582,0.0014552421879762034,124,778,153,0.1359596199232531,-0.09557454890788224
stage1_full60_oracle_top5_raw_fixed50,"Stage-1 ORACLE top-5 (ceiling, reused)",bestview_endpoint,False,1055,0.565626493987412,0.5971475756164429,-0.03152108162903083,0.0,-0.03972336311031858,-0.023511805041968308,269,309,477,2.6373946442318465e-18,-0.3599708082466703
stage1_full60_oracle_top5_raw_fixed50,"Stage-1 ORACLE top-5 (ceiling, reused)",xy_endpoint,False,1055,0.49248697252382956,0.5387816830217992,-0.046294710497969585,0.0,-0.05952161161991035,-0.033424023085222646,294,274,487,3.29716439965066e-16,-0.3328974691859614
stage1_full60_oracle_top5_raw_fixed50,"Stage-1 ORACLE top-5 (ceiling, reused)",slate_oracle,False,1055,0.6546788566625137,0.654868592350969,-0.00018973568845520114,0.0,-0.0018840818222272812,0.0015714861514100503,150,729,176,0.20249933231606798,-0.07624895500014414
stage1_full60_uniform_fixed50,"E1-UNIF60 (uniform over FULL60, reused)",bestview_endpoint,True,1055,0.565626493987412,0.3387534205924593,0.22687307339495288,0.19300128503045386,0.21207219267081823,0.24195790230066164,878,61,116,6.812606295268529e-127,0.8756512023045089
stage1_full60_uniform_fixed50,"E1-UNIF60 (uniform over FULL60, reused)",xy_endpoint,True,1055,0.49248697252382956,0.3059383795119549,0.1865485930118746,0.0991212931336573,0.16917653040769612,0.2039131670758495,753,121,181,4.3086759732568925e-86,0.7400335280487172
stage1_full60_uniform_fixed50,"E1-UNIF60 (uniform over FULL60, reused)",slate_oracle,True,1055,0.6546788566625137,0.651049400919817,0.003629455742696642,0.0,0.0017431519602763845,0.005600237448926094,229,668,158,0.0007115375101094537,0.18838828036475477
