variant,family_id,n_records,spearman_util_sel_all,spearman_util_sel_New46,true_top1_hit,true_top5_recall,new46_true_top5_recall,core_share_of_selection_slots,new46_share_of_selection_slots
MLP / top-5  / splits 2-16 / VIEW level [= source of the manuscript's rho = 0.828 / 0.809 and the core/New46 selection shares],arcs_circles_rings,4752,0.8192011134737314,0.7980264441076124,0.6062710437710438,0.49701178451178457,0.41279541829781063,0.25896464646464645,0.5001683501683502
MLP / top-5  / splits 2-16 / VIEW level [= source of the manuscript's rho = 0.828 / 0.809 and the core/New46 selection shares],deinterleaving_pri_toa_amp_like,4893,0.7259288101473834,0.7573034542091315,0.4949928469241774,0.39844676067852036,0.3682185107863604,0.20126711628857552,0.6611894543225015
MLP / top-5  / splits 2-16 / VIEW level [= source of the manuscript's rho = 0.828 / 0.809 and the core/New46 selection shares],hollow_topological_components,3927,0.8432803581601538,0.8380145753241937,0.6381461675579323,0.5239623121976064,0.41798684210526316,0.2834733893557423,0.44787369493251844
MLP / top-5  / splits 2-16 / VIEW level [= source of the manuscript's rho = 0.828 / 0.809 and the core/New46 selection shares],hybrid_mixed_geometry,5724,0.8818029024796868,0.860224168101505,0.5543326345213138,0.4582110412299092,0.3873701690821256,0.25471698113207547,0.5335429769392034
MLP / top-5  / splits 2-16 / VIEW level [= source of the manuscript's rho = 0.828 / 0.809 and the core/New46 selection shares],ladder_grid_lattice,3753,0.8663109815882676,0.7772569407859424,0.565947242206235,0.47540634159339196,0.28746146435452796,0.35139888089528376,0.31644018118838263
MLP / top-5  / splits 2-16 / VIEW level [= source of the manuscript's rho = 0.828 / 0.809 and the core/New46 selection shares],linear_bands_parallel_stripes,4206,0.7543138184022836,0.7369793520311574,0.4869234427009035,0.3973846885401807,0.3174579124579125,0.19686162624821682,0.6265810746552544
MLP / top-5  / splits 2-16 / VIEW level [= source of the manuscript's rho = 0.828 / 0.809 and the core/New46 selection shares],parabolic_curved_chains,3564,0.8626230908245179,0.8119624857795147,0.5679012345679012,0.48322109988776657,0.2971506036423163,0.26784511784511783,0.37042648709315373
MLP / top-5  / splits 2-16 / VIEW level [= source of the manuscript's rho = 0.828 / 0.809 and the core/New46 selection shares],piecewise_polylines_corners,3927,0.8431706516409035,0.8076600438378407,0.5879806468041762,0.49630761395467277,0.3990946829182124,0.30073847720906544,0.4683982683982684
MLP / top-5  / splits 2-16 / VIEW level [= source of the manuscript's rho = 0.828 / 0.809 and the core/New46 selection shares],polygons_rectangles_frames,3300,0.8413009093130195,0.8604802553616494,0.6139393939393939,0.5026060606060606,0.40779811769572866,0.26836363636363636,0.4641818181818182
MLP / top-5  / splits 2-16 / VIEW level [= source of the manuscript's rho = 0.828 / 0.809 and the core/New46 selection shares],radial_spiral_meander,3582,0.7913117528700102,0.7563376177868201,0.628140703517588,0.5225572305974316,0.41659375911344415,0.3050809603573423,0.4393076493579006
MLP / top-5  / splits 2-16 / VIEW level [= source of the manuscript's rho = 0.828 / 0.809 and the core/New46 selection shares],standard_clustering_blobs,2847,0.8531404584931294,0.8547884304314347,0.667017913593256,0.547945205479452,0.43376099265148776,0.3291886195995785,0.4073761854583772
MLP / top-5  / splits 2-16 / VIEW level [= source of the manuscript's rho = 0.828 / 0.809 and the core/New46 selection shares],texture_density_fields,3564,0.8551399643371544,0.8524490610976994,0.5878226711560045,0.4751402918069585,0.39258070789576044,0.3031425364758698,0.4665544332210999
"MLP / top-5  / splits 2-16 / DATASET level [= source of the manuscript's top-1 72%, top-5 58%, New46 48%]",arcs_circles_rings,1584,0.7939964128150705,0.7030640132555176,0.7607323232323232,0.607449494949495,0.5189696572800698,0.3055555555555556,0.49835858585858583
"MLP / top-5  / splits 2-16 / DATASET level [= source of the manuscript's top-1 72%, top-5 58%, New46 48%]",deinterleaving_pri_toa_amp_like,1631,0.8791546601579434,0.87512098135569,0.627835683629675,0.48117719190680563,0.4659138435800921,0.23825873697118333,0.708522378908645
"MLP / top-5  / splits 2-16 / DATASET level [= source of the manuscript's top-1 72%, top-5 58%, New46 48%]",hollow_topological_components,1309,0.8099615019166306,0.7606214560784735,0.786096256684492,0.613598166539343,0.5132879273504274,0.33613445378151263,0.4585179526355997
"MLP / top-5  / splits 2-16 / DATASET level [= source of the manuscript's top-1 72%, top-5 58%, New46 48%]",hybrid_mixed_geometry,1908,0.8488322682027128,0.8099447556744094,0.6734800838574424,0.5564989517819707,0.4834618208516887,0.3268343815513627,0.5409853249475891
"MLP / top-5  / splits 2-16 / DATASET level [= source of the manuscript's top-1 72%, top-5 58%, New46 48%]",ladder_grid_lattice,1251,0.8303023129342317,0.7320855655039658,0.759392486011191,0.6007993605115907,0.4009045077105575,0.5031175059952039,0.2756195043964828
"MLP / top-5  / splits 2-16 / DATASET level [= source of the manuscript's top-1 72%, top-5 58%, New46 48%]",linear_bands_parallel_stripes,1402,0.8986496818521227,0.9049905166905283,0.5320970042796006,0.41041369472182604,0.3911572052401747,0.301283880171184,0.633095577746077
"MLP / top-5  / splits 2-16 / DATASET level [= source of the manuscript's top-1 72%, top-5 58%, New46 48%]",parabolic_curved_chains,1188,0.7926037165787627,0.7382846865934423,0.7542087542087542,0.6038720538720539,0.3026788924847177,0.39966329966329966,0.2356902356902357
"MLP / top-5  / splits 2-16 / DATASET level [= source of the manuscript's top-1 72%, top-5 58%, New46 48%]",piecewise_polylines_corners,1309,0.8185413746360923,0.7549135183692751,0.771581359816654,0.6106951871657754,0.5356576862123613,0.36134453781512604,0.46707410236822
"MLP / top-5  / splits 2-16 / DATASET level [= source of the manuscript's top-1 72%, top-5 58%, New46 48%]",polygons_rectangles_frames,1100,0.8225307217340985,0.8103019437304544,0.7363636363636363,0.5961818181818181,0.5142184557438794,0.3221818181818182,0.4761818181818182
"MLP / top-5  / splits 2-16 / DATASET level [= source of the manuscript's top-1 72%, top-5 58%, New46 48%]",radial_spiral_meander,1194,0.8056013582425824,0.7323781701838727,0.7621440536013401,0.6211055276381909,0.5122055359246173,0.3963149078726968,0.41072026800670014
"MLP / top-5  / splits 2-16 / DATASET level [= source of the manuscript's top-1 72%, top-5 58%, New46 48%]",standard_clustering_blobs,949,0.8017005346221787,0.7358555506231795,0.7881981032665965,0.6379346680716543,0.5550328227571116,0.43540569020021075,0.410958904109589
"MLP / top-5  / splits 2-16 / DATASET level [= source of the manuscript's top-1 72%, top-5 58%, New46 48%]",texture_density_fields,1188,0.8200754572341127,0.796863944007023,0.7390572390572391,0.5925925925925926,0.527927536231884,0.39090909090909093,0.482996632996633
MLP / top-10 / splits 2-16 / DATASET level,arcs_circles_rings,1584,0.9073140557104088,0.8584039747185076,0.8838383838383839,0.814141414141414,0.7634905042567126,0.1994949494949495,0.5456439393939394
MLP / top-10 / splits 2-16 / DATASET level,deinterleaving_pri_toa_amp_like,1631,0.9379811730059793,0.9196393363960814,0.8001226241569589,0.7001839362354384,0.6906629025512337,0.15469037400367872,0.6879828326180257
MLP / top-10 / splits 2-16 / DATASET level,hollow_topological_components,1309,0.939212854056091,0.8953937404651526,0.9274255156608098,0.8388082505729565,0.775494123931624,0.2215431627196333,0.5087089381207028
MLP / top-10 / splits 2-16 / DATASET level,hybrid_mixed_geometry,1908,0.9062753534947559,0.855511277566387,0.8674004192872118,0.789098532494759,0.7402441262848751,0.2199685534591195,0.5722222222222222
MLP / top-10 / splits 2-16 / DATASET level,ladder_grid_lattice,1251,0.8842517754559569,0.8096290493173004,0.9016786570743405,0.8212629896083135,0.6971381969157769,0.2859312549960032,0.40583533173461234
MLP / top-10 / splits 2-16 / DATASET level,linear_bands_parallel_stripes,1402,0.9434655717757435,0.9434895820455174,0.723965763195435,0.6329529243937232,0.6060407569141194,0.20777460770328102,0.6248216833095578
MLP / top-10 / splits 2-16 / DATASET level,parabolic_curved_chains,1188,0.9331123858092087,0.9104023727978916,0.9031986531986532,0.8297979797979798,0.6505933117583602,0.26136363636363635,0.38804713804713803
MLP / top-10 / splits 2-16 / DATASET level,piecewise_polylines_corners,1309,0.9243556832568932,0.8679714497063533,0.893048128342246,0.8215431627196332,0.7715795034337031,0.22467532467532467,0.5153552330022918
MLP / top-10 / splits 2-16 / DATASET level,polygons_rectangles_frames,1100,0.918390055731457,0.8902258566631395,0.9,0.8243636363636363,0.7702605147520402,0.22190909090909092,0.520090909090909
MLP / top-10 / splits 2-16 / DATASET level,radial_spiral_meander,1194,0.9177287894807703,0.8507311509425264,0.9020100502512562,0.835678391959799,0.7666813898704358,0.2464824120603015,0.483249581239531
MLP / top-10 / splits 2-16 / DATASET level,standard_clustering_blobs,949,0.9111992936552712,0.8551079275066567,0.9178082191780822,0.8545837723919916,0.7944201312910284,0.25321390937829297,0.4821917808219178
MLP / top-10 / splits 2-16 / DATASET level,texture_density_fields,1188,0.949868259840169,0.9223241572923541,0.8981481481481481,0.8181818181818182,0.7728260869565218,0.24242424242424243,0.5362794612794612
KNN / top-5  / splits 2-16 / DATASET level,arcs_circles_rings,1584,0.8514507679318201,0.7775523854927405,0.6849747474747475,0.5287878787878787,0.4393691333769919,0.3904040404040404,0.44747474747474747
KNN / top-5  / splits 2-16 / DATASET level,deinterleaving_pri_toa_amp_like,1631,0.8983788694085615,0.8825647017969293,0.6033108522378908,0.45652973635806254,0.44942492680886664,0.2632740649908032,0.7137952176578786
KNN / top-5  / splits 2-16 / DATASET level,hollow_topological_components,1309,0.8208416879400984,0.778575616607496,0.7142857142857143,0.5537051184110007,0.4452724358974359,0.4001527883880825,0.4261268143621085
KNN / top-5  / splits 2-16 / DATASET level,hybrid_mixed_geometry,1908,0.8174104321480204,0.7359507018639573,0.6168763102725366,0.49947589098532497,0.40871879588839943,0.35471698113207545,0.5204402515723271
KNN / top-5  / splits 2-16 / DATASET level,ladder_grid_lattice,1251,0.8225864931359281,0.7146558991035425,0.7202238209432454,0.5677058353317347,0.3761714116251483,0.5426059152677858,0.28281374900079936
KNN / top-5  / splits 2-16 / DATASET level,linear_bands_parallel_stripes,1402,0.8684146710630283,0.8483385604255628,0.47360912981455067,0.3634807417974323,0.336608442503639,0.3703281027104137,0.5796005706134094
KNN / top-5  / splits 2-16 / DATASET level,parabolic_curved_chains,1188,0.8144229634407247,0.763251781634339,0.7028619528619529,0.5803030303030303,0.2083423229054297,0.44966329966329965,0.1654882154882155
KNN / top-5  / splits 2-16 / DATASET level,piecewise_polylines_corners,1309,0.8271247538160993,0.7467829050540051,0.6959511077158136,0.547440794499618,0.4454965662968833,0.4218487394957983,0.41726508785332317
KNN / top-5  / splits 2-16 / DATASET level,polygons_rectangles_frames,1100,0.8405160877819257,0.7963288304012124,0.6590909090909091,0.5347272727272727,0.44160389202762085,0.3789090909090909,0.4578181818181818
KNN / top-5  / splits 2-16 / DATASET level,radial_spiral_meander,1194,0.8231476200850731,0.7575559729154157,0.7001675041876047,0.56750418760469,0.4694199057714959,0.45343383584589614,0.4030150753768844
KNN / top-5  / splits 2-16 / DATASET level,standard_clustering_blobs,949,0.7850379994522958,0.7308114236814135,0.7449947312961012,0.5932560590094836,0.4961159737417943,0.4737618545837724,0.38082191780821917
KNN / top-5  / splits 2-16 / DATASET level,texture_density_fields,1188,0.8350686943719773,0.7754028200253407,0.6851851851851852,0.5378787878787878,0.44800000000000006,0.4117845117845118,0.4602693602693603
"KNN / top-10 / splits 2-16 / VIEW level [DEPLOYED rule, manuscript population]",arcs_circles_rings,4752,0.9595687364878824,0.9439334725195809,0.680976430976431,0.6284932659932659,0.5372807017543859,0.21483585858585857,0.5014941077441077
"KNN / top-10 / splits 2-16 / VIEW level [DEPLOYED rule, manuscript population]",deinterleaving_pri_toa_amp_like,4893,0.9354117173967104,0.939074668471237,0.6321275291232373,0.5631310034743511,0.5172094641614474,0.1630083793173922,0.6321888412017167
"KNN / top-10 / splits 2-16 / VIEW level [DEPLOYED rule, manuscript population]",hollow_topological_components,3927,0.9605661306768513,0.9478809538393944,0.7517188693659282,0.6875477463712758,0.5914078947368422,0.21897122485357778,0.4886427298192004
"KNN / top-10 / splits 2-16 / VIEW level [DEPLOYED rule, manuscript population]",hybrid_mixed_geometry,5724,0.9542227595080299,0.9314634066179617,0.683088749126485,0.6213137665967854,0.5431038647342995,0.20054157931516423,0.5477288609364082
"KNN / top-10 / splits 2-16 / VIEW level [DEPLOYED rule, manuscript population]",ladder_grid_lattice,3753,0.9216939482383463,0.8599422198327075,0.7266187050359713,0.6605915267785771,0.48611271676300577,0.263709032773781,0.4303756994404476
"KNN / top-10 / splits 2-16 / VIEW level [DEPLOYED rule, manuscript population]",linear_bands_parallel_stripes,4206,0.9083482683325668,0.8951689635213249,0.6008083689966714,0.5370898716119828,0.44922979797979795,0.16806942463147884,0.6050166428911079
"KNN / top-10 / splits 2-16 / VIEW level [DEPLOYED rule, manuscript population]",parabolic_curved_chains,3564,0.9492364250215078,0.9125393139311343,0.7345679012345679,0.6758136924803592,0.5034121137712297,0.2318742985409652,0.4127665544332211
"KNN / top-10 / splits 2-16 / VIEW level [DEPLOYED rule, manuscript population]",piecewise_polylines_corners,3927,0.944228316842943,0.911756422929589,0.6900942195059843,0.6439011968423735,0.542766295707472,0.23147440794499619,0.4735421441303794
"KNN / top-10 / splits 2-16 / VIEW level [DEPLOYED rule, manuscript population]",polygons_rectangles_frames,3300,0.937920014244112,0.9157501035799551,0.7324242424242424,0.661090909090909,0.5711862653842176,0.2122121212121212,0.5049090909090909
"KNN / top-10 / splits 2-16 / VIEW level [DEPLOYED rule, manuscript population]",radial_spiral_meander,3582,0.9397151811490332,0.9010431439959699,0.7378559463986599,0.678391959798995,0.5783902012248469,0.22777777777777777,0.494751535455053
"KNN / top-10 / splits 2-16 / VIEW level [DEPLOYED rule, manuscript population]",standard_clustering_blobs,2847,0.9481889928863289,0.9205964340634096,0.7871443624868283,0.7166139796276781,0.6245873991085411,0.2301721109940288,0.4796628029504742
"KNN / top-10 / splits 2-16 / VIEW level [DEPLOYED rule, manuscript population]",texture_density_fields,3564,0.9382116927064076,0.9188012198994859,0.7146464646464646,0.6409652076318741,0.5513516141579152,0.21686307519640852,0.5153198653198653
"KNN / top-10 / splits 2-16 / DATASET level [DEPLOYED rule, manuscript population]",arcs_circles_rings,1584,0.9411818442402536,0.8984341317823618,0.8244949494949495,0.7310606060606061,0.6641344684566688,0.2503156565656566,0.49210858585858586
"KNN / top-10 / splits 2-16 / DATASET level [DEPLOYED rule, manuscript population]",deinterleaving_pri_toa_amp_like,1631,0.9516113551726615,0.9482469030592833,0.776824034334764,0.6630288166768854,0.6543182768716018,0.1641937461679951,0.6948497854077254
"KNN / top-10 / splits 2-16 / DATASET level [DEPLOYED rule, manuscript population]",hollow_topological_components,1309,0.9496815202089373,0.9120442547638397,0.8892284186401833,0.7839572192513369,0.7086538461538462,0.2519480519480519,0.4865546218487395
"KNN / top-10 / splits 2-16 / DATASET level [DEPLOYED rule, manuscript population]",hybrid_mixed_geometry,1908,0.9070524905429064,0.8574285194317607,0.8244234800838575,0.7490566037735849,0.6897485315712188,0.24433962264150944,0.5609538784067086
"KNN / top-10 / splits 2-16 / DATASET level [DEPLOYED rule, manuscript population]",ladder_grid_lattice,1251,0.9086790819136732,0.8578980551130326,0.8872901678657075,0.7931254996003197,0.6456405693950177,0.2928856914468425,0.41207034372502
"KNN / top-10 / splits 2-16 / DATASET level [DEPLOYED rule, manuscript population]",linear_bands_parallel_stripes,1402,0.93408318673213,0.9279194726072928,0.6647646219686163,0.5787446504992867,0.5384643377001456,0.23502139800285307,0.5800998573466476
"KNN / top-10 / splits 2-16 / DATASET level [DEPLOYED rule, manuscript population]",parabolic_curved_chains,1188,0.8917032471965541,0.8466559758921661,0.8821548821548821,0.810942760942761,0.5992268967997123,0.2803872053872054,0.3537037037037037
"KNN / top-10 / splits 2-16 / DATASET level [DEPLOYED rule, manuscript population]",piecewise_polylines_corners,1309,0.9154145767874625,0.856376260372077,0.8495034377387318,0.7628724216959512,0.6946513470681459,0.2618029029793736,0.47005347593582886
"KNN / top-10 / splits 2-16 / DATASET level [DEPLOYED rule, manuscript population]",polygons_rectangles_frames,1100,0.91435330823225,0.8877330875382071,0.86,0.7783636363636363,0.7157878217200251,0.24772727272727274,0.507090909090909
"KNN / top-10 / splits 2-16 / DATASET level [DEPLOYED rule, manuscript population]",radial_spiral_meander,1194,0.9291473915162959,0.897018361601964,0.8877721943048577,0.792462311557789,0.7120288574793875,0.2662479061976549,0.4779731993299832
"KNN / top-10 / splits 2-16 / DATASET level [DEPLOYED rule, manuscript population]",standard_clustering_blobs,949,0.9117924573788165,0.8556604171047414,0.9051633298208641,0.8164383561643836,0.7480123997082422,0.2742887249736565,0.46870389884088515
"KNN / top-10 / splits 2-16 / DATASET level [DEPLOYED rule, manuscript population]",texture_density_fields,1188,0.9208606434330181,0.8763808408606953,0.8653198653198653,0.7813131313131313,0.7197101449275362,0.259006734006734,0.5303030303030303
"KNN / top-10 / Split 1 / DATASET level [DEPLOYED rule, Split 1]",arcs_circles_rings,116,0.9147423795298945,0.8462754914833139,0.8362068965517241,0.7741379310344827,0.7,0.25775862068965516,0.4853448275862069
"KNN / top-10 / Split 1 / DATASET level [DEPLOYED rule, Split 1]",deinterleaving_pri_toa_amp_like,102,0.9162811523435078,0.9077861199644,0.8137254901960784,0.6784313725490195,0.6704081632653062,0.17745098039215687,0.6833333333333333
"KNN / top-10 / Split 1 / DATASET level [DEPLOYED rule, Split 1]",hollow_topological_components,91,0.917329944617781,0.8738268033526106,0.8681318681318682,0.8109890109890108,0.7766283524904214,0.25054945054945055,0.4846153846153846
"KNN / top-10 / Split 1 / DATASET level [DEPLOYED rule, Split 1]",hybrid_mixed_geometry,125,0.8678072814478265,0.785103715303662,0.872,0.7760000000000001,0.7186440677966103,0.2504,0.5456
"KNN / top-10 / Split 1 / DATASET level [DEPLOYED rule, Split 1]",ladder_grid_lattice,83,0.8521102103443805,0.7671433563619366,0.9036144578313253,0.8216867469879519,0.6578828828828829,0.29518072289156627,0.41927710843373495
"KNN / top-10 / Split 1 / DATASET level [DEPLOYED rule, Split 1]",linear_bands_parallel_stripes,98,0.8793755329468387,0.846118237509651,0.6836734693877551,0.5755102040816327,0.5042955326460481,0.23775510204081632,0.5561224489795918
"KNN / top-10 / Split 1 / DATASET level [DEPLOYED rule, Split 1]",parabolic_curved_chains,79,0.8336547511352701,0.8483490327964509,0.9367088607594937,0.8253164556962024,0.5844632768361582,0.27974683544303797,0.3569620253164557
"KNN / top-10 / Split 1 / DATASET level [DEPLOYED rule, Split 1]",piecewise_polylines_corners,91,0.9054632935746134,0.8583446565921184,0.8571428571428571,0.7648351648351648,0.6535185185185185,0.26483516483516484,0.4604395604395604
"KNN / top-10 / Split 1 / DATASET level [DEPLOYED rule, Split 1]",polygons_rectangles_frames,67,0.8760910602253926,0.8065150781044518,0.8805970149253731,0.8059701492537312,0.7727272727272727,0.24328358208955222,0.5059701492537313
"KNN / top-10 / Split 1 / DATASET level [DEPLOYED rule, Split 1]",radial_spiral_meander,73,0.9052696601829836,0.857413381245857,0.8767123287671232,0.7698630136986302,0.7133333333333334,0.26986301369863014,0.5027397260273972
"KNN / top-10 / Split 1 / DATASET level [DEPLOYED rule, Split 1]",standard_clustering_blobs,51,0.8715251463471457,0.8023590725726509,0.8627450980392157,0.8117647058823529,0.742483660130719,0.2803921568627451,0.46862745098039216
"KNN / top-10 / Split 1 / DATASET level [DEPLOYED rule, Split 1]",texture_density_fields,79,0.8908125715827918,0.8017109986708462,0.810126582278481,0.7670886075949366,0.6577922077922078,0.2569620253164557,0.5113924050632911
"KNN / top-10 / Split 1 / VIEW level [DEPLOYED rule, as selected]",arcs_circles_rings,348,0.9454618423125889,0.9061151565896147,0.6925287356321839,0.6442528735632184,0.5656249999999999,0.22155172413793103,0.5043103448275862
"KNN / top-10 / Split 1 / VIEW level [DEPLOYED rule, as selected]",deinterleaving_pri_toa_amp_like,306,0.9111560829180724,0.8878468852286582,0.6209150326797386,0.565359477124183,0.5020066889632108,0.16830065359477125,0.6183006535947713
"KNN / top-10 / Split 1 / VIEW level [DEPLOYED rule, as selected]",hollow_topological_components,273,0.953141975556963,0.9344135197014445,0.7765567765567766,0.7216117216117216,0.6407960199004976,0.2139194139194139,0.5014652014652015
"KNN / top-10 / Split 1 / VIEW level [DEPLOYED rule, as selected]",hybrid_mixed_geometry,375,0.954934815391118,0.9327318709407145,0.7066666666666667,0.6389333333333334,0.5600840336134454,0.2032,0.5466666666666666
"KNN / top-10 / Split 1 / VIEW level [DEPLOYED rule, as selected]",ladder_grid_lattice,249,0.8947241397449978,0.8226409802791288,0.7550200803212851,0.6441767068273092,0.4558189655172414,0.25903614457831325,0.44176706827309237
"KNN / top-10 / Split 1 / VIEW level [DEPLOYED rule, as selected]",linear_bands_parallel_stripes,294,0.9086791035042999,0.8994611054489208,0.6020408163265306,0.5476190476190477,0.48242753623188406,0.17653061224489797,0.604421768707483
"KNN / top-10 / Split 1 / VIEW level [DEPLOYED rule, as selected]",parabolic_curved_chains,237,0.9269155345447602,0.8774169177499098,0.7510548523206751,0.6962025316455697,0.5292452830188679,0.22869198312236286,0.3978902953586498
"KNN / top-10 / Split 1 / VIEW level [DEPLOYED rule, as selected]",piecewise_polylines_corners,273,0.9143903970275831,0.8521045066693199,0.684981684981685,0.6468864468864469,0.5418884664131813,0.2336996336996337,0.4593406593406593
"KNN / top-10 / Split 1 / VIEW level [DEPLOYED rule, as selected]",polygons_rectangles_frames,201,0.9422323540813712,0.9151390781377339,0.7960199004975125,0.6855721393034825,0.5932291666666667,0.21840796019900496,0.49651741293532337
"KNN / top-10 / Split 1 / VIEW level [DEPLOYED rule, as selected]",radial_spiral_meander,219,0.9270320735975386,0.8937748220769194,0.7168949771689498,0.664840182648402,0.5558176100628931,0.22100456621004566,0.49726027397260275
"KNN / top-10 / Split 1 / VIEW level [DEPLOYED rule, as selected]",standard_clustering_blobs,153,0.9364181803097475,0.8989958015421005,0.8169934640522876,0.7045751633986927,0.615990990990991,0.238562091503268,0.477124183006536
"KNN / top-10 / Split 1 / VIEW level [DEPLOYED rule, as selected]",texture_density_fields,237,0.9269189050179037,0.8750929800426619,0.6708860759493671,0.6345991561181433,0.5095132743362832,0.22658227848101264,0.4919831223628692
KNN / top-10 / Split 1 / VIEW level / ACTUAL deployed selections [C4 exactly as run],arcs_circles_rings,348,0.9454618423125889,0.9061151565896147,0.6925287356321839,0.6442528735632184,0.5656249999999999,0.22155172413793103,0.5043103448275862
KNN / top-10 / Split 1 / VIEW level / ACTUAL deployed selections [C4 exactly as run],deinterleaving_pri_toa_amp_like,306,0.9111560829180724,0.8878468852286582,0.6209150326797386,0.565359477124183,0.5020066889632108,0.16830065359477125,0.6183006535947713
KNN / top-10 / Split 1 / VIEW level / ACTUAL deployed selections [C4 exactly as run],hollow_topological_components,273,0.953141975556963,0.9344135197014445,0.7765567765567766,0.7216117216117216,0.6407960199004976,0.2139194139194139,0.5014652014652015
KNN / top-10 / Split 1 / VIEW level / ACTUAL deployed selections [C4 exactly as run],hybrid_mixed_geometry,375,0.954934815391118,0.9327318709407145,0.7066666666666667,0.6389333333333334,0.5600840336134454,0.2032,0.5466666666666666
KNN / top-10 / Split 1 / VIEW level / ACTUAL deployed selections [C4 exactly as run],ladder_grid_lattice,249,0.8947241397449978,0.8226409802791288,0.7550200803212851,0.6441767068273092,0.4558189655172414,0.25903614457831325,0.44176706827309237
KNN / top-10 / Split 1 / VIEW level / ACTUAL deployed selections [C4 exactly as run],linear_bands_parallel_stripes,294,0.9086791035042999,0.8994611054489208,0.6020408163265306,0.5476190476190477,0.48242753623188406,0.17653061224489797,0.604421768707483
KNN / top-10 / Split 1 / VIEW level / ACTUAL deployed selections [C4 exactly as run],parabolic_curved_chains,237,0.9269155345447602,0.8774169177499098,0.7510548523206751,0.6962025316455697,0.5292452830188679,0.22869198312236286,0.3978902953586498
KNN / top-10 / Split 1 / VIEW level / ACTUAL deployed selections [C4 exactly as run],piecewise_polylines_corners,273,0.9143903970275831,0.8521045066693199,0.684981684981685,0.6468864468864469,0.5418884664131813,0.2336996336996337,0.4593406593406593
KNN / top-10 / Split 1 / VIEW level / ACTUAL deployed selections [C4 exactly as run],polygons_rectangles_frames,201,0.9422323540813712,0.9151390781377339,0.7960199004975125,0.6855721393034825,0.5932291666666667,0.21840796019900496,0.49651741293532337
KNN / top-10 / Split 1 / VIEW level / ACTUAL deployed selections [C4 exactly as run],radial_spiral_meander,219,0.9270320735975386,0.8937748220769194,0.7168949771689498,0.664840182648402,0.5558176100628931,0.22100456621004566,0.49726027397260275
KNN / top-10 / Split 1 / VIEW level / ACTUAL deployed selections [C4 exactly as run],standard_clustering_blobs,153,0.9364181803097475,0.8989958015421005,0.8169934640522876,0.7045751633986927,0.615990990990991,0.238562091503268,0.477124183006536
KNN / top-10 / Split 1 / VIEW level / ACTUAL deployed selections [C4 exactly as run],texture_density_fields,237,0.9269189050179037,0.8750929800426619,0.6708860759493671,0.6345991561181433,0.5095132743362832,0.22658227848101264,0.4919831223628692
