level,group,parent_family,metric_id,n_datasets,n_comparator_datasets,comparator,eligible_for_inference,U_global,U_group,U_group_median,U_comparator,DeltaU,DeltaU_ci_low,DeltaU_ci_high,DeltaU_p,P_group,pred_error_group,S_global,S_group,S_comparator,DeltaS,DeltaS_ci_low,DeltaS_ci_high,enrichment,enrichment_undefined,utility_rank_global,utility_rank_group,rank_uplift_utility,selection_rank_global,selection_rank_group,rank_uplift_selection,metric_group,subgroup,DeltaU_q_bh,test_family,tier,is_core_candidate,unique_specialist
family,arcs_circles_rings,arcs_circles_rings,connected_components_count,1584,14429,outside_family,True,0.6027379035949707,0.6502700448036194,0.6602755188941956,0.5975203514099121,0.052749693393707275,0.046936046332120895,0.058943334966897964,7.486197593897043e-68,0.6469808220863342,-0.0032892227172851562,0.18026961386203766,0.2773570120334625,0.16961245238780975,0.10774455964565277,0.08896168321371078,0.12548363208770752,1.6352397203445435,False,7.0,3.0,4.0,8.0,5.0,3.0,New46,New46-Image,5.2009372757600514e-67,New46_x_family_utility_uplift,A,False,True
family,arcs_circles_rings,arcs_circles_rings,contour_graph_connectivity,1584,14429,outside_family,True,0.5881472229957581,0.6344260573387146,0.6437639594078064,0.5830669403076172,0.05135911703109741,0.044961631298065186,0.057883888483047485,8.03302973940807e-58,0.6284226179122925,-0.006003439426422119,0.14265553653240204,0.24579106271266937,0.13133400678634644,0.11445705592632294,0.09777180850505829,0.1315809190273285,1.8714959621429443,False,10.0,4.0,6.0,14.0,7.0,7.0,New46,New46-Image,4.464673370955222e-57,New46_x_family_utility_uplift,A,False,True
family,hollow_topological_components,hollow_topological_components,axial_symmetry,1309,14704,outside_family,True,0.6002935767173767,0.6514758467674255,0.6636614799499512,0.5957372188568115,0.055738627910614014,0.04990247264504433,0.06180087849497795,2.875537434128647e-53,0.6529778838157654,0.0015020370483398438,0.16871745884418488,0.24242399632930756,0.16215534508228302,0.08026865124702454,0.06517940014600754,0.09589649736881256,1.4950108528137207,False,8.0,4.0,4.0,11.0,8.0,3.0,New46,New46-Pattern,1.5032512526929957e-52,New46_x_family_utility_uplift,A,False,True
family,hybrid_mixed_geometry,hybrid_mixed_geometry,connected_components_count,1908,14105,outside_family,True,0.6027379035949707,0.6221065521240234,0.6326321363449097,0.600117564201355,0.021988987922668457,0.016744697466492653,0.0277049969881773,1.978578886699665e-17,0.6241441369056702,0.0020375847816467285,0.18026961386203766,0.25279533863067627,0.1704602688550949,0.08233506977558136,0.0667104497551918,0.09701035171747208,1.4830161333084106,False,7.0,4.0,3.0,8.0,6.0,2.0,New46,New46-Image,4.9511357923100627e-17,New46_x_family_utility_uplift,A,False,True
family,hybrid_mixed_geometry,hybrid_mixed_geometry,axial_symmetry,1908,14105,outside_family,True,0.6002935767173767,0.6217505931854248,0.6300641298294067,0.5973910689353943,0.024359524250030518,0.01863197609782219,0.02984408102929592,1.4706588743554654e-12,0.6210735440254211,-0.0006770491600036621,0.16871745884418488,0.2555903196334839,0.15696579217910767,0.09862452745437622,0.08572214096784592,0.11232367902994156,1.6283185482025146,False,8.0,5.0,3.0,11.0,5.0,6.0,New46,New46-Pattern,3.235449523582024e-12,New46_x_family_utility_uplift,A,False,True
family,ladder_grid_lattice,ladder_grid_lattice,gridness_fft_acf,1251,14762,outside_family,True,0.6391459703445435,0.6870266199111938,0.6871146559715271,0.6350895762443542,0.0519370436668396,0.045979663729667664,0.0576913096010685,1.9635643010408206e-51,0.6790838241577148,-0.007942795753479004,0.433448851108551,0.5518256425857544,0.4234144389629364,0.128411203622818,0.11061612516641617,0.14490832388401031,1.303275465965271,False,3.0,3.0,0.0,3.0,3.0,0.0,New46,New46-Image,1.0164332852446602e-50,New46_x_family_utility_uplift,A,True,False
family,linear_bands_parallel_stripes,linear_bands_parallel_stripes,ribbon_thickness,1402,14611,outside_family,True,0.48536545038223267,0.5468488335609436,0.5458120107650757,0.47946563363075256,0.06738319993019104,0.06069980561733246,0.07360514253377914,8.84084076338581e-82,0.5388615727424622,-0.007987260818481445,0.14094898104667664,0.3238237500190735,0.12340181320905685,0.20042192935943604,0.18717776238918304,0.2136857658624649,2.624140977859497,False,27.0,3.0,24.0,15.0,3.0,12.0,New46,New46-Pattern,7.528974069464044e-81,New46_x_family_utility_uplift,A,False,True
family,piecewise_polylines_corners,piecewise_polylines_corners,connected_components_count,1309,14704,outside_family,True,0.6027379035949707,0.6568248867988586,0.659145712852478,0.5979234576225281,0.058901429176330566,0.05232902616262436,0.06499270349740982,8.780454150486314e-64,0.6515809297561646,-0.005243957042694092,0.18026961386203766,0.3340970575809479,0.16657647490501404,0.16752058267593384,0.14752846956253052,0.18895994126796722,2.0056676864624023,False,7.0,4.0,3.0,8.0,5.0,3.0,New46,New46-Image,5.519142608877112e-63,New46_x_family_utility_uplift,A,False,True
family,polygons_rectangles_frames,polygons_rectangles_frames,axial_symmetry,1100,14913,outside_family,True,0.6002935767173767,0.694067120552063,0.7000576853752136,0.5933762192726135,0.10069090127944946,0.09499630331993103,0.1060829907655716,2.461134575379451e-148,0.6690013408660889,-0.02506577968597412,0.16871745884418488,0.26090916991233826,0.16191691160202026,0.098992258310318,0.08313890546560287,0.11582432687282562,1.6113768815994263,False,8.0,2.0,6.0,11.0,6.0,5.0,New46,New46-Pattern,6.187995503811191e-147,New46_x_family_utility_uplift,A,False,True
family,radial_spiral_meander,radial_spiral_meander,gridness_fft_acf,1194,14819,outside_family,True,0.6391459703445435,0.6682432293891907,0.6657148599624634,0.6368021368980408,0.0314410924911499,0.023249348625540733,0.039093222469091415,7.622952867071808e-13,0.6795731782913208,0.011329948902130127,0.433448851108551,0.4997207522392273,0.4281056523323059,0.07161509990692139,0.053801607340574265,0.09046919643878937,1.1672836542129517,False,3.0,3.0,0.0,3.0,2.0,1.0,New46,New46-Image,1.705474200768608e-12,New46_x_family_utility_uplift,A,True,False
family,standard_clustering_blobs,standard_clustering_blobs,axial_symmetry,949,15064,outside_family,True,0.6002935767173767,0.6881500482559204,0.6914641261100769,0.5947586297988892,0.09339141845703125,0.08784984797239304,0.09915543347597122,1.904225576067105e-114,0.6754039525985718,-0.012746095657348633,0.16871745884418488,0.24587294459342957,0.16385656595230103,0.08201637864112854,0.06431463360786438,0.09969377517700195,1.500537633895874,False,8.0,3.0,5.0,11.0,7.0,4.0,New46,New46-Pattern,2.717381362603868e-113,New46_x_family_utility_uplift,A,False,True
family,standard_clustering_blobs,standard_clustering_blobs,gridness_fft_acf,949,15064,outside_family,True,0.6391459703445435,0.6712324619293213,0.6658833026885986,0.6371259093284607,0.034106552600860596,0.02510073408484459,0.04293977469205856,9.188333975792594e-12,0.6842665076255798,0.013034045696258545,0.433448851108551,0.565156102180481,0.42514872550964355,0.1400073766708374,0.11971638351678848,0.15985605120658875,1.32931387424469,False,3.0,4.0,-1.0,3.0,2.0,1.0,New46,New46-Image,1.9882952209911842e-11,New46_x_family_utility_uplift,A,True,False
family,texture_density_fields,texture_density_fields,gridness_fft_acf,1188,14825,outside_family,True,0.6391459703445435,0.6829280853271484,0.6794388294219971,0.635639488697052,0.047288596630096436,0.03981152921915054,0.05473535880446434,7.2935339205732835e-31,0.6606848835945129,-0.022243201732635498,0.433448851108551,0.5101007223129272,0.42730334401130676,0.08279737830162048,0.06324916332960129,0.10285141319036484,1.1937671899795532,False,3.0,3.0,0.0,3.0,2.0,1.0,New46,New46-Image,2.484507038750125e-30,New46_x_family_utility_uplift,A,True,False
family,texture_density_fields,texture_density_fields,axial_symmetry,1188,14825,outside_family,True,0.6002935767173767,0.6631151437759399,0.6648505926132202,0.5952590703964233,0.0678560733795166,0.062091000378131866,0.07372599840164185,4.4763965113464704e-69,0.6572712659835815,-0.0058438777923583984,0.16871745884418488,0.302468866109848,0.15799903869628906,0.14446982741355896,0.1282721310853958,0.16002881526947021,1.9143716096878052,False,8.0,4.0,4.0,11.0,5.0,6.0,New46,New46-Pattern,3.1939694026904547e-68,New46_x_family_utility_uplift,A,False,True
