family,n_view_records,new46_cvi_star_share,new46_selected_share,cvi_star_accuracy,n_tier_a_specialists,n_tier_b_specialists,tier_a_cvi_star_share,tier_a_selected_share,tier_a_recall,tier_a_n_records_where_specialist_is_cvi_star,tier_b_cvi_star_share,tier_b_selected_share,tier_b_recall,tier_b_n_records_where_specialist_is_cvi_star,recall_Original,recall_Established,recall_New46
arcs_circles_rings,348,0.6350574712643678,0.41954022988505746,0.1752873563218391,2,0,0.0603448275862069,0.0,0.0,21.0,,,,,0.7894736842105263,0.07865168539325842,0.1085972850678733
deinterleaving_pri_toa_amp_like,306,0.7810457516339869,0.7973856209150327,0.1437908496732026,0,1,,,,,0.0457516339869281,0.013071895424836602,0.14285714285714285,14.0,0.15789473684210525,0.0,0.17154811715481172
hollow_topological_components,273,0.5421245421245421,0.4139194139194139,0.21245421245421245,1,0,0.07326007326007326,0.08424908424908426,0.4,20.0,,,,,0.5652173913043478,0.17721518987341772,0.12162162162162163
hybrid_mixed_geometry,375,0.5946666666666667,0.5306666666666666,0.14933333333333335,2,1,0.08,0.13866666666666666,0.26666666666666666,30.0,0.013333333333333334,0.0,0.0,5.0,0.36538461538461536,0.15,0.09865470852017937
ladder_grid_lattice,249,0.5662650602409639,0.6104417670682731,0.0963855421686747,1,0,0.0642570281124498,0.08835341365461848,0.25,16.0,,,,,0.1,0.03409090909090909,0.1347517730496454
linear_bands_parallel_stripes,294,0.782312925170068,0.7891156462585034,0.11564625850340136,1,1,0.05102040816326531,0.06462585034013606,0.2,15.0,0.1054421768707483,0.1326530612244898,0.3870967741935484,31.0,0.058823529411764705,0.0,0.14347826086956522
parabolic_curved_chains,237,0.6033755274261603,0.759493670886076,0.10126582278481013,0,1,,,,,0.004219409282700422,0.02109704641350211,0.0,1.0,0.3333333333333333,0.024390243902439025,0.1258741258741259
piecewise_polylines_corners,273,0.63003663003663,0.4725274725274725,0.15018315018315018,1,1,0.02564102564102564,0.0,0.0,7.0,0.029304029304029304,0.003663003663003663,0.0,8.0,0.4,0.16393442622950818,0.0872093023255814
polygons_rectangles_frames,201,0.5124378109452736,0.3482587064676617,0.23383084577114427,1,0,0.06467661691542288,0.11940298507462686,0.23076923076923078,13.0,,,,,0.7058823529411765,0.15625,0.1262135922330097
radial_spiral_meander,219,0.4840182648401826,0.4337899543378995,0.2191780821917808,1,0,0.0730593607305936,0.0547945205479452,0.1875,16.0,,,,,0.6923076923076923,0.08108108108108109,0.14150943396226415
standard_clustering_blobs,153,0.46405228758169936,0.41830065359477125,0.2549019607843137,2,0,0.1568627450980392,0.2679738562091503,0.2916666666666667,24.0,,,,,0.631578947368421,0.13636363636363635,0.1267605633802817
texture_density_fields,237,0.540084388185654,0.3206751054852321,0.1729957805907173,2,0,0.16033755274261605,0.1940928270042194,0.23684210526315788,38.0,,,,,0.55,0.11594202898550725,0.0859375
