family,parent_family,subgroup,n_metrics,mean_utility,best_metric,best_utility,top5_count,selection_share,mean_enrichment,mean_DeltaU,n_tier_a
arcs_circles_rings,arcs_circles_rings,New46-Pattern,22,0.46243695643815125,connectivity_components,0.5888129472732544,0,0.21586720136883544,0.7432206584648653,0.009494341232559898,0
arcs_circles_rings,arcs_circles_rings,New46-Image,22,0.47421554001894867,connected_components_count,0.6502700448036194,2,0.28430145714870486,1.0205676731738178,0.012579358436844566,2
deinterleaving_pri_toa_amp_like,deinterleaving_pri_toa_amp_like,New46-Pattern,22,0.44500838220119476,connectivity_components,0.548542320728302,1,0.32577171403914224,3.1421702578663826,-0.009879694743589922,0
deinterleaving_pri_toa_amp_like,deinterleaving_pri_toa_amp_like,New46-Image,22,0.4420373927463185,gridness_fft_acf,0.5737428665161133,3,0.335417602800586,3.6013869131830605,-0.02320685711773959,0
hollow_topological_components,hollow_topological_components,New46-Pattern,22,0.44939258288253436,axial_symmetry,0.6514758467674255,1,0.20809779753524946,0.7569266410375183,-0.004888808185403997,1
hollow_topological_components,hollow_topological_components,New46-Image,22,0.4721923050555316,connected_components_count,0.650653600692749,1,0.23977593181422346,0.7083295211195946,0.010140740058638832,0
hybrid_mixed_geometry,hybrid_mixed_geometry,New46-Pattern,22,0.4612981636415828,axial_symmetry,0.6217505931854248,1,0.2598533567821382,0.8176704130389474,0.008419548923319036,1
hybrid_mixed_geometry,hybrid_mixed_geometry,New46-Image,22,0.47194620966911316,gridness_fft_acf,0.6404043436050415,2,0.27368992369253325,0.8726553442803296,0.010292043740099127,1
ladder_grid_lattice,ladder_grid_lattice,New46-Pattern,22,0.4569137231870131,connectivity_components,0.614298939704895,0,0.13589124374901965,0.39714601737531746,0.0032889612696387553,0
ladder_grid_lattice,ladder_grid_lattice,New46-Image,22,0.45833883908661927,gridness_fft_acf,0.6870266199111938,1,0.18054888084020054,0.4780562235550447,-0.0049266164953058415,1
linear_bands_parallel_stripes,linear_bands_parallel_stripes,New46-Pattern,22,0.44138148156079376,ribbon_thickness,0.5468488335609436,1,0.34693271488356797,3.042072709141807,-0.013699619607491926,1
linear_bands_parallel_stripes,linear_bands_parallel_stripes,New46-Image,22,0.4335934005000375,gridness_fft_acf,0.5733665823936462,1,0.2796479648800271,3.3030067350376737,-0.032097284089435234,0
parabolic_curved_chains,parabolic_curved_chains,New46-Pattern,22,0.476946313272823,connectivity_components,0.60700523853302,0,0.2140289938537241,1.5811857062984596,0.02491295337677002,0
parabolic_curved_chains,parabolic_curved_chains,New46-Image,22,0.45470465177839453,gridness_fft_acf,0.6206619143486023,0,0.15639747630666379,0.38759278607639397,-0.00883102146061984,0
piecewise_polylines_corners,piecewise_polylines_corners,New46-Pattern,22,0.4588934508236972,axial_symmetry,0.6099379062652588,0,0.18049408779500944,0.5362097163769332,0.005457851019772616,0
piecewise_polylines_corners,piecewise_polylines_corners,New46-Image,22,0.47451950880614197,gridness_fft_acf,0.6696056127548218,2,0.287904382317215,0.7216112234375693,0.012675151228904724,1
polygons_rectangles_frames,polygons_rectangles_frames,New46-Pattern,22,0.45870866694233636,axial_symmetry,0.694067120552063,1,0.22878780134991894,0.8489428519863974,0.005183035677129572,1
polygons_rectangles_frames,polygons_rectangles_frames,New46-Image,22,0.4799645231528716,gridness_fft_acf,0.6586723923683167,2,0.2353939644454315,0.7474378421902657,0.018344184214418583,0
radial_spiral_meander,radial_spiral_meander,New46-Pattern,22,0.4492967508055947,axial_symmetry,0.6153386831283569,0,0.19709668166927286,0.7397472130304034,-0.004954419352791526,0
radial_spiral_meander,radial_spiral_meander,New46-Image,22,0.4663856490091844,gridness_fft_acf,0.6682432293891907,1,0.24221099292618484,0.5517597709867087,0.0037876191464337435,1
standard_clustering_blobs,standard_clustering_blobs,New46-Pattern,22,0.4339864118532701,axial_symmetry,0.6881500482559204,1,0.1778012123563918,0.8570279407907616,-0.021148639646443455,1
standard_clustering_blobs,standard_clustering_blobs,New46-Image,22,0.4649764610962434,gridness_fft_acf,0.6712324619293213,1,0.2295750263604383,0.5859126054935835,0.002228013493797996,1
texture_density_fields,texture_density_fields,New46-Pattern,22,0.44669858704913745,axial_symmetry,0.6631151437759399,1,0.21649826847730816,0.6311781936833127,-0.007758750156922774,1
texture_density_fields,texture_density_fields,New46-Image,22,0.46524584564295685,gridness_fft_acf,0.6829280853271484,1,0.2500559918609871,0.5798958878625523,0.002554816278544339,1
