metric_id,group,subgroup,head_group,has_clustopt_utility,clustopt_utility_na_reason,global_utility,global_utility_rank,top5_freq,oracle_win_freq,beats_best_comparator_rate,strongest_family,strongest_family_top5_enrichment,clustopt_selected_freq,clustopt_pred_top5_freq,clustopt_pred_true_spearman,ml2dac_a3_selection_freq,autoclust_reliance_rmse_increase,autoclust_reliance_rank,na_reason_utility,na_reason_clustopt_usage,evidence_levels
noise_aware_silhouette,Established,,classic_cvi,True,,0.6638925640009214,1.0,0.4679323050021857,,,Texture / density fields,1.2286303355634731,0.4456795520306417,0.4456795520306417,0.7878882347355305,0.012954186413902,0.0881639065402539,4,,,utility/top5/oracle/selection/reliance = LEVEL 2 association; no LEVEL 3 single-metric causal value exists for any metric
cluster_size_balance_entropy,Established,,classic_cvi,True,,0.6219245643643255,4.0,0.3061887216636483,,,Ladder / grid / lattice,1.728269597253056,0.2671371177584879,0.2671371177584879,0.6945875246520216,0.0249605055292259,0.0157056039838485,33,,,utility/top5/oracle/selection/reliance = LEVEL 2 association; no LEVEL 3 single-metric causal value exists for any metric
neighborhood_purity_multi_k,Established,,classic_cvi,True,,0.6135187367927143,5.0,0.2684069193780053,,,Parabolic / curved chains,1.8220738876276337,0.4084181602448011,0.4084181602448011,0.8348119305475155,0.0078988941548183,0.0330056486595542,21,,,utility/top5/oracle/selection/reliance = LEVEL 2 association; no LEVEL 3 single-metric causal value exists for any metric
neighborhood_purity,Established,,classic_cvi,True,,0.610618497977333,6.0,0.2225691625554237,,,Parabolic / curved chains,2.2048909880700003,0.2945107100480859,0.2945107100480859,0.8322034674037546,0.00347551342812,0.0257377628241332,26,,,utility/top5/oracle/selection/reliance = LEVEL 2 association; no LEVEL 3 single-metric causal value exists for any metric
min_centroid_distance,Established,,classic_cvi,True,,0.5897290958412394,9.0,0.1955910822456754,,,Ladder / grid / lattice,2.0965779100857245,0.2311247111721726,0.2311247111721726,0.8359712300277279,0.0012638230647709,0.0969225375706849,3,,,utility/top5/oracle/selection/reliance = LEVEL 2 association; no LEVEL 3 single-metric causal value exists for any metric
min_intercluster_distance,Established,,classic_cvi,True,,0.5617367103945378,13.0,0.0459002060825579,,,Parabolic / curved chains,4.016178794750223,0.0272903266096296,0.0272903266096296,0.7992672832549771,0.0,0.0312575681832505,23,,,utility/top5/oracle/selection/reliance = LEVEL 2 association; no LEVEL 3 single-metric causal value exists for any metric
avg_pca_isotropy,Established,,classic_cvi,True,,0.5175838718229862,20.0,0.1142821457565727,,,Polygons / rectangles / frames,2.2989354197714857,0.1247319885926018,0.1247319885926018,0.8023121617926577,0.125434439178515,0.0281538659130978,25,,,utility/top5/oracle/selection/reliance = LEVEL 2 association; no LEVEL 3 single-metric causal value exists for any metric
s_dbw,Established,,classic_cvi,True,,0.4921303418446256,26.0,0.007431461937176,,,Piecewise polylines / corners,1.9531684331486605,0.0254584816503257,0.0254584816503257,0.7514394473802734,0.0,0.0500384566167125,12,,,utility/top5/oracle/selection/reliance = LEVEL 2 association; no LEVEL 3 single-metric causal value exists for any metric
avg_within_cluster_dispersion,Established,,classic_cvi,True,,0.4788083326212868,28.0,0.0111784175357522,,,Hybrid / mixed geometry,0.7970585479545108,0.0199837631924061,0.0199837631924061,0.7866234902226342,0.0,0.0799469073138048,6,,,utility/top5/oracle/selection/reliance = LEVEL 2 association; no LEVEL 3 single-metric causal value exists for any metric
cluster_size_imbalance_entropy,Established,,classic_cvi,True,,0.3109495015745914,60.0,0.0034347092986948,,,Deinterleaving (PRI / TOA / AMP-like),4.998205228248147,0.0125523012552301,0.0125523012552301,0.6330785360204507,0.0006319115323854,0.0150242957382157,35,,,utility/top5/oracle/selection/reliance = LEVEL 2 association; no LEVEL 3 single-metric causal value exists for any metric
gridness_fft_acf,New46,New46-Image,texture_frequency,True,,0.6391469285201454,3.0,0.3924311496908761,0.1060388434397052,0.1698619871354524,Ladder / grid / lattice,1.3749376056125182,0.433439497075293,0.433439497075293,0.773883553489781,0.0644549763033175,0.0436480571765216,15,,,utility/top5/oracle/selection/reliance = LEVEL 2 association; no LEVEL 3 single-metric causal value exists for any metric
connected_components_count,New46,New46-Image,image_morphology,True,,0.6027385092449425,7.0,0.2727783675763442,0.0673203022544182,0.1852869543495909,Piecewise polylines / corners,1.380693711050854,0.1802701971314973,0.1802701971314973,0.6249234554113579,0.0053712480252764,0.0035542024106738,53,,,utility/top5/oracle/selection/reliance = LEVEL 2 association; no LEVEL 3 single-metric causal value exists for any metric
contour_graph_connectivity,New46,New46-Image,image_morphology,True,,0.5881464134362859,10.0,0.2536064447636295,0.0626990570161743,0.1748579279335539,Piecewise polylines / corners,1.3886762020516383,0.1426549262057911,0.1426549262057911,0.5641771574832791,0.0041074249605055,0.0061464260408821,47,,,utility/top5/oracle/selection/reliance = LEVEL 2 association; no LEVEL 3 single-metric causal value exists for any metric
morphological_band_count,New46,New46-Image,image_morphology,True,,0.5407616504873624,16.0,0.0615749703366015,0.0070567663773184,0.023668269531006,Polygons / rectangles / frames,1.225409367508759,0.004871042278149,0.004871042278149,0.6767117416333145,0.0044233807266982,0.0035347155801616,54,,,utility/top5/oracle/selection/reliance = LEVEL 2 association; no LEVEL 3 single-metric causal value exists for any metric
corner_junction_density,New46,New46-Image,image_morphology,True,,0.5215108505322223,19.0,0.1373259226878161,0.0141759820146131,0.1146568413164304,Parabolic / curved chains,1.2075281387468744,0.1717562813547326,0.1717562813547326,0.759436628885421,0.0044233807266982,0.0136393724302541,36,,,utility/top5/oracle/selection/reliance = LEVEL 2 association; no LEVEL 3 single-metric causal value exists for any metric
glcm_haralick,New46,New46-Image,texture_frequency,True,,0.5169599450432524,21.0,0.145881471304565,0.0151127209142571,0.1271466933116842,Piecewise polylines / corners,1.2201581909226953,0.1508774121026665,0.1508774121026665,0.7679234523260293,0.0003159557661927,0.0669960430959367,8,,,utility/top5/oracle/selection/reliance = LEVEL 2 association; no LEVEL 3 single-metric causal value exists for any metric
blobness_log_dog,New46,New46-Image,image_morphology,True,,0.512732126452901,22.0,0.0511459439205645,0.0044963467182913,0.0099294323362268,Standard clustering blobs,1.8542363853217383,0.0375320052457378,0.0375320052457378,0.839845982549571,0.0894154818325434,0.029393141646986,24,,,utility/top5/oracle/selection/reliance = LEVEL 2 association; no LEVEL 3 single-metric causal value exists for any metric
hough_line_strength,New46,New46-Image,curves_lines_arcs,True,,0.4747387486127167,29.0,0.0143008805345656,0.0016861300193592,0.0110535190157996,Texture / density fields,0.8829010630320673,0.0140927163346447,0.0140927163346447,0.7905419454452165,0.0022116903633491,0.0332329810104288,20,,,utility/top5/oracle/selection/reliance = LEVEL 2 association; no LEVEL 3 single-metric causal value exists for any metric
fractal_dimension,New46,New46-Image,texture_frequency,True,,0.4657822529616624,30.0,0.0284768625491787,0.0015612314994067,0.0473989883219883,Hybrid / mixed geometry,0.8834271212622753,0.0299756447886092,0.0299756447886092,0.7466493025123426,0.0012638230647709,0.0153304999639538,34,,,utility/top5/oracle/selection/reliance = LEVEL 2 association; no LEVEL 3 single-metric causal value exists for any metric
skeleton_connectivity,New46,New46-Image,image_morphology,True,,0.4628530127369491,31.0,0.0185474302129519,0.0012489851995253,0.0411540623243614,Hybrid / mixed geometry,0.4238665480803846,0.0231270426112117,0.0231270426112117,0.7893144278036454,0.0015797788309636,0.0117977650798859,40,,,utility/top5/oracle/selection/reliance = LEVEL 2 association; no LEVEL 3 single-metric causal value exists for any metric
ridge_strength,New46,New46-Image,texture_frequency,True,,0.4568319662617811,32.0,0.0226690813713857,0.0013738837194779,0.0400924249047648,Hybrid / mixed geometry,1.2022396636461816,0.0087845292366618,0.0087845292366618,0.7120602116744176,0.0009478672985781,0.0022640613012096,58,,,utility/top5/oracle/selection/reliance = LEVEL 2 association; no LEVEL 3 single-metric causal value exists for any metric
polygonality,New46,New46-Image,geometry_shape,True,,0.4366579146082819,37.0,0.0037469555985761,0.0001873477799288,0.0028102166989321,Polygons / rectangles / frames,0.7278636363636365,0.0027269510189637,0.0027269510189637,0.5077936787527236,0.0003159557661927,0.0012105998033688,60,,,utility/top5/oracle/selection/reliance = LEVEL 2 association; no LEVEL 3 single-metric causal value exists for any metric
symmetry_score,New46,New46-Image,topology_connectivity_neighborhood,True,,0.4351376091106572,39.0,0.0494598139012052,0.009055142696559,0.0418410041841004,Standard clustering blobs,1.6617891241178913,0.0116571951955702,0.0116571951955702,0.5517049082218396,0.0012638230647709,0.0026441841313543,56,,,utility/top5/oracle/selection/reliance = LEVEL 2 association; no LEVEL 3 single-metric causal value exists for any metric
lbp_stationarity,New46,New46-Image,texture_frequency,True,,0.430475227701784,41.0,0.0197964154124773,0.0015612314994067,0.0260413414101042,Piecewise polylines / corners,1.5821864162929296,0.0098669830762505,0.0098669830762505,0.7588464821257381,0.0053712480252764,0.0136366692374692,37,,,utility/top5/oracle/selection/reliance = LEVEL 2 association; no LEVEL 3 single-metric causal value exists for any metric
peak_to_background_hough,New46,New46-Image,texture_frequency,True,,0.4073065948223068,45.0,0.0043089989383625,0.0004995940798101,0.0043089989383625,Ladder / grid / lattice,0.3710191267276034,0.0029559316388767,0.0029559316388767,0.6883855783468905,0.0009478672985781,0.0040946747895046,52,,,utility/top5/oracle/selection/reliance = LEVEL 2 association; no LEVEL 3 single-metric causal value exists for any metric
rectangularity,New46,New46-Image,geometry_shape,True,,0.4045792726816409,46.0,0.0008118403796915,0.000249797039905,0.0030600137388371,Polygons / rectangles / frames,1.1197902097902095,0.009742084556298,0.009742084556298,0.6580345104892644,0.0003159557661927,0.011520865596826,41,,,utility/top5/oracle/selection/reliance = LEVEL 2 association; no LEVEL 3 single-metric causal value exists for any metric
circularity_compactness,New46,New46-Image,geometry_shape,True,,0.4042267658707192,47.0,0.0033098107787422,0.000249797039905,0.006744520077437,Polygons / rectangles / frames,2.1973241852487138,0.0094090218364245,0.0094090218364245,0.695873554299987,0.0003159557661927,0.0241196255488061,29,,,utility/top5/oracle/selection/reliance = LEVEL 2 association; no LEVEL 3 single-metric causal value exists for any metric
ellipse_fit_score,New46,New46-Image,geometry_shape,True,,0.4024217956106078,48.0,0.0019983763192406,0.0001248985199525,0.0042465496783863,Polygons / rectangles / frames,0.4549147727272727,0.0085555486167488,0.0085555486167488,0.7018894980927673,0.0012638230647709,0.020059220735211,32,,,utility/top5/oracle/selection/reliance = LEVEL 2 association; no LEVEL 3 single-metric causal value exists for any metric
thickness_uniformity,New46,New46-Image,image_morphology,True,,0.3893724709629718,52.0,0.0123649534753013,0.0011865359395491,0.0202335602323112,Parabolic / curved chains,1.1572841206679592,0.0104706592560211,0.0104706592560211,0.7594370444709105,0.0018957345971563,0.0444944449088005,14,,,utility/top5/oracle/selection/reliance = LEVEL 2 association; no LEVEL 3 single-metric causal value exists for any metric
edge_coherence,New46,New46-Image,image_morphology,True,,0.3718940301602991,54.0,0.0021857240991694,0.0003122462998813,0.0059326796977455,Deinterleaving (PRI / TOA / AMP-like),6.451764911973373,0.0048502258581569,0.0048502258581569,0.8017873831159917,0.0,0.013157685295724,38,,,utility/top5/oracle/selection/reliance = LEVEL 2 association; no LEVEL 3 single-metric causal value exists for any metric
orientation_histogram_entropy,New46,New46-Image,texture_frequency,True,,0.3711091701005824,55.0,0.0016861300193592,0.0001248985199525,0.0061200274776743,Deinterleaving (PRI / TOA / AMP-like),5.090764584326816,0.003955119798497,0.003955119798497,0.8023899380191492,0.0006319115323854,0.002761475191039,55,,,utility/top5/oracle/selection/reliance = LEVEL 2 association; no LEVEL 3 single-metric causal value exists for any metric
euler_holes_count,New46,New46-Image,image_morphology,True,,0.3479918045936447,58.0,0.0031849122587897,0.0005620433397864,0.001873477799288,Ladder / grid / lattice,3.5137693766555382,0.0014987822394304,0.0014987822394304,0.461191032227375,0.0022116903633491,0.0060784686881463,48,,,utility/top5/oracle/selection/reliance = LEVEL 2 association; no LEVEL 3 single-metric causal value exists for any metric
axial_symmetry,New46,New46-Pattern,topology_connectivity_neighborhood,True,,0.6002928790634535,8.0,0.2380565790295385,0.0563916817585711,0.1383875601074127,Polygons / rectangles / frames,1.634447200228942,0.1687170840358875,0.1687170840358875,0.6250485227965965,0.1156398104265402,0.0099869866494077,42,,,utility/top5/oracle/selection/reliance = LEVEL 2 association; no LEVEL 3 single-metric causal value exists for any metric
connectivity_components,New46,New46-Pattern,topology_connectivity_neighborhood,True,,0.586782904977282,11.0,0.1791669268719165,0.0340348466870667,0.1131580590769999,Ladder / grid / lattice,1.4678468448663864,0.1621599117383792,0.1621599117383792,0.6909928047348078,0.0006319115323854,0.0086855528307593,44,,,utility/top5/oracle/selection/reliance = LEVEL 2 association; no LEVEL 3 single-metric causal value exists for any metric
convexity_ratio,New46,New46-Pattern,geometry_shape,True,,0.5673367552759537,12.0,0.1965902704052957,0.0322238181477549,0.1348904015487416,Polygons / rectangles / frames,1.3872877440221785,0.1160099086159162,0.1160099086159162,0.6930874764164371,0.0047393364928909,0.0572763298309483,10,,,utility/top5/oracle/selection/reliance = LEVEL 2 association; no LEVEL 3 single-metric causal value exists for any metric
alpha_shape_compactness,New46,New46-Pattern,geometry_shape,True,,0.545611671033939,14.0,0.131268344470118,0.028539311809155,0.0851807906076313,Polygons / rectangles / frames,1.5305220136666378,0.0798517870896563,0.0798517870896563,0.6449933788861725,0.0281200631911532,0.0323883378258752,22,,,utility/top5/oracle/selection/reliance = LEVEL 2 association; no LEVEL 3 single-metric causal value exists for any metric
direction_entropy,New46,New46-Pattern,topology_connectivity_neighborhood,True,,0.524342706952245,18.0,0.0225441828514332,0.0015612314994067,0.0069318678573658,Standard clustering blobs,1.215269608773195,0.0141967984346052,0.0141967984346052,0.7983980727581244,0.0022116903633491,0.012579668021114,39,,,utility/top5/oracle/selection/reliance = LEVEL 2 association; no LEVEL 3 single-metric causal value exists for any metric
parallel_bands,New46,New46-Pattern,curves_lines_arcs,True,,0.5089648067831078,24.0,0.1007306563417223,0.0180478361331418,0.0853056891275838,Parabolic / curved chains,1.0361999828831818,0.1112637648577197,0.1112637648577197,0.692684601583122,0.0502369668246445,0.0044860027228285,51,,,utility/top5/oracle/selection/reliance = LEVEL 2 association; no LEVEL 3 single-metric causal value exists for any metric
radial_uniformity,New46,New46-Pattern,geometry_shape,True,,0.4937153983114997,25.0,0.0671329544744894,0.0096171860363454,0.0507712483607069,Piecewise polylines / corners,2.5262572174747278,0.0581818938778908,0.0581818938778908,0.6851681599325924,0.0018957345971563,0.0347494690772456,19,,,utility/top5/oracle/selection/reliance = LEVEL 2 association; no LEVEL 3 single-metric causal value exists for any metric
ribbon_thickness,New46,New46-Pattern,curves_lines_arcs,True,,0.4853648713433356,27.0,0.092300006244926,0.0218572409916942,0.0871791669268719,Linear bands / parallel stripes,3.547014317454863,0.1409479797664397,0.1409479797664397,0.7995816503554161,0.0148499210110584,0.0729757151867173,7,,,utility/top5/oracle/selection/reliance = LEVEL 2 association; no LEVEL 3 single-metric causal value exists for any metric
curvature_consistency,New46,New46-Pattern,curves_lines_arcs,True,,0.4484825713680405,33.0,0.0311621807281583,0.0096796352963217,0.0354087304065446,Deinterleaving (PRI / TOA / AMP-like),5.450018369049564,0.0613043568767043,0.0613043568767043,0.7273959997861538,0.0375987361769352,0.080220336573171,5,,,utility/top5/oracle/selection/reliance = LEVEL 2 association; no LEVEL 3 single-metric causal value exists for any metric
arc_circle_fit,New46,New46-Pattern,curves_lines_arcs,True,,0.4474874117180911,34.0,0.0327234122275651,0.006744520077437,0.0141135327546368,Polygons / rectangles / frames,2.8614486467730744,0.0426528445637919,0.0426528445637919,0.6802667773492598,0.0470774091627172,0.0420515731414053,16,,,utility/top5/oracle/selection/reliance = LEVEL 2 association; no LEVEL 3 single-metric causal value exists for any metric
periodicity_1d,New46,New46-Pattern,texture_frequency,True,,0.4453158529813964,35.0,0.0079935052769624,0.000249797039905,0.0201711109723349,Hybrid / mixed geometry,0.2622674266247379,0.0447136701430088,0.0447136701430088,0.7833310786599551,0.0003159557661927,0.0063493442503656,46,,,utility/top5/oracle/selection/reliance = LEVEL 2 association; no LEVEL 3 single-metric causal value exists for any metric
mst_smoothness,New46,New46-Pattern,topology_connectivity_neighborhood,True,,0.4390653311925446,36.0,0.0078686067570099,0.000936738899644,0.0100543308561793,Parabolic / curved chains,1.176734273956496,0.0034138928787027,0.0034138928787027,0.6828073062140116,0.0003159557661927,0.008903438115419,43,,,utility/top5/oracle/selection/reliance = LEVEL 2 association; no LEVEL 3 single-metric causal value exists for any metric
corner_sharpness,New46,New46-Pattern,geometry_shape,True,,0.4364089624236645,38.0,0.0029975644788609,6.244925997626928e-05,0.0045587959782676,Standard clustering blobs,1.0545969441517389,0.0052457378380066,0.0052457378380066,0.6083430003015596,0.0009478672985781,0.0077997639958678,45,,,utility/top5/oracle/selection/reliance = LEVEL 2 association; no LEVEL 3 single-metric causal value exists for any metric
ladderness,New46,New46-Pattern,curves_lines_arcs,True,,0.4345743785975776,40.0,0.0261662399300568,0.0072441141572472,0.028539311809155,Deinterleaving (PRI / TOA / AMP-like),5.154984935373557,0.0242094964508003,0.0242094964508003,0.6706781938661892,0.0075829383886255,0.0247871306439462,28,,,utility/top5/oracle/selection/reliance = LEVEL 2 association; no LEVEL 3 single-metric causal value exists for any metric
hollow_score,New46,New46-Pattern,topology_connectivity_neighborhood,True,,0.4132596870914294,43.0,0.017860488353213,0.0028102166989321,0.0087428963966777,Polygons / rectangles / frames,3.5120692943420218,0.0332230063073752,0.0332230063073752,0.676313903983945,0.0173775671406003,0.0405508999406518,17,,,utility/top5/oracle/selection/reliance = LEVEL 2 association; no LEVEL 3 single-metric causal value exists for any metric
gridness_2d,New46,New46-Pattern,texture_frequency,True,,0.395604367003876,49.0,0.0080559545369387,0.0013738837194779,0.0064322737775557,Parabolic / curved chains,1.0448803278260643,0.0130727117550323,0.0130727117550323,0.581446466160781,0.0012638230647709,0.0049173994233178,50,,,utility/top5/oracle/selection/reliance = LEVEL 2 association; no LEVEL 3 single-metric causal value exists for any metric
eccentricity_ratio,New46,New46-Pattern,geometry_shape,True,,0.3936828941670351,50.0,0.0109286204958471,0.0001873477799288,0.0233560232311247,Linear bands / parallel stripes,4.17702058284084,0.0213160140718999,0.0213160140718999,0.8036606476700275,0.0,0.0600063868560006,9,,,utility/top5/oracle/selection/reliance = LEVEL 2 association; no LEVEL 3 single-metric causal value exists for any metric
line_straightness,New46,New46-Pattern,curves_lines_arcs,True,,0.3901883294420454,51.0,0.0078686067570099,0.0001248985199525,0.0218572409916942,Linear bands / parallel stripes,4.351063107125875,0.0154666000541226,0.0154666000541226,0.8036707432528283,0.0,0.1097246885909778,2,,,utility/top5/oracle/selection/reliance = LEVEL 2 association; no LEVEL 3 single-metric causal value exists for any metric
piecewise_linearity,New46,New46-Pattern,curves_lines_arcs,True,,0.3878876456263052,53.0,0.0084306500967963,0.0006244925997626,0.0123649534753013,Parabolic / curved chains,1.397817683002868,0.0028518495389162,0.0028518495389162,0.5955572059494726,0.0003159557661927,0.0024600244796005,57,,,utility/top5/oracle/selection/reliance = LEVEL 2 association; no LEVEL 3 single-metric causal value exists for any metric
parabolicity,New46,New46-Pattern,curves_lines_arcs,True,,0.3669066992792758,56.0,0.0340348466870667,0.0098045338162742,0.0244801099106975,Parabolic / curved chains,6.331399623142742,0.0239805158308874,0.0239805158308874,0.7098353109036637,0.0088467614533965,0.0227520259605289,30,,,utility/top5/oracle/selection/reliance = LEVEL 2 association; no LEVEL 3 single-metric causal value exists for any metric
bimodality_anti_thickness,New46,New46-Pattern,curves_lines_arcs,True,,0.3565389308030725,57.0,0.0128020982951352,0.0030600137388371,0.0129269968150877,Deinterleaving (PRI / TOA / AMP-like),4.932897668645601,0.0042465496783863,0.0042465496783863,0.6953401312348414,0.0003159557661927,0.0202568096523581,31,,,utility/top5/oracle/selection/reliance = LEVEL 2 association; no LEVEL 3 single-metric causal value exists for any metric
turning_points_count,New46,New46-Pattern,curves_lines_arcs,True,,0.3175867880951623,59.0,0.0034347092986948,0.0006869418597389,0.0023730718790982,Parabolic / curved chains,6.126798285889196,0.0087012635566935,0.0087012635566935,0.5640390896427727,0.0037914691943127,0.0020448124736251,59,,,utility/top5/oracle/selection/reliance = LEVEL 2 association; no LEVEL 3 single-metric causal value exists for any metric
silhouette,Original,,classic_cvi,True,,0.6622775923830866,2.0,0.4781739836382939,,,Texture / density fields,1.3343409718621944,0.4807135868773288,0.4807135868773288,0.7905694204605593,0.1759873617693522,0.1466530858757719,1,,,utility/top5/oracle/selection/reliance = LEVEL 2 association; no LEVEL 3 single-metric causal value exists for any metric
davies_bouldin,Original,,classic_cvi,True,,0.5425149432924927,15.0,0.0367826141260226,,,Piecewise polylines / corners,2.0353721979608324,0.0205874393721767,0.0205874393721767,0.7686746068875455,0.0012638230647709,0.0487526446387978,13,,,utility/top5/oracle/selection/reliance = LEVEL 2 association; no LEVEL 3 single-metric causal value exists for any metric
calinski_harabasz,Original,,classic_cvi,True,,0.53161816004377,17.0,0.0518953350402797,,,Piecewise polylines / corners,1.2807114312741834,0.1702991319552863,0.1702991319552863,0.8202651771091582,0.1052132701421801,0.0255182051688837,27,,,utility/top5/oracle/selection/reliance = LEVEL 2 association; no LEVEL 3 single-metric causal value exists for any metric
dbcv,Original,,classic_cvi,True,,0.5117764137345308,23.0,0.0259164428901517,,,Piecewise polylines / corners,0.9727447605548244,0.0133641416349216,0.0133641416349216,0.7299132409824929,0.0,0.05501384940147,11,,,utility/top5/oracle/selection/reliance = LEVEL 2 association; no LEVEL 3 single-metric causal value exists for any metric
coggins_jain_index,Original,,,False,"ML2DAC-side CVI; not part of the ClustOpt Full-60 utility vocabulary, so no canonical utility exists",,,,,,,,,,,0.0015797788309636,0.0367401030384524,18,"ML2DAC-side CVI; not part of the ClustOpt Full-60 utility vocabulary, so no canonical utility exists",not in the ClustOpt Full-60 utility vocabulary,utility/top5/oracle/selection/reliance = LEVEL 2 association; no LEVEL 3 single-metric causal value exists for any metric
cop,Original,,,False,"ML2DAC-side CVI; not part of the ClustOpt Full-60 utility vocabulary, so no canonical utility exists",,,,,,,,,,,0.0009478672985781,0.0011569351436997,61,"ML2DAC-side CVI; not part of the ClustOpt Full-60 utility vocabulary, so no canonical utility exists",not in the ClustOpt Full-60 utility vocabulary,utility/top5/oracle/selection/reliance = LEVEL 2 association; no LEVEL 3 single-metric causal value exists for any metric
dunn_index,Original,,,False,"ML2DAC-side CVI; not part of the ClustOpt Full-60 utility vocabulary, so no canonical utility exists",,,,,,,,,,,0.0012638230647709,0.0060548410839875,49,"ML2DAC-side CVI; not part of the ClustOpt Full-60 utility vocabulary, so no canonical utility exists",not in the ClustOpt Full-60 utility vocabulary,utility/top5/oracle/selection/reliance = LEVEL 2 association; no LEVEL 3 single-metric causal value exists for any metric
