metric_id,view_mean_utility,view_n_defined,n_view_rows,group,subgroup
alpha_shape_compactness,0.545611671033939,48039,48039,New46,New46-Pattern
arc_circle_fit,0.4474874117180912,48039,48039,New46,New46-Pattern
avg_pca_isotropy,0.517583871822986,48039,48039,Established,
avg_within_cluster_dispersion,0.47880833262128686,48039,48039,Established,
axial_symmetry,0.6002928790634534,48039,48039,New46,New46-Pattern
bimodality_anti_thickness,0.3565389308030725,48039,48039,New46,New46-Pattern
blobness_log_dog,0.5127321264529009,48039,48039,New46,New46-Image
calinski_harabasz,0.53161816004377,48039,48039,Original,
circularity_compactness,0.4042267658707192,48039,48039,New46,New46-Image
cluster_size_balance_entropy,0.6219245643643256,48039,48039,Established,
cluster_size_imbalance_entropy,0.3109495015745915,48039,48039,Established,
connected_components_count,0.6027385092449424,48039,48039,New46,New46-Image
connectivity_components,0.586782904977282,48039,48039,New46,New46-Pattern
contour_graph_connectivity,0.5881464134362859,48039,48039,New46,New46-Image
convexity_ratio,0.5673367552759537,48039,48039,New46,New46-Pattern
convexity_solidity_image,0.42500523510169247,48039,48039,,
corner_junction_density,0.5215108505322223,48039,48039,New46,New46-Image
corner_sharpness,0.43640896242366456,48039,48039,New46,New46-Pattern
curvature_consistency,0.44848257136804054,48039,48039,New46,New46-Pattern
davies_bouldin,0.5425149432924925,48039,48039,Original,
dbcv,0.5117764137345306,48039,48039,Original,
direction_entropy,0.524342706952245,48039,48039,New46,New46-Pattern
eccentricity_ratio,0.39368289416703517,48039,48039,New46,New46-Pattern
edge_coherence,0.37189403016029915,48039,48039,New46,New46-Image
ellipse_fit_score,0.40242179561060776,48039,48039,New46,New46-Image
euler_holes_count,0.3479918045936447,48039,48039,New46,New46-Image
fractal_dimension,0.4657822529616624,48039,48039,New46,New46-Image
glcm_haralick,0.5169599450432524,48039,48039,New46,New46-Image
gridness_2d,0.395604367003876,48039,48039,New46,New46-Pattern
gridness_fft_acf,0.6391469285201452,48039,48039,New46,New46-Image
hollow_score,0.41325968709142946,48039,48039,New46,New46-Pattern
hough_circle_arc_strength,0.41165990511839695,48039,48039,,
hough_line_strength,0.4747387486127167,48039,48039,New46,New46-Image
ladderness,0.4345743785975776,48039,48039,New46,New46-Pattern
lbp_stationarity,0.43047522770178404,48039,48039,New46,New46-Image
line_straightness,0.3901883294420454,48039,48039,New46,New46-Pattern
min_centroid_distance,0.5897290958412394,48039,48039,Established,
min_intercluster_distance,0.5617367103945378,48039,48039,Established,
morphological_band_count,0.5407616504873624,48039,48039,New46,New46-Image
mst_smoothness,0.43906533119254454,48039,48039,New46,New46-Pattern
neighborhood_purity,0.6106184979773329,48039,48039,Established,
neighborhood_purity_multi_k,0.6135187367927142,48039,48039,Established,
noise_aware_silhouette,0.6638925640009216,48039,48039,Established,
orientation_histogram_entropy,0.3711091701005824,48039,48039,New46,New46-Image
parabolicity,0.3669066992792758,48039,48039,New46,New46-Pattern
parallel_bands,0.508964806783108,48039,48039,New46,New46-Pattern
peak_to_background_hough,0.40730659482230686,48039,48039,New46,New46-Image
periodicity_1d,0.44531585298139637,48039,48039,New46,New46-Pattern
piecewise_linearity,0.38788764562630523,48039,48039,New46,New46-Pattern
polygonality,0.43665791460828185,48039,48039,New46,New46-Image
radial_uniformity,0.4937153983114997,48039,48039,New46,New46-Pattern
rectangularity,0.40457927268164096,48039,48039,New46,New46-Image
ribbon_thickness,0.48536487134333567,48039,48039,New46,New46-Pattern
ridge_strength,0.4568319662617811,48039,48039,New46,New46-Image
s_dbw,0.4921303418446256,48039,48039,Established,
silhouette,0.6622775923830867,48039,48039,Original,
skeleton_connectivity,0.4628530127369492,48039,48039,New46,New46-Image
symmetry_score,0.43513760911065724,48039,48039,New46,New46-Image
thickness_uniformity,0.38937247096297173,48039,48039,New46,New46-Image
turning_points_count,0.3175867880951623,48039,48039,New46,New46-Pattern
