arm,metric_id,group,subgroup,n_records_with_this_cvi_star,recall,cvi_star_share
A0,calinski_harabasz,Original,,605,0.6727272727272727,0.1911532385466035
A0,coggins_jain_index,Original,,165,0.18787878787878787,0.052132701421800945
A0,cop,Original,,49,0.02040816326530612,0.015481832543443918
A0,davies_bouldin,Original,,163,0.024539877300613498,0.051500789889415484
A0,dbcv,Original,,184,0.20652173913043478,0.058135860979462876
A0,dunn_index,Original,,395,0.1670886075949367,0.12480252764612954
A0,silhouette,Original,,1604,0.8859102244389028,0.5067930489731438
A1,avg_pca_isotropy,Established,,481,0.4158004158004158,0.1519747235387046
A1,avg_within_cluster_dispersion,Established,,261,0.0038314176245210726,0.08246445497630332
A1,calinski_harabasz,Original,,323,0.5603715170278638,0.10205371248025276
A1,cluster_size_balance_entropy,Established,,302,0.2980132450331126,0.09541864139020537
A1,cluster_size_imbalance_entropy,Established,,76,0.02631578947368421,0.02401263823064771
A1,coggins_jain_index,Original,,94,0.13829787234042554,0.029699842022116903
A1,cop,Original,,17,0.0,0.005371248025276461
A1,davies_bouldin,Original,,66,0.07575757575757576,0.02085308056872038
A1,dbcv,Original,,85,0.10588235294117647,0.026856240126382307
A1,dunn_index,Original,,148,0.06756756756756757,0.04676145339652449
A1,min_centroid_distance,Established,,80,0.05,0.02527646129541864
A1,min_intercluster_distance,Established,,31,0.0,0.009794628751974723
A1,neighborhood_purity,Established,,55,0.21818181818181817,0.017377567140600316
A1,neighborhood_purity_multi_k,Established,,83,0.2289156626506024,0.02622432859399684
A1,noise_aware_silhouette,Established,,260,0.21153846153846154,0.08214849921011058
A1,s_dbw,Established,,363,0.0027548209366391185,0.11469194312796209
A1,silhouette,Original,,440,0.6318181818181818,0.13902053712480253
A2,alpha_shape_compactness,New46,New46-Pattern,155,0.14838709677419354,0.04897314375987362
A2,arc_circle_fit,New46,New46-Pattern,202,0.1188118811881188,0.06382306477093207
A2,axial_symmetry,New46,New46-Pattern,216,0.33796296296296297,0.06824644549763033
A2,bimodality_anti_thickness,New46,New46-Pattern,7,0.0,0.0022116903633491313
A2,blobness_log_dog,New46,New46-Image,271,0.31365313653136534,0.08562401263823065
A2,calinski_harabasz,Original,,133,0.7744360902255639,0.04202211690363349
A2,circularity_compactness,New46,New46-Image,6,0.0,0.0018957345971563982
A2,coggins_jain_index,Original,,11,0.0,0.0034755134281200632
A2,connected_components_count,New46,New46-Image,51,0.0392156862745098,0.016113744075829384
A2,connectivity_components,New46,New46-Pattern,27,0.037037037037037035,0.008530805687203791
A2,contour_graph_connectivity,New46,New46-Image,85,0.0,0.026856240126382307
A2,convexity_ratio,New46,New46-Pattern,68,0.014705882352941176,0.021484992101105844
A2,cop,Original,,3,0.3333333333333333,0.0009478672985781991
A2,corner_junction_density,New46,New46-Image,38,0.05263157894736842,0.012006319115323854
A2,corner_sharpness,New46,New46-Pattern,10,0.0,0.00315955766192733
A2,curvature_consistency,New46,New46-Pattern,89,0.4044943820224719,0.02812006319115324
A2,davies_bouldin,Original,,21,0.0,0.006635071090047393
A2,dbcv,Original,,6,0.0,0.0018957345971563982
A2,direction_entropy,New46,New46-Pattern,76,0.013157894736842105,0.02401263823064771
A2,dunn_index,Original,,41,0.0,0.012954186413902054
A2,eccentricity_ratio,New46,New46-Pattern,7,0.0,0.0022116903633491313
A2,edge_coherence,New46,New46-Image,9,0.0,0.002843601895734597
A2,ellipse_fit_score,New46,New46-Image,18,0.0,0.005687203791469194
A2,euler_holes_count,New46,New46-Image,29,0.0,0.009162717219589257
A2,fractal_dimension,New46,New46-Image,15,0.0,0.004739336492890996
A2,glcm_haralick,New46,New46-Image,9,0.0,0.002843601895734597
A2,gridness_2d,New46,New46-Pattern,25,0.0,0.007898894154818325
A2,gridness_fft_acf,New46,New46-Image,247,0.19838056680161945,0.07804107424960506
A2,hollow_score,New46,New46-Pattern,86,0.08139534883720931,0.027172195892575038
A2,hough_line_strength,New46,New46-Image,55,0.03636363636363636,0.017377567140600316
A2,ladderness,New46,New46-Pattern,72,0.027777777777777776,0.022748815165876776
A2,lbp_stationarity,New46,New46-Image,56,0.017857142857142856,0.01769352290679305
A2,line_straightness,New46,New46-Pattern,4,0.0,0.001263823064770932
A2,morphological_band_count,New46,New46-Image,92,0.0,0.029067930489731438
A2,mst_smoothness,New46,New46-Pattern,6,0.0,0.0018957345971563982
A2,orientation_histogram_entropy,New46,New46-Image,7,0.0,0.0022116903633491313
A2,parabolicity,New46,New46-Pattern,48,0.125,0.015165876777251185
A2,parallel_bands,New46,New46-Pattern,183,0.13114754098360656,0.05781990521327014
A2,peak_to_background_hough,New46,New46-Image,23,0.0,0.0072669826224328595
A2,periodicity_1d,New46,New46-Pattern,19,0.05263157894736842,0.006003159557661927
A2,piecewise_linearity,New46,New46-Pattern,19,0.0,0.006003159557661927
A2,polygonality,New46,New46-Image,16,0.0,0.005055292259083728
A2,radial_uniformity,New46,New46-Pattern,59,0.0,0.01864139020537125
A2,rectangularity,New46,New46-Image,14,0.0,0.0044233807266982625
A2,ribbon_thickness,New46,New46-Pattern,73,0.1095890410958904,0.02306477093206951
A2,ridge_strength,New46,New46-Image,13,0.0,0.004107424960505529
A2,silhouette,Original,,373,0.5254691689008043,0.11785150078988942
A2,skeleton_connectivity,New46,New46-Image,3,0.0,0.0009478672985781991
A2,symmetry_score,New46,New46-Image,37,0.0,0.011690363349131122
A2,thickness_uniformity,New46,New46-Image,18,0.0,0.005687203791469194
A2,turning_points_count,New46,New46-Pattern,14,0.21428571428571427,0.0044233807266982625
A3,alpha_shape_compactness,New46,New46-Pattern,112,0.07142857142857142,0.0353870458135861
A3,arc_circle_fit,New46,New46-Pattern,149,0.10067114093959731,0.04707740916271722
A3,avg_pca_isotropy,Established,,228,0.2675438596491228,0.07203791469194312
A3,avg_within_cluster_dispersion,Established,,110,0.0,0.03475513428120063
A3,axial_symmetry,New46,New46-Pattern,177,0.3389830508474576,0.055924170616113746
A3,bimodality_anti_thickness,New46,New46-Pattern,6,0.0,0.0018957345971563982
A3,blobness_log_dog,New46,New46-Image,130,0.2692307692307692,0.04107424960505529
A3,calinski_harabasz,Original,,110,0.7636363636363637,0.03475513428120063
A3,circularity_compactness,New46,New46-Image,6,0.0,0.0018957345971563982
A3,cluster_size_balance_entropy,Established,,102,0.058823529411764705,0.03222748815165877
A3,cluster_size_imbalance_entropy,Established,,6,0.0,0.0018957345971563982
A3,coggins_jain_index,Original,,8,0.0,0.002527646129541864
A3,connected_components_count,New46,New46-Image,48,0.020833333333333332,0.015165876777251185
A3,connectivity_components,New46,New46-Pattern,23,0.043478260869565216,0.0072669826224328595
A3,contour_graph_connectivity,New46,New46-Image,72,0.0,0.022748815165876776
A3,convexity_ratio,New46,New46-Pattern,58,0.017241379310344827,0.018325434439178515
A3,cop,Original,,3,0.3333333333333333,0.0009478672985781991
A3,corner_junction_density,New46,New46-Image,30,0.06666666666666667,0.009478672985781991
A3,corner_sharpness,New46,New46-Pattern,6,0.0,0.0018957345971563982
A3,curvature_consistency,New46,New46-Pattern,79,0.379746835443038,0.024960505529225907
A3,davies_bouldin,Original,,15,0.0,0.004739336492890996
A3,dbcv,Original,,5,0.0,0.001579778830963665
A3,direction_entropy,New46,New46-Pattern,44,0.0,0.013902053712480253
A3,dunn_index,Original,,23,0.0,0.0072669826224328595
A3,eccentricity_ratio,New46,New46-Pattern,6,0.0,0.0018957345971563982
A3,edge_coherence,New46,New46-Image,8,0.0,0.002527646129541864
A3,ellipse_fit_score,New46,New46-Image,14,0.0,0.0044233807266982625
A3,euler_holes_count,New46,New46-Image,19,0.0,0.006003159557661927
A3,fractal_dimension,New46,New46-Image,15,0.0,0.004739336492890996
A3,glcm_haralick,New46,New46-Image,9,0.0,0.002843601895734597
A3,gridness_2d,New46,New46-Pattern,20,0.0,0.00631911532385466
A3,gridness_fft_acf,New46,New46-Image,169,0.20118343195266272,0.05339652448657188
A3,hollow_score,New46,New46-Pattern,67,0.08955223880597014,0.021169036334913113
A3,hough_line_strength,New46,New46-Image,33,0.0,0.01042654028436019
A3,ladderness,New46,New46-Pattern,46,0.043478260869565216,0.014533965244865719
A3,lbp_stationarity,New46,New46-Image,45,0.0,0.014218009478672985
A3,line_straightness,New46,New46-Pattern,3,0.0,0.0009478672985781991
A3,min_centroid_distance,Established,,28,0.0,0.008846761453396525
A3,min_intercluster_distance,Established,,3,0.0,0.0009478672985781991
A3,morphological_band_count,New46,New46-Image,66,0.0,0.02085308056872038
A3,mst_smoothness,New46,New46-Pattern,5,0.2,0.001579778830963665
A3,neighborhood_purity,Established,,27,0.1111111111111111,0.008530805687203791
A3,neighborhood_purity_multi_k,Established,,36,0.16666666666666666,0.011374407582938388
A3,noise_aware_silhouette,Established,,96,0.052083333333333336,0.03033175355450237
A3,orientation_histogram_entropy,New46,New46-Image,5,0.0,0.001579778830963665
A3,parabolicity,New46,New46-Pattern,38,0.13157894736842105,0.012006319115323854
A3,parallel_bands,New46,New46-Pattern,159,0.16981132075471697,0.05023696682464455
A3,peak_to_background_hough,New46,New46-Image,13,0.0,0.004107424960505529
A3,periodicity_1d,New46,New46-Pattern,17,0.0,0.005371248025276461
A3,piecewise_linearity,New46,New46-Pattern,17,0.0,0.005371248025276461
A3,polygonality,New46,New46-Image,11,0.0,0.0034755134281200632
A3,radial_uniformity,New46,New46-Pattern,45,0.0,0.014218009478672985
A3,rectangularity,New46,New46-Image,12,0.0,0.0037914691943127963
A3,ribbon_thickness,New46,New46-Pattern,67,0.1044776119402985,0.021169036334913113
A3,ridge_strength,New46,New46-Image,13,0.07692307692307693,0.004107424960505529
A3,s_dbw,Established,,209,0.0,0.0660347551342812
A3,silhouette,Original,,231,0.48917748917748916,0.07298578199052133
A3,skeleton_connectivity,New46,New46-Image,2,0.0,0.000631911532385466
A3,symmetry_score,New46,New46-Image,33,0.0,0.01042654028436019
A3,thickness_uniformity,New46,New46-Image,18,0.0,0.005687203791469194
A3,turning_points_count,New46,New46-Pattern,10,0.2,0.00315955766192733
