metric_id,n_datasets,mean_vs_best_comparator,median_vs_best_comparator,ci_low,ci_high,frac_beats_best_comparator,wilcoxon_p,oracle_win_freq,oracle_wins,wilcoxon_q_bh,ci_excludes_zero,subgroup
gridness_fft_acf,16013,-0.09554495529229876,-0.07556915666666675,-0.09721151698485446,-0.0938288160163956,0.16986198713545245,0.0,0.10603884343970524,1698,0.0,True,New46-Image
connected_components_count,16013,-0.13195337456750159,-0.12192312000000016,-0.13419661946329936,-0.12970533184985264,0.18528695434959097,0.0,0.06732030225441829,1078,0.0,True,New46-Image
axial_symmetry,16013,-0.1343990047489906,-0.12117298333333337,-0.13637251030313408,-0.13233672527169119,0.13838756010741274,0.0,0.05639168175857116,903,0.0,True,New46-Pattern
contour_graph_connectivity,16013,-0.14654547037615812,-0.12891122333333338,-0.1488956941515939,-0.14397715791261298,0.17485792793355398,0.0,0.06269905701617436,1004,0.0,True,New46-Image
connectivity_components,16013,-0.14790897883516205,-0.1328724000000001,-0.149921100570569,-0.14575474766049387,0.11315805907699994,0.0,0.03403484668706676,545,0.0,True,New46-Pattern
convexity_ratio,16013,-0.16735512853649037,-0.14276008666666662,-0.16991490018799676,-0.16484777305800827,0.13489040154874166,0.0,0.03222381814775495,516,0.0,True,New46-Pattern
alpha_shape_compactness,16013,-0.18908021277850495,-0.1752859933333334,-0.19146374569449462,-0.18667226707902265,0.0851807906076313,0.0,0.02853931180915506,457,0.0,True,New46-Pattern
morphological_band_count,16013,-0.1939302333250817,-0.18008496666666662,-0.19575244882324086,-0.19214795842910168,0.023668269531006057,0.0,0.007056766377318429,113,0.0,True,New46-Image
direction_entropy,16013,-0.21034917686019902,-0.20167357333333324,-0.21187131969403655,-0.20882642177556218,0.0069318678573658905,0.0,0.001561231499406732,25,0.0,True,New46-Pattern
corner_junction_density,16013,-0.2131810332802217,-0.18138650666666678,-0.21613492176389193,-0.2100414840443129,0.1146568413164304,0.0,0.014175982014613127,227,0.0,True,New46-Image
glcm_haralick,16013,-0.2177319387691917,-0.1887496833333333,-0.22081965819830246,-0.2144620222081186,0.12714669331168427,0.0,0.015112720914257166,242,0.0,True,New46-Image
blobness_log_dog,16013,-0.2219597573595431,-0.21577913666666668,-0.22376037733780696,-0.22005227645122552,0.009929432336226816,0.0,0.004496346718291388,72,0.0,True,New46-Image
parallel_bands,16013,-0.22572707702933617,-0.19938580333333333,-0.22865996162594152,-0.22269698353258763,0.08530568912758384,0.0,0.01804783613314182,289,0.0,True,New46-Pattern
radial_uniformity,16013,-0.2409764855009444,-0.22831674666666668,-0.24351021774797976,-0.23829742321876785,0.05077124836070693,0.0,0.00961718603634547,154,0.0,True,New46-Pattern
ribbon_thickness,16013,-0.24932701246910843,-0.2385054233333334,-0.25239687847516984,-0.24612921169347118,0.08717916692687191,0.0,0.021857240991694248,350,0.0,True,New46-Pattern
hough_line_strength,16013,-0.2599531351997273,-0.25103388000000004,-0.2619360650767974,-0.25788690844509504,0.011053519015799663,0.0,0.0016861300193592706,27,0.0,True,New46-Image
fractal_dimension,16013,-0.2689096308507817,-0.2463704833333334,-0.2720238395869116,-0.2658340598448785,0.04739898832198838,0.0,0.001561231499406732,25,0.0,True,New46-Image
skeleton_connectivity,16013,-0.27183887107549487,-0.25150109666666676,-0.2748871516609233,-0.26875895444165454,0.04115406232436146,0.0,0.0012489851995253856,20,0.0,True,New46-Image
ridge_strength,16013,-0.277859917550663,-0.2588023200000001,-0.2809345474783408,-0.27477080110444835,0.040092424904764876,0.0,0.0013738837194779243,22,0.0,True,New46-Image
curvature_consistency,16013,-0.2862093124444035,-0.29083850666666666,-0.28871414423743136,-0.28370214170249564,0.03540873040654468,0.0,0.009679635296321739,155,0.0,True,New46-Pattern
arc_circle_fit,16013,-0.2872044720943529,-0.29602659333333325,-0.28917899852527684,-0.28525665070204625,0.014113532754636858,0.0,0.006744520077437082,108,0.0,True,New46-Pattern
periodicity_1d,16013,-0.2893760308310477,-0.2634050599999999,-0.2923686994575183,-0.28626316890080944,0.02017111097233498,0.0,0.00024979703990507713,4,0.0,True,New46-Pattern
mst_smoothness,16013,-0.2956265526198995,-0.28337461333333347,-0.2980686101042756,-0.29317856844019663,0.010054330856179355,0.0,0.0009367388996440392,15,0.0,True,New46-Pattern
polygonality,16013,-0.29803396920416214,-0.29716904,-0.2998654831119053,-0.2961725442643571,0.002810216698932118,0.0,0.00018734777992880785,3,0.0,True,New46-Image
corner_sharpness,16013,-0.29828292138877954,-0.27756967999999993,-0.30060253244440355,-0.2957083227169354,0.004558795978267658,0.0,6.244925997626928e-05,1,0.0,True,New46-Pattern
symmetry_score,16013,-0.2995542747017868,-0.30329296000000006,-0.30228130081546084,-0.29674352629485345,0.04184100418410042,0.0,0.009055142696559045,145,0.0,True,New46-Image
ladderness,16013,-0.30011750521486646,-0.3130280899999999,-0.3024102550298803,-0.29782718044196016,0.02853931180915506,0.0,0.007244114157247236,116,0.0,True,New46-Pattern
lbp_stationarity,16013,-0.30421665611066007,-0.29457670666666663,-0.3070322671933365,-0.30131561003600543,0.02604134141010429,0.0,0.001561231499406732,25,0.0,True,New46-Image
hollow_score,16013,-0.3214321967210146,-0.319603,-0.3235474386655751,-0.31919504437625423,0.0087428963966777,0.0,0.002810216698932118,45,0.0,True,New46-Pattern
peak_to_background_hough,16013,-0.3273852889901372,-0.33094514999999997,-0.32928830456509683,-0.3254928174197017,0.00430899893836258,0.0,0.0004995940798101543,8,0.0,True,New46-Image
rectangularity,16013,-0.3301126111308031,-0.3200045666666666,-0.3324664073685774,-0.32763982058504854,0.003060013738837195,0.0,0.00024979703990507713,4,0.0,True,New46-Image
circularity_compactness,16013,-0.33046511794172484,-0.31407567,-0.3332182045781963,-0.32766436211935546,0.006744520077437082,0.0,0.00024979703990507713,4,0.0,True,New46-Image
ellipse_fit_score,16013,-0.33227008820183623,-0.33070569999999994,-0.33449655359785474,-0.33002948938272136,0.004246549678386311,0.0,0.00012489851995253857,2,0.0,True,New46-Image
gridness_2d,16013,-0.339087516808568,-0.33136605333333335,-0.3415710934420991,-0.33682355916141515,0.006432273777555736,0.0,0.0013738837194779243,22,0.0,True,New46-Pattern
eccentricity_ratio,16013,-0.34100898964540893,-0.34098162000000004,-0.3439877620025486,-0.3379516631621795,0.02335602323112471,0.0,0.00018734777992880785,3,0.0,True,New46-Pattern
line_straightness,16013,-0.34450355437039865,-0.34488185000000005,-0.3474779395379791,-0.3414914528491453,0.021857240991694248,0.0,0.00012489851995253857,2,0.0,True,New46-Pattern
thickness_uniformity,16013,-0.3453194128494723,-0.3431480466666667,-0.34820843387025896,-0.3422859155699989,0.020233560232311248,0.0,0.0011865359395491163,19,0.0,True,New46-Image
piecewise_linearity,16013,-0.34680423818613887,-0.35152056666666676,-0.3495131942047407,-0.3442076178572297,0.012364953475301317,0.0,0.0006244925997626928,10,0.0,True,New46-Pattern
edge_coherence,16013,-0.3627978536521449,-0.3466876199999999,-0.3655070539797922,-0.35992752349000007,0.0059326796977455815,0.0,0.0003122462998813464,5,0.0,True,New46-Image
orientation_histogram_entropy,16013,-0.36358271371186157,-0.3485963566666667,-0.3663181084559339,-0.3608239976636755,0.00612002747767439,0.0,0.00012489851995253857,2,0.0,True,New46-Image
parabolicity,16013,-0.3677851845331683,-0.38805386,-0.37062301006148984,-0.36501421952488383,0.02448010991069756,0.0,0.009804533816274276,157,0.0,True,New46-Pattern
bimodality_anti_thickness,16013,-0.3781529530093716,-0.38930323333333333,-0.38079220336082614,-0.37553603058429663,0.012926996815087742,0.0,0.003060013738837195,49,0.0,True,New46-Pattern
euler_holes_count,16013,-0.3867000792187993,-0.39148590666666666,-0.3890173973559527,-0.3845063126144541,0.0018734777992880783,0.0,0.0005620433397864235,9,0.0,True,New46-Image
turning_points_count,16013,-0.4171050957172818,-0.4258907633333334,-0.4193987928219386,-0.41472012771006017,0.0023730718790982326,0.0,0.0006869418597389621,11,0.0,True,New46-Pattern
