canonical_index,timestamp,family,subfamily,subfamily_key,datasets,completed_runs,failures,runtime_sec,cum_subfamilies,cum_datasets,cum_runs,cum_elapsed_h,HU_bv_mean,HU_best_visited_mean,HU_regret_mean,HU_sel_is_best_rate,HU_exact_k,HU_valid_mean,HU_failed_mean,HP_bv_mean,HP_best_visited_mean,HP_regret_mean,HP_sel_is_best_rate,HP_exact_k,HP_valid_mean,HP_failed_mean,HO_bv_mean,HO_best_visited_mean,HO_regret_mean,HO_sel_is_best_rate,HO_exact_k,HO_valid_mean,HO_failed_mean,FU_bv_mean,FU_best_visited_mean,FU_regret_mean,FU_sel_is_best_rate,FU_exact_k,FU_valid_mean,FU_failed_mean,FP_bv_mean,FP_best_visited_mean,FP_regret_mean,FP_sel_is_best_rate,FP_exact_k,FP_valid_mean,FP_failed_mean,FO_bv_mean,FO_best_visited_mean,FO_regret_mean,FO_sel_is_best_rate,FO_exact_k,FO_valid_mean,FO_failed_mean
1,2026-08-24T04:24:22+00:00,arcs_circles_rings,annuli_variable_thickness,arcs_circles_rings/annuli_variable_thickness,15,270,0,2873.0,1,15,270,0.831,0.5760039228105979,0.6248848435817437,0.2628049467533353,0.13333333333333333,0.28888888888888886,43.733333333333334,0.0,0.7621242151699693,0.6305313581128887,0.06802945609288567,0.37777777777777777,0.4888888888888889,43.62222222222222,0.0,0.7611412670306187,0.630227572066272,0.09824348762565956,0.3333333333333333,0.4666666666666667,43.733333333333334,0.0,0.4337200078091556,0.627851675718035,0.40485197528807154,0.022222222222222223,0.044444444444444446,44.08888888888889,0.0,0.7793499445921915,0.6305643921374446,0.0582513555816096,0.4,0.4666666666666667,43.86666666666667,0.0,0.7012578383861902,0.6286272648949407,0.11138014694734255,0.4,0.4444444444444444,43.644444444444446,0.0
2,2026-08-24T05:02:28+00:00,arcs_circles_rings,broken_rings,arcs_circles_rings/broken_rings,14,252,0,2393.1,2,29,522,1.467,0.47255600512557044,0.6219170583313921,0.31152161492462027,0.07142857142857142,0.19047619047619047,43.61904761904762,0.0,0.6925544222093503,0.6265325580414179,0.1697683741691254,0.23809523809523808,0.3333333333333333,44.095238095238095,0.0,0.582328968328616,0.6240498303272201,0.22245330450299844,0.23809523809523808,0.2857142857142857,44.0,0.0,0.4230479198359383,0.6247753266091269,0.41855150913841266,0.0,0.21428571428571427,44.166666666666664,0.0,0.7119741512143347,0.6247872778378477,0.11327059319284792,0.2857142857142857,0.42857142857142855,43.714285714285715,0.0,0.6969000879113436,0.6238635110778861,0.12279479353413329,0.2857142857142857,0.40476190476190477,43.833333333333336,0.0
3,2026-08-24T05:42:52+00:00,arcs_circles_rings,clean_arcs,arcs_circles_rings/clean_arcs,12,216,0,2359.8,3,41,738,2.14,0.6415500230929992,0.6872090416078562,0.32552343390243965,0.19444444444444445,0.3055555555555556,43.97222222222222,0.0,0.7580553340960373,0.6896994861103951,0.09013880900494799,0.3333333333333333,0.3888888888888889,44.111111111111114,0.0,0.7369059921548077,0.6871444964016918,0.1338607227892513,0.3611111111111111,0.3611111111111111,44.02777777777778,0.0,0.4287127655589264,0.6912804570938162,0.45538582948542206,0.0,0.1111111111111111,44.361111111111114,0.0,0.7412346238638886,0.6870007952425681,0.1328417287189359,0.3333333333333333,0.4444444444444444,44.166666666666664,0.0,0.7807274782377976,0.6885608240228689,0.10277046978132692,0.4722222222222222,0.5,43.97222222222222,0.0
4,2026-08-24T06:29:23+00:00,arcs_circles_rings,full_rings,arcs_circles_rings/full_rings,15,270,0,2799.3,4,56,1008,2.915,0.5349868179789738,0.5940392290185897,0.2838180242123272,0.08888888888888889,0.15555555555555556,43.6,0.0,0.7789122797663307,0.6083623995714031,0.1144235261601714,0.28888888888888886,0.4,43.644444444444446,0.0,0.7818565373051228,0.6090992830125617,0.084969142207877,0.28888888888888886,0.3333333333333333,43.355555555555554,0.0,0.578432742292239,0.6041880640556627,0.2901314536401394,0.06666666666666667,0.15555555555555556,44.06666666666667,0.0,0.7937020063669109,0.6048592080706008,0.06191555083648069,0.4444444444444444,0.4666666666666667,43.82222222222222,0.0,0.8157194003678607,0.6080059668564516,0.06584697663991573,0.4666666666666667,0.4888888888888889,43.4,0.0
5,2026-08-24T07:15:50+00:00,arcs_circles_rings,nested_arcs,arcs_circles_rings/nested_arcs,14,252,0,2800.4,5,70,1260,3.689,0.5738595687486899,0.6267957063518893,0.26351013362485176,0.16666666666666666,0.21428571428571427,43.69047619047619,0.0,0.7302624200488067,0.6300478225305662,0.12686013632047036,0.30952380952380953,0.42857142857142855,43.88095238095238,0.0,0.7804642102237819,0.6302977964816685,0.10568046955413199,0.4523809523809524,0.4523809523809524,43.904761904761905,0.0,0.48132147928950086,0.6296295688301344,0.4410774312530558,0.047619047619047616,0.09523809523809523,44.0,0.0,0.8229995146675992,0.629226183295853,0.07020466835250122,0.38095238095238093,0.47619047619047616,43.976190476190474,0.0,0.775293583911539,0.6276497315223506,0.09730110264752957,0.42857142857142855,0.42857142857142855,44.11904761904762,0.0
6,2026-08-24T08:04:09+00:00,arcs_circles_rings,nested_overlapping_arc_pairs,arcs_circles_rings/nested_overlapping_arc_pairs,12,216,0,2826.1,6,82,1476,4.495,0.13237846595051447,0.2595411750846701,0.19594818118600543,0.0,0.19444444444444445,42.55555555555556,0.0,0.16122126006705303,0.2634000570001641,0.18301295648442586,0.05555555555555555,0.1388888888888889,42.5,0.0,0.22945104873316965,0.2645506603126335,0.1555298133565272,0.0,0.1388888888888889,42.77777777777778,0.0,0.12576466041316978,0.26096365172678976,0.19694942554160288,0.027777777777777776,0.05555555555555555,43.138888888888886,0.0,0.3237449420157082,0.26244975648503965,0.10725428199744097,0.05555555555555555,0.1388888888888889,43.19444444444444,0.0,0.368307766360955,0.2640823413737989,0.07463407952526652,0.05555555555555555,0.19444444444444445,43.27777777777778,0.0
7,2026-08-24T09:04:37+00:00,arcs_circles_rings,noisy_overlapping_arcs,arcs_circles_rings/noisy_overlapping_arcs,20,360,0,3642.3,7,102,1836,5.502,0.5402371342151802,0.6301706849645153,0.310629028522589,0.1,0.3333333333333333,43.5,0.0,0.7206351910981786,0.6384749229141953,0.1517122988018042,0.25,0.45,43.56666666666667,0.0,0.7064510746238554,0.6373450972186758,0.13600820744868375,0.3333333333333333,0.43333333333333335,43.666666666666664,0.0,0.4864208068513386,0.6268345497923413,0.39147053064887927,0.0,0.13333333333333333,43.81666666666667,0.0,0.7374539768503612,0.6374960554858587,0.1466096961416849,0.31666666666666665,0.45,43.5,0.0,0.7574092097502066,0.6376237776067839,0.06161217950585873,0.48333333333333334,0.4666666666666667,43.916666666666664,0.0
8,2026-08-24T09:55:01+00:00,arcs_circles_rings,partial_circles,arcs_circles_rings/partial_circles,14,252,0,2982.2,8,116,2088,6.342,0.7231633269352091,0.718717390010984,0.26876515522226585,0.14285714285714285,0.4523809523809524,43.833333333333336,0.0,0.7796641286619821,0.7201862042255696,0.1357503449979508,0.2619047619047619,0.5,43.476190476190474,0.0,0.779181675623187,0.717706935163468,0.1469270358331314,0.23809523809523808,0.5476190476190477,43.595238095238095,0.0,0.44281316265341303,0.7164891432576811,0.5236294837204635,0.0,0.07142857142857142,44.45238095238095,0.0,0.808453943509417,0.7176989889472241,0.08767158650506246,0.30952380952380953,0.5,43.976190476190474,0.0,0.8089393992771087,0.7194610162691553,0.0746298856909647,0.23809523809523808,0.5952380952380952,43.857142857142854,0.0
9,2026-08-24T10:41:25+00:00,deinterleaving_pri_toa_amp_like,amp_arc_trends,deinterleaving_pri_toa_amp_like/amp_arc_trends,13,234,0,2838.3,9,129,2322,7.116,0.20272609879298223,0.38833395139501486,0.29096787446745204,0.02564102564102564,0.07692307692307693,43.1025641025641,0.0,0.44133878316333097,0.38752530852941486,0.12526197989357524,0.15384615384615385,0.2564102564102564,43.205128205128204,0.0,0.42930854229801874,0.3866259023513784,0.1228898002703351,0.1794871794871795,0.2564102564102564,43.51282051282051,0.0,0.11046300836308948,0.37842199284416533,0.32353401733757725,0.0,0.0,43.48717948717949,0.0,0.45494153640109974,0.3925989134086805,0.084247312135923,0.1282051282051282,0.2564102564102564,43.17948717948718,0.0,0.4610058539650161,0.3912645035568785,0.11003786215765697,0.20512820512820512,0.358974358974359,43.205128205128204,0.0
10,2026-08-24T11:31:58+00:00,deinterleaving_pri_toa_amp_like,hybrid_deinterleaving_scene,deinterleaving_pri_toa_amp_like/hybrid_deinterleaving_scene,15,270,0,3032.5,10,144,2592,7.958,0.19287647178165468,0.32160102159843645,0.21316173284526635,0.044444444444444446,0.15555555555555556,42.62222222222222,0.0,0.3291493428614352,0.3216899041838149,0.15970485856981873,0.022222222222222223,0.15555555555555556,42.93333333333333,0.0,0.30869950860912976,0.32235810112714175,0.1544028873085903,0.08888888888888889,0.26666666666666666,42.93333333333333,0.0,0.09480783275106483,0.3184272583910665,0.2701970037304262,0.0,0.044444444444444446,42.86666666666667,0.0,0.425814537690763,0.32783021535812307,0.08197746438634737,0.044444444444444446,0.2222222222222222,42.84444444444444,0.0,0.41516715651709696,0.32554571839136104,0.08678799601341297,0.2,0.26666666666666666,43.28888888888889,0.0
11,2026-08-24T12:28:17+00:00,deinterleaving_pri_toa_amp_like,missing_pulses,deinterleaving_pri_toa_amp_like/missing_pulses,15,270,0,3344.9,11,159,2862,8.897,0.2094980921581485,0.25142186555024265,0.16584135012158616,0.06666666666666667,0.17777777777777778,43.044444444444444,0.0,0.36495569153077223,0.25878783483322715,0.0864291515525193,0.044444444444444446,0.17777777777777778,42.93333333333333,0.0,0.377229201876777,0.2586017518389295,0.07750228637375982,0.08888888888888889,0.2,43.044444444444444,0.0,0.07092927443710627,0.25422924492418353,0.22319537501699477,0.022222222222222223,0.0,42.86666666666667,0.0,0.3620676952044098,0.2570096688209532,0.09489778659996553,0.13333333333333333,0.06666666666666667,43.111111111111114,0.0,0.38799024835117907,0.2584514778724603,0.06610445890661125,0.15555555555555556,0.1111111111111111,42.84444444444444,0.0
12,2026-08-24T13:30:56+00:00,deinterleaving_pri_toa_amp_like,pri_amp_coupled,deinterleaving_pri_toa_amp_like/pri_amp_coupled,19,342,0,3712.5,12,178,3204,9.941,0.14909411024967015,0.3477524451099536,0.2660999319704297,0.017543859649122806,0.14035087719298245,42.50877192982456,0.0,0.4293448939250852,0.36062621245236925,0.1133903962818827,0.10526315789473684,0.17543859649122806,42.89473684210526,0.0,0.303906568197945,0.35490608565843007,0.16765558843939016,0.12280701754385964,0.2807017543859649,42.87719298245614,0.0,0.1164985622808334,0.35053481555501026,0.2932600429050923,0.0,0.0,43.0,0.0,0.4406891889250197,0.35740284600197914,0.0590684419938693,0.21052631578947367,0.2807017543859649,43.01754385964912,0.0,0.4438207869517787,0.35688396260040367,0.0892215360791828,0.19298245614035087,0.3333333333333333,42.8421052631579,0.0
13,2026-08-24T14:17:18+00:00,deinterleaving_pri_toa_amp_like,pri_parallel_trains,deinterleaving_pri_toa_amp_like/pri_parallel_trains,12,216,0,2839.9,13,190,3420,10.714,0.16184250482985477,0.24123125332439876,0.1737690741938312,0.027777777777777776,0.1111111111111111,43.111111111111114,0.0,0.3496041456813997,0.24307350139186104,0.10721074622441482,0.1388888888888889,0.1111111111111111,42.888888888888886,0.0,0.2937598390287328,0.24137106612520803,0.12954559586801206,0.1111111111111111,0.19444444444444445,43.361111111111114,0.0,0.07303935383567692,0.2413999499442085,0.20954530601271215,0.0,0.0,42.97222222222222,0.0,0.33917892426087587,0.24210814784092857,0.044131407355196293,0.1111111111111111,0.2222222222222222,43.138888888888886,0.0,0.3521219612990933,0.24243153413299195,0.04409507762095615,0.1388888888888889,0.1388888888888889,43.0,0.0
14,2026-08-24T15:03:45+00:00,deinterleaving_pri_toa_amp_like,pri_with_jitter,deinterleaving_pri_toa_amp_like/pri_with_jitter,13,234,0,2812.5,14,203,3654,11.488,0.10976240218742225,0.21111753634179978,0.1541082150239907,0.02564102564102564,0.20512820512820512,42.97435897435897,0.0,0.2466917959707115,0.21977334711764088,0.1159549066673313,0.02564102564102564,0.15384615384615385,42.94871794871795,0.0,0.2525475093530947,0.20883859794608767,0.09941870686897504,0.05128205128205128,0.23076923076923078,42.64102564102564,0.0,0.11279376473666962,0.20947641540608158,0.16153589112607633,0.02564102564102564,0.05128205128205128,43.12820512820513,0.0,0.2592921239938203,0.20940390385797308,0.08974802114267232,0.10256410256410256,0.15384615384615385,43.256410256410255,0.0,0.3048790112659271,0.20751976554864138,0.04118124935246448,0.15384615384615385,0.28205128205128205,43.1025641025641,0.0
15,2026-08-24T16:00:02+00:00,deinterleaving_pri_toa_amp_like,spurious_pulses_noise,deinterleaving_pri_toa_amp_like/spurious_pulses_noise,15,270,0,3289.7,15,218,3924,12.426,0.08970624557583064,0.14780282139071432,0.11129480283589091,0.044444444444444446,0.13333333333333333,42.888888888888886,0.0,0.1894470686680224,0.1535647753533658,0.07179976778354566,0.044444444444444446,0.08888888888888889,42.68888888888889,0.0,0.20481479840269318,0.15273099337411514,0.054650699533487716,0.08888888888888889,0.13333333333333333,42.8,0.0,0.057933668401146214,0.15062119244796282,0.12496194869331588,0.022222222222222223,0.06666666666666667,42.977777777777774,0.0,0.19635866347448325,0.1484366819997949,0.049369092602772155,0.044444444444444446,0.13333333333333333,42.977777777777774,0.0,0.24675123429235446,0.1490930764342195,0.02658868815309371,0.24444444444444444,0.28888888888888886,43.15555555555556,0.0
16,2026-08-24T16:28:16+00:00,hollow_topological_components,bridged_components,hollow_topological_components/bridged_components,10,180,0,1719.5,16,228,4104,12.897,0.6025371432982349,0.6391478796633633,0.3068391911169082,0.13333333333333333,0.23333333333333334,44.333333333333336,0.0,0.7356783022525433,0.6396224396833373,0.09545704963871361,0.26666666666666666,0.4,44.266666666666666,0.0,0.7074311147530343,0.6381792038362704,0.0953716768238745,0.3,0.43333333333333335,44.233333333333334,0.0,0.48360064378521256,0.6379175084439467,0.39167565863255915,0.0,0.13333333333333333,44.63333333333333,0.0,0.7454015378805241,0.6434374980436524,0.07114124035653895,0.2,0.36666666666666664,44.53333333333333,0.0,0.7245380395645842,0.6379989549847259,0.14259517131114902,0.23333333333333334,0.43333333333333335,44.53333333333333,0.0
17,2026-08-24T17:08:45+00:00,hollow_topological_components,broken_hollow_shapes,hollow_topological_components/broken_hollow_shapes,14,252,0,2441.3,17,242,4356,13.571,0.5931408796112182,0.6864595312449144,0.36615084532767206,0.09523809523809523,0.35714285714285715,43.857142857142854,0.0,0.7886392436385605,0.6902141466973551,0.1339022604675924,0.4523809523809524,0.42857142857142855,43.80952380952381,0.0,0.8127037899145597,0.6927354816009386,0.1326964826067158,0.4523809523809524,0.47619047619047616,43.642857142857146,0.0,0.53996467618745,0.6893339849048319,0.4303750734128019,0.023809523809523808,0.19047619047619047,44.476190476190474,0.0,0.799595320740187,0.6899677055296739,0.1317194575065622,0.30952380952380953,0.47619047619047616,44.023809523809526,0.0,0.8333629086776874,0.6920454271030356,0.09717067342998313,0.5,0.6190476190476191,44.023809523809526,0.0
18,2026-08-24T17:44:56+00:00,hollow_topological_components,disconnected_components,hollow_topological_components/disconnected_components,12,216,0,2123.3,18,254,4572,14.174,0.5754003716160753,0.6461644497390905,0.3396827413017746,0.08333333333333333,0.2222222222222222,43.361111111111114,0.0,0.7406573650139991,0.6498549487520952,0.10187585610826429,0.2222222222222222,0.3611111111111111,43.388888888888886,0.0,0.7608902229797535,0.6519313557509241,0.12810664874046684,0.2222222222222222,0.3888888888888889,43.638888888888886,0.0,0.4476981575578431,0.649451104803545,0.4344151485324112,0.05555555555555555,0.1111111111111111,43.47222222222222,0.0,0.718562240994474,0.6508871423869159,0.1253282523197725,0.1388888888888889,0.4444444444444444,43.416666666666664,0.0,0.8110435593637432,0.6507064098812848,0.04865831976738304,0.3333333333333333,0.6111111111111112,43.72222222222222,0.0
19,2026-08-24T18:27:16+00:00,hollow_topological_components,hollow_mixed_shapes,hollow_topological_components/hollow_mixed_shapes,15,270,0,2511.8,19,269,4842,14.88,0.5930773295039458,0.6031610754594722,0.23673053181729514,0.17777777777777778,0.24444444444444444,43.15555555555556,0.0,0.7431815705672817,0.6051777397894367,0.10622041648860042,0.3111111111111111,0.3333333333333333,43.51111111111111,0.0,0.7432321857464231,0.6049185944920784,0.0767330003546851,0.3111111111111111,0.3333333333333333,43.55555555555556,0.0,0.5844235121702883,0.6047037469289839,0.2948559290089114,0.06666666666666667,0.17777777777777778,43.733333333333334,0.0,0.756694320255486,0.6069046141252619,0.06241333752280539,0.4,0.4222222222222222,43.44444444444444,0.0,0.7521168634111433,0.6083191615192404,0.0758526987559122,0.4222222222222222,0.4,43.53333333333333,0.0
20,2026-08-24T19:07:49+00:00,hollow_topological_components,multi_hole_shapes,hollow_topological_components/multi_hole_shapes,15,270,0,2435.2,20,284,5112,15.556,0.7183773164010758,0.6518961984536059,0.18403990427794983,0.15555555555555556,0.3333333333333333,43.8,0.0,0.8091768150019081,0.6547018538604868,0.09296678181813538,0.35555555555555557,0.4666666666666667,44.13333333333333,0.0,0.8124146985766157,0.6524939561786519,0.12333694419562173,0.3333333333333333,0.4888888888888889,44.13333333333333,0.0,0.7180743702441597,0.6520081943430293,0.2183549067406587,0.24444444444444444,0.26666666666666666,44.2,0.0,0.8244192880133396,0.6568753807356955,0.0663780613845368,0.24444444444444444,0.4888888888888889,44.355555555555554,0.0,0.8265014349634328,0.6562212096211965,0.029997373236230817,0.35555555555555557,0.6,44.17777777777778,0.0
21,2026-08-24T19:42:14+00:00,hollow_topological_components,single_hole_rings,hollow_topological_components/single_hole_rings,12,216,0,2110.1,21,296,5328,16.129,0.3914396604512116,0.48426144702813356,0.29342590576393646,0.08333333333333333,0.16666666666666666,42.833333333333336,0.0,0.562847202298962,0.4905896653169525,0.12083149818851781,0.2777777777777778,0.2222222222222222,43.333333333333336,0.0,0.6070970975277127,0.49501495511445603,0.10377002341823416,0.2777777777777778,0.3055555555555556,43.166666666666664,0.0,0.4006208501779924,0.4930872563843264,0.31599054924102205,0.0,0.05555555555555555,43.388888888888886,0.0,0.6603887344027978,0.4931874689803637,0.037425535732976606,0.3333333333333333,0.4444444444444444,43.361111111111114,0.0,0.6373176309804793,0.49529809642002526,0.048096313177572035,0.4166666666666667,0.4166666666666667,43.361111111111114,0.0
22,2026-08-24T20:24:34+00:00,hollow_topological_components,topological_noise,hollow_topological_components/topological_noise,13,234,0,2502.0,22,309,5562,16.835,0.5945837462120641,0.6102268555815934,0.3022029727731766,0.15384615384615385,0.20512820512820512,43.84615384615385,0.0,0.7227869412617334,0.6090707944614306,0.11675432474004037,0.3333333333333333,0.358974358974359,43.58974358974359,0.0,0.7404192309324125,0.6078110892789709,0.08721776073452012,0.3333333333333333,0.41025641025641024,43.82051282051282,0.0,0.5018749247407365,0.6044104018436774,0.3564237197134057,0.02564102564102564,0.10256410256410256,44.0,0.0,0.7943981204024083,0.6073946227372674,0.05092033127028566,0.38461538461538464,0.41025641025641024,43.82051282051282,0.0,0.7338133161962115,0.6078869448883999,0.07623532238844018,0.38461538461538464,0.41025641025641024,43.58974358974359,0.0
23,2026-08-24T21:04:40+00:00,hybrid_mixed_geometry,arcs_plus_blobs,hybrid_mixed_geometry/arcs_plus_blobs,15,270,0,2506.4,23,324,5832,17.503,0.6362722764435743,0.6646330862670179,0.2619936984680442,0.1111111111111111,0.28888888888888886,43.82222222222222,0.0,0.7962676012474604,0.6723284433566877,0.10388854475608653,0.24444444444444444,0.5111111111111111,43.8,0.0,0.7466040725671369,0.6706755374697133,0.11479245795000174,0.2222222222222222,0.4444444444444444,43.91111111111111,0.0,0.5570850748965605,0.6657770617541965,0.41137026722971276,0.044444444444444446,0.2,43.86666666666667,0.0,0.7918908414407163,0.6692052122642516,0.09693661217729264,0.26666666666666666,0.5111111111111111,44.0,0.0,0.7847403752699994,0.6708494281042511,0.07645106417699093,0.3111111111111111,0.6,44.17777777777778,0.0
24,2026-08-24T21:57:16+00:00,hybrid_mixed_geometry,bands_plus_arcs,hybrid_mixed_geometry/bands_plus_arcs,17,306,0,3086.7,24,341,6138,18.38,0.49280664657410483,0.5309689552591167,0.25492323868795,0.0784313725490196,0.37254901960784315,43.529411764705884,0.0,0.5906209057359079,0.5303945480350652,0.16093559004669195,0.13725490196078433,0.27450980392156865,43.6078431372549,0.0,0.5689401272058241,0.5274859449961526,0.1946634279188529,0.13725490196078433,0.3137254901960784,43.470588235294116,0.0,0.34863707342483397,0.5328537717536403,0.36725570440509697,0.0196078431372549,0.0392156862745098,43.705882352941174,0.0,0.5814736853900117,0.5310136128196017,0.13938053365605224,0.23529411764705882,0.35294117647058826,43.745098039215684,0.0,0.6290149007030403,0.5395895798671426,0.11374759282889205,0.19607843137254902,0.37254901960784315,43.549019607843135,0.0
25,2026-08-24T22:43:46+00:00,hybrid_mixed_geometry,bands_plus_blobs,hybrid_mixed_geometry/bands_plus_blobs,16,288,0,2779.9,25,357,6426,19.155,0.3203743480229657,0.3914534438736999,0.22033610033576848,0.0,0.1875,42.604166666666664,0.0,0.387077268898368,0.3931106960921414,0.170744941102046,0.0625,0.20833333333333334,42.770833333333336,0.0,0.3982617428380027,0.39372085328029954,0.14689416754192144,0.041666666666666664,0.2708333333333333,42.8125,0.0,0.2694727534468557,0.39739568679228343,0.283058098500745,0.0,0.041666666666666664,43.0625,0.0,0.4468951035473235,0.39608748883286743,0.08320418484716464,0.125,0.2708333333333333,42.708333333333336,0.0,0.46089431291513183,0.3940163206680836,0.05861382829186301,0.1875,0.2916666666666667,43.0,0.0
26,2026-08-24T23:32:14+00:00,hybrid_mixed_geometry,curves_plus_ladders,hybrid_mixed_geometry/curves_plus_ladders,15,270,0,2920.5,26,372,6696,19.963,0.21129713772261677,0.38481995103140026,0.2631194772924937,0.0,0.1111111111111111,42.22222222222222,0.0,0.33384089335941514,0.3842634459649323,0.167454903447705,0.06666666666666667,0.2,42.8,0.0,0.3596119647573023,0.384134962597132,0.16909207181836672,0.06666666666666667,0.26666666666666666,42.91111111111111,0.0,0.1964147979170798,0.3823128357093762,0.28895819728357935,0.0,0.044444444444444446,42.93333333333333,0.0,0.371173803493348,0.3886085148903054,0.12887530337940595,0.17777777777777778,0.3333333333333333,43.044444444444444,0.0,0.42866800844769426,0.3839141704367727,0.08078951397018987,0.13333333333333333,0.3111111111111111,42.955555555555556,0.0
27,2026-08-25T00:08:25+00:00,hybrid_mixed_geometry,fragmented_band_with_overlapping_clouds,hybrid_mixed_geometry/fragmented_band_with_overlapping_clouds,11,198,0,2103.4,27,383,6894,20.566,0.29349867458143397,0.5052189005481228,0.3254319185648434,0.06060606060606061,0.2727272727272727,43.0,0.0,0.5154728865957673,0.5032214877581803,0.2052614777906498,0.18181818181818182,0.21212121212121213,43.0,0.0,0.5610488339472528,0.4978749470454845,0.16814525760994525,0.21212121212121213,0.21212121212121213,42.878787878787875,0.0,0.4081386111450007,0.5012819283332434,0.3308142274654699,0.06060606060606061,0.030303030303030304,43.24242424242424,0.0,0.5345605111161472,0.5095772580607906,0.13280407769107366,0.21212121212121213,0.30303030303030304,43.27272727272727,0.0,0.6086379788209588,0.4987592985771051,0.07919941472070294,0.2727272727272727,0.3333333333333333,42.93939393939394,0.0
28,2026-08-25T01:14:53+00:00,hybrid_mixed_geometry,full_mixed_scene,hybrid_mixed_geometry/full_mixed_scene,18,324,0,3997.0,28,401,7218,21.673,0.5687120938298678,0.6407306601163566,0.302419209811946,0.07407407407407407,0.18518518518518517,43.7962962962963,0.0,0.6319399324960759,0.6358202913226291,0.19584573571069921,0.25925925925925924,0.3148148148148148,43.68518518518518,0.0,0.6515162736501907,0.6323408930371573,0.18787776168797585,0.24074074074074073,0.3148148148148148,43.7962962962963,0.0,0.44614746571740377,0.6341108976693977,0.41271860615765954,0.018518518518518517,0.12962962962962962,44.01851851851852,0.0,0.6925410854443182,0.6352667359173031,0.14652021786386513,0.2777777777777778,0.2962962962962963,43.833333333333336,0.0,0.6769342946814377,0.6376071568215744,0.11541427612726941,0.37037037037037035,0.3888888888888889,44.01851851851852,0.0
29,2026-08-25T02:03:17+00:00,hybrid_mixed_geometry,polygons_plus_rings,hybrid_mixed_geometry/polygons_plus_rings,15,270,0,2880.8,29,416,7488,22.48,0.5558013080192428,0.6220056988764712,0.22723746185161117,0.13333333333333333,0.3333333333333333,43.37777777777778,0.0,0.7446378314725338,0.6259456816426267,0.07365053138038476,0.28888888888888886,0.4222222222222222,43.422222222222224,0.0,0.7565450959175737,0.6269623812206508,0.10409607942646208,0.26666666666666666,0.4222222222222222,43.62222222222222,0.0,0.45386067635426774,0.6244452110443888,0.3967092937261458,0.022222222222222223,0.044444444444444446,43.977777777777774,0.0,0.7307578035338477,0.629442955892528,0.07734844079125944,0.4,0.4444444444444444,43.82222222222222,0.0,0.792152116020914,0.6313199625847618,0.04425961381619836,0.5111111111111111,0.4888888888888889,43.75555555555555,0.0
30,2026-08-25T03:00:00+00:00,hybrid_mixed_geometry,topology_plus_texture,hybrid_mixed_geometry/topology_plus_texture,18,324,0,3403.2,30,434,7812,23.425,0.48038013179560884,0.5747912861379256,0.2709085269333326,0.05555555555555555,0.18518518518518517,43.148148148148145,0.0,0.6633777433359634,0.5797928602928533,0.09528252253482312,0.2037037037037037,0.4074074074074074,43.092592592592595,0.0,0.6836009534901978,0.5816492629693663,0.08369368918437771,0.2962962962962963,0.4074074074074074,43.05555555555556,0.0,0.4040194706321962,0.5712531100934279,0.36857430522759843,0.0,0.09259259259259259,43.148148148148145,0.0,0.6136504105248426,0.5766695514688007,0.11416762679273207,0.2222222222222222,0.3333333333333333,43.2037037037037,0.0,0.6619885887646607,0.5789632740864935,0.08309724723622292,0.2222222222222222,0.4444444444444444,43.25925925925926,0.0
31,2026-08-25T03:46:22+00:00,ladder_grid_lattice,distorted_grid,ladder_grid_lattice/distorted_grid,16,288,0,2783.0,31,450,8100,24.198,0.05658847237414465,0.2398336724722101,0.20739182316659288,0.0,0.10416666666666667,42.8125,0.0,0.31844097193770615,0.24009580282350798,0.025610700649428636,0.1875,0.2708333333333333,42.5625,0.0,0.3158977494696305,0.2409959312197528,0.0237301140131478,0.25,0.25,42.916666666666664,0.0,0.08217506086127901,0.23801068624531707,0.19938886077007978,0.020833333333333332,0.0625,42.9375,0.0,0.3043021372146747,0.24048383915169977,0.0393898891506463,0.14583333333333334,0.2708333333333333,42.979166666666664,0.0,0.30100817863071394,0.23878831507146292,0.03273032734946813,0.25,0.4166666666666667,43.208333333333336,0.0
32,2026-08-25T04:20:38+00:00,ladder_grid_lattice,grid_with_noise_and_gaps,ladder_grid_lattice/grid_with_noise_and_gaps,12,216,0,2077.1,32,462,8316,24.769,0.09562917026245248,0.18630089707108183,0.13627732647205457,0.05555555555555555,0.1388888888888889,41.888888888888886,0.0,0.1984574025478131,0.18709462807183805,0.05971205016056981,0.1388888888888889,0.19444444444444445,42.388888888888886,0.0,0.19803181370008946,0.1838354983249884,0.056980805620286366,0.1388888888888889,0.2222222222222222,42.44444444444444,0.0,0.0532392422627573,0.18769768706204967,0.15473997917390445,0.0,0.027777777777777776,42.638888888888886,0.0,0.2011189025905801,0.186084806658242,0.05849627336408694,0.16666666666666666,0.16666666666666666,42.416666666666664,0.0,0.21611991901825398,0.18850935329008417,0.043473656960421304,0.2222222222222222,0.3055555555555556,42.833333333333336,0.0
33,2026-08-25T04:54:49+00:00,ladder_grid_lattice,missing_rungs_ladder,ladder_grid_lattice/missing_rungs_ladder,9,162,0,2121.2,33,471,8478,25.339,0.24782646863296198,0.4469706506799226,0.2845340931487748,0.07407407407407407,0.18518518518518517,43.0,0.0,0.45560374784709157,0.45674213837563105,0.1476757322981396,0.1111111111111111,0.1111111111111111,42.96296296296296,0.0,0.49728280981189577,0.4530523464383923,0.1340990692827108,0.14814814814814814,0.18518518518518517,43.55555555555556,0.0,0.19498033584283106,0.4549343731995371,0.3577435294901576,0.0,0.07407407407407407,43.22222222222222,0.0,0.4201522372086551,0.4518511883302707,0.1388364636203166,0.18518518518518517,0.1111111111111111,43.25925925925926,0.0,0.4920975898795839,0.44836456132192665,0.12805071771944648,0.18518518518518517,0.25925925925925924,43.48148148148148,0.0
34,2026-08-25T05:35:19+00:00,ladder_grid_lattice,regular_grid,ladder_grid_lattice/regular_grid,13,234,0,2380.8,34,484,8712,26.014,0.08826333770247338,0.2663113605067454,0.2245706461989201,0.0,0.10256410256410256,42.1025641025641,0.0,0.3661596087036617,0.2689570100819183,0.023188256245071714,0.15384615384615385,0.23076923076923078,42.69230769230769,0.0,0.36684182932648546,0.26884756928821146,0.02617396349928386,0.3076923076923077,0.23076923076923078,42.53846153846154,0.0,0.05058051918085296,0.264627574493872,0.23663218266747876,0.0,0.0,42.61538461538461,0.0,0.33730411485579065,0.26760537520536626,0.04237529106619567,0.15384615384615385,0.2564102564102564,42.51282051282051,0.0,0.36377477520163287,0.26855670468924703,0.02823064215833245,0.38461538461538464,0.2564102564102564,42.76923076923077,0.0
35,2026-08-25T06:11:24+00:00,ladder_grid_lattice,rotated_ladder,ladder_grid_lattice/rotated_ladder,10,180,0,2216.3,35,494,8892,26.615,0.2957546905055071,0.4138659065233993,0.2341376647426794,0.06666666666666667,0.26666666666666666,42.93333333333333,0.0,0.3532797178262025,0.40982769887029485,0.18856241637831062,0.03333333333333333,0.26666666666666666,43.1,0.0,0.3563256971730282,0.41593402838597254,0.16412332876471047,0.13333333333333333,0.23333333333333334,43.0,0.0,0.2168521939138836,0.412516903355231,0.296434251139947,0.03333333333333333,0.06666666666666667,43.166666666666664,0.0,0.3513199882133291,0.4062777878379664,0.14852808276786794,0.03333333333333333,0.3,43.233333333333334,0.0,0.4368537078826498,0.4137480705964846,0.09852600568720678,0.16666666666666666,0.2,42.93333333333333,0.0
36,2026-08-25T06:49:40+00:00,ladder_grid_lattice,simple_ladder,ladder_grid_lattice/simple_ladder,11,198,0,2197.4,36,505,9090,27.253,0.2225343726880177,0.37002360113402777,0.2480367455462676,0.0,0.09090909090909091,42.666666666666664,0.0,0.3739715349848875,0.36649454029117046,0.16535955257863783,0.030303030303030304,0.09090909090909091,42.96969696969697,0.0,0.3729695829836251,0.3663398665065305,0.13036988249323087,0.09090909090909091,0.06060606060606061,42.57575757575758,0.0,0.21103301557243928,0.3617289396676207,0.2669902140003106,0.0,0.0,42.72727272727273,0.0,0.3603860490504171,0.37319109617892754,0.1389049081947262,0.06060606060606061,0.15151515151515152,42.90909090909091,0.0,0.45424132175877213,0.37511209310766697,0.09398548156647717,0.18181818181818182,0.12121212121212122,42.696969696969695,0.0
37,2026-08-25T07:29:56+00:00,ladder_grid_lattice,sparse_lattice,ladder_grid_lattice/sparse_lattice,12,216,0,2404.1,37,517,9306,27.924,0.12881801751921004,0.30471524896613933,0.24298715754600908,0.0,0.1111111111111111,42.583333333333336,0.0,0.3929863264991384,0.31053400975934736,0.020378335141107158,0.2777777777777778,0.2777777777777778,42.861111111111114,0.0,0.3885802748081362,0.30761945216455716,0.04193519821604436,0.19444444444444445,0.2777777777777778,42.25,0.0,0.08170693867515033,0.30818179180505245,0.267683637282262,0.0,0.05555555555555555,42.861111111111114,0.0,0.3730679686102269,0.30970798417422507,0.03855495405590051,0.19444444444444445,0.19444444444444445,42.75,0.0,0.3850038374909224,0.30698761308197214,0.03133199515132133,0.2777777777777778,0.2777777777777778,42.55555555555556,0.0
38,2026-08-25T08:18:27+00:00,linear_bands_parallel_stripes,clean_parallel_bands,linear_bands_parallel_stripes/clean_parallel_bands,14,252,0,2915.7,38,531,9558,28.733,0.11600448591819122,0.1975630257471734,0.14208035788159779,0.023809523809523808,0.14285714285714285,42.976190476190474,0.0,0.2466485450152888,0.19775426724613188,0.09017688926868209,0.023809523809523808,0.11904761904761904,42.785714285714285,0.0,0.25037338146763066,0.197849579480655,0.08409508600362829,0.023809523809523808,0.16666666666666666,42.88095238095238,0.0,0.08162224348127003,0.1969253643073468,0.16210289315418078,0.0,0.023809523809523808,42.785714285714285,0.0,0.2873145253490903,0.19638506974155717,0.04254972929919072,0.07142857142857142,0.14285714285714285,42.642857142857146,0.0,0.3163853814626693,0.1987755339103044,0.04386512708685768,0.09523809523809523,0.19047619047619047,42.904761904761905,0.0
39,2026-08-25T09:08:49+00:00,linear_bands_parallel_stripes,crossing_or_near_crossing_bands,linear_bands_parallel_stripes/crossing_or_near_crossing_bands,15,270,0,3089.3,39,546,9828,29.572,0.11388435551956913,0.2997163171479224,0.24227040760040613,0.0,0.1111111111111111,42.37777777777778,0.0,0.2020494360804383,0.31340476887681384,0.2004896094264622,0.022222222222222223,0.15555555555555556,42.577777777777776,0.0,0.2701691272014232,0.3035896833122425,0.17235026983444407,0.044444444444444446,0.26666666666666666,42.733333333333334,0.0,0.08575959378640048,0.3018255069458907,0.25798829033355475,0.0,0.0,42.75555555555555,0.0,0.4617080998118635,0.32821549808122086,0.07421598542339095,0.2222222222222222,0.28888888888888886,42.6,0.0,0.4759030056920012,0.325432488337009,0.0653618802354785,0.24444444444444444,0.37777777777777777,42.75555555555555,0.0
40,2026-08-25T09:50:55+00:00,linear_bands_parallel_stripes,fragmented_bands,linear_bands_parallel_stripes/fragmented_bands,13,234,0,2543.0,40,559,10062,30.274,0.06318523237115503,0.16939014412524214,0.13897293224601268,0.0,0.1282051282051282,42.58974358974359,0.0,0.21391156906319472,0.1659296384652295,0.07432961938569498,0.02564102564102564,0.1282051282051282,42.64102564102564,0.0,0.22462667102639122,0.16806270344962052,0.07028830765051572,0.02564102564102564,0.1794871794871795,42.743589743589745,0.0,0.08629878180823791,0.1704755587103006,0.13332605321737795,0.0,0.0,42.48717948717949,0.0,0.26052772078854747,0.1722767699201857,0.05557118690874159,0.02564102564102564,0.15384615384615385,42.76923076923077,0.0,0.2621598370955055,0.16902555643476783,0.03131235336412439,0.15384615384615385,0.3076923076923077,42.87179487179487,0.0
41,2026-08-25T10:43:11+00:00,linear_bands_parallel_stripes,noisy_interleaved_bands,linear_bands_parallel_stripes/noisy_interleaved_bands,15,270,0,3046.2,41,574,10332,31.145,0.16948238092595477,0.2547550530142944,0.1728196047858339,0.06666666666666667,0.15555555555555556,42.888888888888886,0.0,0.3367676393154648,0.2563182442590236,0.1059257156176183,0.044444444444444446,0.17777777777777778,43.022222222222226,0.0,0.33316382915786585,0.25423653155140136,0.0721948958755143,0.2,0.2,42.82222222222222,0.0,0.1278902948225129,0.2528039412212268,0.19689075898190558,0.0,0.022222222222222223,43.24444444444445,0.0,0.37151794852904235,0.25727215433509093,0.045262726809695904,0.13333333333333333,0.26666666666666666,42.86666666666667,0.0,0.34973158476507327,0.2562299688319172,0.06208188813342246,0.2,0.26666666666666666,43.044444444444444,0.0
42,2026-08-25T11:31:23+00:00,linear_bands_parallel_stripes,rotated_parallel_bands,linear_bands_parallel_stripes/rotated_parallel_bands,13,234,0,2961.1,42,587,10566,31.948,0.13051037425983777,0.21771097241753176,0.15742259291953856,0.05128205128205128,0.20512820512820512,42.46153846153846,0.0,0.2556684572366946,0.2247261632124519,0.09799768734532038,0.07692307692307693,0.1794871794871795,43.02564102564103,0.0,0.23577532606737234,0.2222551416278587,0.10858807232473179,0.07692307692307693,0.3333333333333333,42.743589743589745,0.0,0.07060771577342341,0.22190312409667087,0.18773420176156683,0.0,0.02564102564102564,42.84615384615385,0.0,0.28696173620123117,0.22319047961587699,0.07700877285848796,0.02564102564102564,0.1282051282051282,42.743589743589745,0.0,0.295091832565505,0.22386568310763602,0.07917147227433274,0.15384615384615385,0.1794871794871795,42.58974358974359,0.0
43,2026-08-25T12:17:38+00:00,linear_bands_parallel_stripes,thick_ribbons,linear_bands_parallel_stripes/thick_ribbons,15,270,0,2765.1,43,602,10836,32.719,0.14739365984752448,0.2963059348183585,0.2194008705518645,0.022222222222222223,0.17777777777777778,42.48888888888889,0.0,0.25328236981793983,0.29473006286973114,0.15609548491686592,0.044444444444444446,0.26666666666666666,42.8,0.0,0.2614380534574666,0.2926548486928689,0.13476833616111938,0.08888888888888889,0.2222222222222222,42.82222222222222,0.0,0.10302454116502344,0.29113202365531243,0.24074646102931396,0.0,0.06666666666666667,42.53333333333333,0.0,0.38730340713817596,0.29881970254441276,0.06601963008795707,0.2,0.3333333333333333,43.111111111111114,0.0,0.3951164131692389,0.29353431942693803,0.03797419119028051,0.3333333333333333,0.28888888888888886,42.82222222222222,0.0
44,2026-08-25T13:01:50+00:00,linear_bands_parallel_stripes,variable_spacing_bands,linear_bands_parallel_stripes/variable_spacing_bands,13,234,0,2610.5,44,615,11070,33.456,0.10097430557668378,0.17228197971191506,0.1252665033971074,0.07692307692307693,0.1794871794871795,42.84615384615385,0.0,0.21904150120940466,0.17375839763093553,0.0825891547629165,0.10256410256410256,0.10256410256410256,43.46153846153846,0.0,0.2279314638612659,0.17433063986683806,0.06206755734716688,0.02564102564102564,0.23076923076923078,43.205128205128204,0.0,0.07595995084887619,0.17493166814431968,0.1428212719660063,0.02564102564102564,0.0,43.53846153846154,0.0,0.23576673674720106,0.17018920048049402,0.050212983220110856,0.07692307692307693,0.20512820512820512,42.94871794871795,0.0,0.25632388868428707,0.1697319653988919,0.03753740917731539,0.20512820512820512,0.2564102564102564,43.17948717948718,0.0
45,2026-08-25T13:38:04+00:00,parabolic_curved_chains,arc_parabola_mixture,parabolic_curved_chains/arc_parabola_mixture,10,180,0,2210.6,45,625,11250,34.06,0.22880060342977154,0.2967924579872698,0.17794850704150816,0.03333333333333333,0.16666666666666666,42.8,0.0,0.2989048073261903,0.29746949356767327,0.12397435236942829,0.13333333333333333,0.2,43.3,0.0,0.30347561248940175,0.2956311061730595,0.10468987129785479,0.13333333333333333,0.23333333333333334,42.93333333333333,0.0,0.09423705602859538,0.29601069779310213,0.24048233854727794,0.0,0.03333333333333333,43.46666666666667,0.0,0.3865205583188763,0.30149127924655367,0.07576860404109705,0.06666666666666667,0.2,43.0,0.0,0.3871344767024816,0.2973631300936631,0.06554286224605152,0.13333333333333333,0.3,43.13333333333333,0.0
46,2026-08-25T14:18:26+00:00,parabolic_curved_chains,clean_parabolas,parabolic_curved_chains/clean_parabolas,12,216,0,2324.2,46,637,11466,34.733,0.07069881441977371,0.24659412376824952,0.20227808892923305,0.0,0.19444444444444445,42.52777777777778,0.0,0.24779426389183382,0.2476101918672036,0.11037443801739562,0.16666666666666666,0.25,43.0,0.0,0.29682931021082365,0.2509849346521247,0.07632247014872966,0.2222222222222222,0.25,42.80555555555556,0.0,0.050699603559854395,0.24919784079105886,0.2221594320504032,0.0,0.05555555555555555,42.833333333333336,0.0,0.265772359726855,0.24823777246701959,0.07496165953025226,0.1111111111111111,0.2777777777777778,43.111111111111114,0.0,0.3268535259178419,0.24937524380872,0.03427144083466706,0.16666666666666666,0.3611111111111111,43.166666666666664,0.0
47,2026-08-25T14:54:39+00:00,parabolic_curved_chains,curves_with_density_drift,parabolic_curved_chains/curves_with_density_drift,11,198,0,2185.1,47,648,11664,35.336,0.2104085345145642,0.32599516554573016,0.22362524259816846,0.030303030303030304,0.12121212121212122,42.72727272727273,0.0,0.38134664158931386,0.31943202059970455,0.08606915887690172,0.12121212121212122,0.18181818181818182,42.878787878787875,0.0,0.3606449597932052,0.31849377548974384,0.09253133853678022,0.09090909090909091,0.12121212121212122,43.0,0.0,0.08566386474793324,0.3171798898686008,0.2707047857758672,0.0,0.030303030303030304,43.36363636363637,0.0,0.35891859904798545,0.32089403372129316,0.07566995728856757,0.12121212121212122,0.18181818181818182,42.93939393939394,0.0,0.40146797231164993,0.3188729582538493,0.045055289771040063,0.18181818181818182,0.24242424242424243,43.03030303030303,0.0
48,2026-08-25T15:40:55+00:00,parabolic_curved_chains,fragmented_curves,parabolic_curved_chains/fragmented_curves,12,216,0,2839.9,48,660,11880,36.107,0.16331403631795618,0.3137094088119787,0.23880004613151717,0.027777777777777776,0.2222222222222222,42.861111111111114,0.0,0.32388032810396233,0.3146434161646755,0.12591489842438106,0.08333333333333333,0.2222222222222222,42.80555555555556,0.0,0.29818065715367276,0.3172151495961023,0.12039315250212862,0.25,0.25,42.833333333333336,0.0,0.11689404486145898,0.31481567168746694,0.2610342448429591,0.0,0.0,42.888888888888886,0.0,0.3786104091247453,0.31960860995851537,0.05490593871528057,0.16666666666666666,0.2777777777777778,42.833333333333336,0.0,0.3942957367232827,0.3201442395433863,0.07860386475917927,0.3611111111111111,0.25,43.083333333333336,0.0
49,2026-08-25T16:25:08+00:00,parabolic_curved_chains,noisy_curved_ribbons,parabolic_curved_chains/noisy_curved_ribbons,12,216,0,2570.7,49,672,12096,36.844,0.15301031768793763,0.27318443830629063,0.18323880324479458,0.0,0.1388888888888889,42.833333333333336,0.0,0.25699464116288634,0.2708276605841054,0.08484923247370524,0.1388888888888889,0.027777777777777776,43.19444444444444,0.0,0.2361069456066932,0.2739810088500441,0.11422111428862408,0.1111111111111111,0.05555555555555555,42.77777777777778,0.0,0.06524509611325711,0.27102907725590797,0.23175328151404934,0.0,0.027777777777777776,43.666666666666664,0.0,0.273054024679722,0.27288716730866097,0.099169705918971,0.16666666666666666,0.19444444444444445,43.19444444444444,0.0,0.32643350186099057,0.2778390100256711,0.0651519446694687,0.19444444444444445,0.1111111111111111,43.05555555555556,0.0
50,2026-08-25T17:07:19+00:00,parabolic_curved_chains,opposite_direction_parabolas,parabolic_curved_chains/opposite_direction_parabolas,11,198,0,2538.2,50,683,12294,37.547,0.20148939171928826,0.33085480211892415,0.24207965006855284,0.09090909090909091,0.12121212121212122,43.09090909090909,0.0,0.28930015567536577,0.3363480252786948,0.1421117987510959,0.15151515151515152,0.09090909090909091,43.303030303030305,0.0,0.3881505684821582,0.33890407731309136,0.1169182650401903,0.18181818181818182,0.18181818181818182,42.90909090909091,0.0,0.09601479827621665,0.33207388939491356,0.28313419389556244,0.0,0.030303030303030304,43.21212121212121,0.0,0.4050648567854012,0.34102133972639714,0.08821483156585155,0.21212121212121213,0.12121212121212122,43.45454545454545,0.0,0.4141520154857697,0.33609035136515875,0.039336648809059654,0.3333333333333333,0.2727272727272727,43.303030303030305,0.0
51,2026-08-25T17:49:30+00:00,parabolic_curved_chains,variable_curvature_chains,parabolic_curved_chains/variable_curvature_chains,11,198,0,2544.6,51,694,12492,38.25,0.1134451467989157,0.29576103387326463,0.23660966171631265,0.0,0.15151515151515152,42.878787878787875,0.0,0.23169874624629427,0.29868993313824976,0.16540478113843288,0.030303030303030304,0.06060606060606061,43.21212121212121,0.0,0.2309915298292519,0.29785441527578244,0.1699448947979703,0.12121212121212122,0.18181818181818182,42.72727272727273,0.0,0.09435573977527321,0.3038189682504687,0.2551683461452958,0.030303030303030304,0.0,43.09090909090909,0.0,0.37130155012206545,0.3006085307699644,0.06362061002709832,0.15151515151515152,0.21212121212121213,42.696969696969695,0.0,0.39407868636806176,0.3016736975991952,0.06785082891459798,0.15151515151515152,0.24242424242424243,43.515151515151516,0.0
52,2026-08-25T18:31:35+00:00,piecewise_polylines_corners,branching_trees,piecewise_polylines_corners/branching_trees,11,198,0,2596.0,52,705,12690,38.952,0.7081963603967145,0.7563261991652923,0.2838307137456071,0.18181818181818182,0.36363636363636365,44.21212121212121,0.0,0.7688927935046745,0.7580444729736789,0.17865528872387693,0.21212121212121213,0.36363636363636365,44.27272727272727,0.0,0.8299903190692294,0.7558292687571252,0.15732732009090725,0.21212121212121213,0.45454545454545453,44.333333333333336,0.0,0.6619175929148077,0.7569612370738529,0.42028945787417854,0.030303030303030304,0.15151515151515152,44.84848484848485,0.0,0.7813393993178157,0.7532879673139565,0.09740754669118723,0.2727272727272727,0.42424242424242425,44.27272727272727,0.0,0.849937450103982,0.7575063468827232,0.0838758371175033,0.3939393939393939,0.5757575757575758,44.484848484848484,0.0
53,2026-08-25T19:19:52+00:00,piecewise_polylines_corners,broken_piecewise_lines,piecewise_polylines_corners/broken_piecewise_lines,12,216,0,2854.2,53,717,12906,39.756,0.5973383595679661,0.6613936981353069,0.3074200757707161,0.08333333333333333,0.2777777777777778,43.77777777777778,0.0,0.7297304602551912,0.666314585662139,0.1564955214063648,0.25,0.3333333333333333,44.02777777777778,0.0,0.7629865836393139,0.6656177217036302,0.15585470439209448,0.2777777777777778,0.3333333333333333,44.22222222222222,0.0,0.5208189373904847,0.6657770311783794,0.4278234906424875,0.0,0.1111111111111111,44.30555555555556,0.0,0.7864432895430036,0.6655723893263867,0.120835145345434,0.2777777777777778,0.3333333333333333,44.05555555555556,0.0,0.7905022158694326,0.6654835918312767,0.09989164711447326,0.2777777777777778,0.3888888888888889,44.22222222222222,0.0
54,2026-08-25T20:13:59+00:00,piecewise_polylines_corners,multi_segment_polylines,piecewise_polylines_corners/multi_segment_polylines,15,270,0,3278.6,54,732,13176,40.658,0.519738437295609,0.6057365705221869,0.27602981652699554,0.06666666666666667,0.2222222222222222,43.666666666666664,0.0,0.663780839826123,0.6058924281716855,0.14440405961992184,0.2222222222222222,0.35555555555555557,44.0,0.0,0.6175005058893509,0.6052171863315878,0.20229958051856142,0.2,0.35555555555555557,43.93333333333333,0.0,0.5013745425068482,0.5980329256759713,0.38897652027432905,0.0,0.06666666666666667,44.111111111111114,0.0,0.7206651528503013,0.6071171024004344,0.10620524925455908,0.2,0.4666666666666667,44.15555555555556,0.0,0.7147665478722046,0.6004712941806826,0.07286869881673862,0.35555555555555557,0.5111111111111111,43.955555555555556,0.0
55,2026-08-25T21:10:15+00:00,piecewise_polylines_corners,noisy_corner_junctions,piecewise_polylines_corners/noisy_corner_junctions,16,288,0,3290.0,55,748,13464,41.596,0.6093835000883878,0.7230822372128207,0.30054852572725405,0.10416666666666667,0.3541666666666667,43.645833333333336,0.0,0.7857968502113324,0.726056590114851,0.1251400383269287,0.2916666666666667,0.4166666666666667,43.5625,0.0,0.7140045435088447,0.7269724619096327,0.15317757276866031,0.25,0.375,43.604166666666664,0.0,0.5494810387166091,0.7226993126737451,0.4682401147075767,0.041666666666666664,0.22916666666666666,44.4375,0.0,0.7798261156695708,0.7238198851825194,0.11963284719123479,0.3125,0.4583333333333333,43.645833333333336,0.0,0.8464689975621855,0.7276984346607923,0.08127522751821972,0.4166666666666667,0.5833333333333334,43.854166666666664,0.0
56,2026-08-25T21:56:34+00:00,piecewise_polylines_corners,sharp_corners,piecewise_polylines_corners/sharp_corners,13,234,0,2790.6,56,761,13698,42.368,0.7753294926452139,0.7529102565119405,0.30084054137108285,0.1282051282051282,0.38461538461538464,44.205128205128204,0.0,0.8828120837839335,0.7545173769462975,0.13533939117974983,0.38461538461538464,0.48717948717948717,44.256410256410255,0.0,0.8855452785282486,0.7567078113062167,0.1446043127678797,0.358974358974359,0.48717948717948717,44.12820512820513,0.0,0.6243316500581033,0.7561831789381274,0.4987836416104158,0.02564102564102564,0.05128205128205128,44.61538461538461,0.0,0.8082509211692034,0.759081098525611,0.12781061215184997,0.3333333333333333,0.5641025641025641,44.38461538461539,0.0,0.882056726161678,0.7575815772238683,0.0816184021117957,0.38461538461538464,0.5641025641025641,43.92307692307692,0.0
57,2026-08-25T22:40:46+00:00,piecewise_polylines_corners,two_segment_polylines,piecewise_polylines_corners/two_segment_polylines,13,234,0,2591.3,57,774,13932,43.105,0.5939915147639361,0.6606063503570905,0.2573773969200828,0.10256410256410256,0.2564102564102564,44.205128205128204,0.0,0.6759983472559676,0.6617689640015032,0.1088378414902174,0.1794871794871795,0.20512820512820512,43.97435897435897,0.0,0.6849997996790755,0.6577828006403004,0.15691090773638192,0.15384615384615385,0.2564102564102564,44.07692307692308,0.0,0.44131206745002566,0.6606549302888316,0.43793312749965535,0.02564102564102564,0.1282051282051282,44.12820512820513,0.0,0.7120381355245823,0.6653575836664003,0.08936349925340348,0.3076923076923077,0.41025641025641024,44.15384615384615,0.0,0.7930443811714931,0.6656805263110326,0.05734838702596727,0.41025641025641024,0.5384615384615384,43.97435897435897,0.0
58,2026-08-25T23:20:55+00:00,piecewise_polylines_corners,y_junctions,piecewise_polylines_corners/y_junctions,11,198,0,2437.2,58,785,14130,43.774,0.5853063028272922,0.7006568526905722,0.3432457413536786,0.09090909090909091,0.2727272727272727,43.60606060606061,0.0,0.7872667236081754,0.7056069224446972,0.10939247139747654,0.36363636363636365,0.5151515151515151,43.60606060606061,0.0,0.7607992565927901,0.7031665220184831,0.14039036083609435,0.3333333333333333,0.5151515151515151,43.63636363636363,0.0,0.5779263042841294,0.7076506184616169,0.4390964013029684,0.0,0.09090909090909091,43.90909090909091,0.0,0.8408369080703771,0.7086085209590027,0.08048564535316069,0.36363636363636365,0.6060606060606061,43.75757575757576,0.0,0.8256245302968138,0.7092715231656129,0.12687743902418228,0.3939393939393939,0.6666666666666666,43.484848484848484,0.0
59,2026-08-25T23:55:03+00:00,polygons_rectangles_frames,noisy_polygons,polygons_rectangles_frames/noisy_polygons,10,180,0,2038.0,59,795,14310,44.343,0.6850984693876305,0.6441031589466489,0.24567988462239787,0.13333333333333333,0.23333333333333334,44.233333333333334,0.0,0.8146208500945594,0.6445039794705377,0.10321895347510927,0.3333333333333333,0.4666666666666667,44.2,0.0,0.8145117964773831,0.6413148159542696,0.09617392995919297,0.3333333333333333,0.4666666666666667,44.43333333333333,0.0,0.5835136504988481,0.6470385988074706,0.3072526913427273,0.03333333333333333,0.3,44.6,0.0,0.7982579594096321,0.6449215823076769,0.061211360484667736,0.3333333333333333,0.5666666666666667,44.56666666666667,0.0,0.7687652420585397,0.6466310537545341,0.06317685435555989,0.36666666666666664,0.5,44.43333333333333,0.0
60,2026-08-26T00:21:11+00:00,polygons_rectangles_frames,open_frames,polygons_rectangles_frames/open_frames,8,144,0,1570.0,60,803,14454,44.778,0.524873013589702,0.5820697985875595,0.26946567525221715,0.16666666666666666,0.20833333333333334,43.833333333333336,0.0,0.6941649423570685,0.5860506589309414,0.09532590558316285,0.20833333333333334,0.2916666666666667,44.083333333333336,0.0,0.7024870721171151,0.5854867277193284,0.08640464508487704,0.25,0.375,44.208333333333336,0.0,0.5417340375521981,0.5824119068813495,0.32941633205905885,0.08333333333333333,0.16666666666666666,44.291666666666664,0.0,0.7111074224084386,0.5876347796791601,0.0590668806133868,0.2916666666666667,0.4583333333333333,43.916666666666664,0.0,0.7049322218405535,0.5889133360550552,0.04065803962599008,0.25,0.4583333333333333,44.125,0.0
61,2026-08-26T00:53:24+00:00,polygons_rectangles_frames,overlapping_polygons,polygons_rectangles_frames/overlapping_polygons,10,180,0,1933.2,61,813,14634,45.315,0.5512933589003215,0.6297531874351947,0.26268851678454475,0.16666666666666666,0.26666666666666666,43.8,0.0,0.7110261012804904,0.6353905643026528,0.05965388455872929,0.3333333333333333,0.36666666666666664,43.9,0.0,0.7453479497073019,0.6345106901491321,0.03659706231489563,0.4,0.4,43.53333333333333,0.0,0.5225374661585173,0.6311215265565071,0.28803307015934126,0.2,0.26666666666666666,44.03333333333333,0.0,0.6968930971483529,0.6330918749396502,0.0714099738701371,0.4,0.4,43.7,0.0,0.7432138495634917,0.6336011194593462,0.019072504463138913,0.5,0.5,43.9,0.0
62,2026-08-26T01:31:36+00:00,polygons_rectangles_frames,polygon_blob_mixture,polygons_rectangles_frames/polygon_blob_mixture,12,216,0,2274.5,62,825,14850,45.952,0.5202735792270156,0.5960914479602734,0.3138440357345517,0.0,0.25,43.05555555555556,0.0,0.7393178627244935,0.6103034629234141,0.1295845327610456,0.19444444444444445,0.4166666666666667,43.138888888888886,0.0,0.7402370009151209,0.6140588774990275,0.13984871886374198,0.16666666666666666,0.4166666666666667,42.888888888888886,0.0,0.483737903931636,0.6051509941664768,0.3523335204840335,0.05555555555555555,0.1111111111111111,43.75,0.0,0.778949536901155,0.6120685109702289,0.08289296924161903,0.19444444444444445,0.5277777777777778,43.333333333333336,0.0,0.761226128647655,0.605429063473575,0.07734110517586595,0.3888888888888889,0.5833333333333334,43.27777777777778,0.0
63,2026-08-26T01:59:45+00:00,polygons_rectangles_frames,rectangles,polygons_rectangles_frames/rectangles,9,162,0,1693.6,63,834,15012,46.421,0.4744200205472192,0.660163414847735,0.3477615345052872,0.18518518518518517,0.2222222222222222,42.77777777777778,0.0,0.8246549724961282,0.6639647550656792,0.07214892543534458,0.48148148148148145,0.48148148148148145,43.333333333333336,0.0,0.7883776499165277,0.664960315684727,0.10136983063695876,0.48148148148148145,0.48148148148148145,43.111111111111114,0.0,0.579329106641537,0.666615986496251,0.3414043118992095,0.1111111111111111,0.2222222222222222,43.407407407407405,0.0,0.8564195246648055,0.6649548642651155,0.06412232797548473,0.48148148148148145,0.5555555555555556,43.370370370370374,0.0,0.8938164864199067,0.6675341434181893,0.0379489974508994,0.5925925925925926,0.5185185185185185,43.25925925925926,0.0
64,2026-08-26T02:31:55+00:00,polygons_rectangles_frames,rotated_rectangles,polygons_rectangles_frames/rotated_rectangles,9,162,0,1954.0,64,843,15174,46.957,0.5891092630304076,0.6575233647784992,0.24714256280669547,0.2222222222222222,0.2222222222222222,43.851851851851855,0.0,0.7267612096487177,0.6563187027023145,0.10140501781741842,0.3333333333333333,0.4074074074074074,44.333333333333336,0.0,0.7775188887948803,0.6622615309611318,0.07596075514240483,0.37037037037037035,0.4074074074074074,44.148148148148145,0.0,0.7400624302599208,0.6627533441364526,0.300804942208579,0.14814814814814814,0.18518518518518517,44.03703703703704,0.0,0.7927530849800714,0.6617728191970541,0.0446331297385532,0.48148148148148145,0.4074074074074074,44.0,0.0,0.7700602441575077,0.6630304781377719,0.046773881546123934,0.48148148148148145,0.48148148148148145,43.925925925925924,0.0
65,2026-08-26T03:06:05+00:00,polygons_rectangles_frames,triangles_and_quadrilaterals,polygons_rectangles_frames/triangles_and_quadrilaterals,9,162,0,2013.9,65,852,15336,47.527,0.8263094577952835,0.7898924796073566,0.19237850478969096,0.2962962962962963,0.4074074074074074,43.666666666666664,0.0,0.9036401333523442,0.7927852115537597,0.08580862507013125,0.48148148148148145,0.5555555555555556,43.74074074074074,0.0,0.9023740980720834,0.7945951888429301,0.11492603213656871,0.4444444444444444,0.5555555555555556,43.96296296296296,0.0,0.7996296648517907,0.7872421707724193,0.33392273809307005,0.1111111111111111,0.2962962962962963,44.111111111111114,0.0,0.8825679708097431,0.79428706908295,0.06450218549794151,0.4444444444444444,0.5555555555555556,43.888888888888886,0.0,0.886804480346575,0.7945951888429301,0.11362699928244097,0.4444444444444444,0.6296296296296297,43.74074074074074,0.0
66,2026-08-26T03:44:23+00:00,radial_spiral_meander,broken_spirals,radial_spiral_meander/broken_spirals,12,216,0,2366.3,66,864,15552,48.165,0.5714951611983549,0.5559591909025747,0.23804867233381577,0.08333333333333333,0.16666666666666666,43.083333333333336,0.0,0.6731141743903611,0.5606034609964209,0.10790764427216315,0.25,0.3055555555555556,43.388888888888886,0.0,0.6529615468046213,0.5638864573772012,0.1218631287956698,0.19444444444444445,0.25,43.19444444444444,0.0,0.44818135559460354,0.5549538893033492,0.3134133182606936,0.0,0.1388888888888889,43.166666666666664,0.0,0.7051396155894314,0.564059175878852,0.08358715777251277,0.25,0.3611111111111111,43.30555555555556,0.0,0.747155580732005,0.5635073020727627,0.04092990509332054,0.25,0.5,43.02777777777778,0.0
67,2026-08-26T04:18:34+00:00,radial_spiral_meander,clean_spirals,radial_spiral_meander/clean_spirals,10,180,0,1980.1,67,874,15732,48.735,0.358231055028706,0.5830746910845197,0.3254212274217948,0.1,0.16666666666666666,43.6,0.0,0.7487368928331062,0.5975730798290597,0.04107026679703521,0.23333333333333334,0.4666666666666667,43.43333333333333,0.0,0.7123065650665786,0.5948453123447599,0.05798736791760647,0.3,0.5,43.5,0.0,0.4112075152978596,0.5895634991188025,0.3788641672317425,0.03333333333333333,0.13333333333333333,43.8,0.0,0.7826884704718304,0.5976199233757262,0.01500525581519675,0.4,0.6333333333333333,43.266666666666666,0.0,0.7415254964991153,0.5938246785692106,0.03375918390326592,0.3333333333333333,0.5666666666666667,43.36666666666667,0.0
68,2026-08-26T05:00:53+00:00,radial_spiral_meander,meander_curves,radial_spiral_meander/meander_curves,11,198,0,2588.5,68,885,15930,49.44,0.2828721204863174,0.3741290641992938,0.23427656652112602,0.0,0.15151515151515152,42.96969696969697,0.0,0.42212527179523374,0.3770104550559651,0.10772552549339019,0.12121212121212122,0.21212121212121213,43.333333333333336,0.0,0.37098617631383685,0.37471805324714164,0.1813596170375509,0.09090909090909091,0.24242424242424243,43.484848484848484,0.0,0.06789449920756047,0.3725119859148133,0.3363080613550828,0.030303030303030304,0.030303030303030304,43.81818181818182,0.0,0.476829524540453,0.37904259447126726,0.061077169766604066,0.15151515151515152,0.18181818181818182,43.36363636363637,0.0,0.48210965388213795,0.37877329947012733,0.06045842424358713,0.24242424242424243,0.36363636363636365,43.303030303030305,0.0
69,2026-08-26T05:39:09+00:00,radial_spiral_meander,noisy_meanders,radial_spiral_meander/noisy_meanders,9,162,0,2248.9,69,894,16092,50.078,0.2943758966650847,0.3630290067529308,0.2368482975801665,0.037037037037037035,0.14814814814814814,42.370370370370374,0.0,0.46848327589970995,0.3714841675390942,0.09729971321138811,0.07407407407407407,0.25925925925925924,42.629629629629626,0.0,0.46999130231057656,0.3862498861215325,0.10883282629091752,0.14814814814814814,0.25925925925925924,42.407407407407405,0.0,0.1691953410216631,0.35995242059547283,0.28911564342511076,0.037037037037037035,0.037037037037037035,42.666666666666664,0.0,0.4674286131460913,0.3653484543517037,0.06408406528642352,0.25925925925925924,0.2222222222222222,42.51851851851852,0.0,0.5068382158163194,0.3943223378631473,0.09581643478495251,0.1111111111111111,0.2962962962962963,42.2962962962963,0.0
70,2026-08-26T06:27:24+00:00,radial_spiral_meander,radial_arc_mixture,radial_spiral_meander/radial_arc_mixture,12,216,0,2911.5,70,906,16308,50.882,0.5096340372487012,0.6648008200980868,0.3729698946056792,0.0,0.19444444444444445,43.47222222222222,0.0,0.7299440192977121,0.6641026122019423,0.17011427244211152,0.19444444444444445,0.3055555555555556,44.19444444444444,0.0,0.6876214712749803,0.6661070344617301,0.21615897005666812,0.19444444444444445,0.25,43.833333333333336,0.0,0.5223646334643699,0.6550594064216035,0.41978165813774054,0.027777777777777776,0.05555555555555555,44.361111111111114,0.0,0.7420660817332245,0.6639128626313625,0.16544361876882438,0.16666666666666666,0.3055555555555556,44.19444444444444,0.0,0.7296770860897551,0.665554499133787,0.13928939566081175,0.25,0.2777777777777778,44.30555555555556,0.0
71,2026-08-26T07:07:36+00:00,radial_spiral_meander,radial_spokes,radial_spiral_meander/radial_spokes,10,180,0,2414.2,71,916,16488,51.552,0.6656464370197742,0.6928115112555078,0.27644062516030815,0.13333333333333333,0.36666666666666664,43.8,0.0,0.7748057544373786,0.7004216263452094,0.11710553939028816,0.23333333333333334,0.5333333333333333,43.93333333333333,0.0,0.7514019899986406,0.7009410033235454,0.1670523457995108,0.23333333333333334,0.4666666666666667,43.666666666666664,0.0,0.5484351823493419,0.692509003815433,0.43133393284374594,0.0,0.06666666666666667,43.8,0.0,0.7823421999694554,0.698646451584742,0.07280571515019714,0.36666666666666664,0.5666666666666667,43.86666666666667,0.0,0.8131780562099898,0.6999764872344919,0.11599694218641692,0.3,0.7,43.766666666666666,0.0
72,2026-08-26T07:43:41+00:00,radial_spiral_meander,rotational_symmetry_patterns,radial_spiral_meander/rotational_symmetry_patterns,9,162,0,2146.3,72,925,16650,52.154,0.6805160974773288,0.699664768441967,0.19539630937860902,0.18518518518518517,0.2962962962962963,43.77777777777778,0.0,0.851999572775692,0.7125958926021603,0.05320036512875447,0.37037037037037035,0.48148148148148145,44.25925925925926,0.0,0.8497733223310235,0.7071808763667015,0.0772827561728658,0.37037037037037035,0.5185185185185185,44.18518518518518,0.0,0.5712589678943094,0.6974260020540709,0.43448900649362776,0.0,0.1111111111111111,44.925925925925924,0.0,0.8433258167491908,0.7131285546661839,0.08298177616945199,0.3333333333333333,0.5185185185185185,44.666666666666664,0.0,0.8478277251499309,0.7075160870013072,0.0679706587396467,0.4074074074074074,0.6296296296296297,44.51851851851852,0.0
73,2026-08-26T08:05:50+00:00,standard_clustering_blobs,anisotropic_ellipses,standard_clustering_blobs/anisotropic_ellipses,6,108,0,1333.1,73,931,16758,52.523,0.5656917943577665,0.6386225504935834,0.30609033637539074,0.0,0.1111111111111111,43.666666666666664,0.0,0.6844490384431406,0.6509154929112643,0.16614764776694135,0.0,0.16666666666666666,43.77777777777778,0.0,0.6700440757535446,0.6471788121288324,0.17154639905090502,0.05555555555555555,0.2777777777777778,44.0,0.0,0.6495120432619271,0.6376173353066489,0.3043710257904413,0.05555555555555555,0.1111111111111111,44.0,0.0,0.7265753909177625,0.648980697203926,0.13226265428331763,0.1111111111111111,0.2777777777777778,44.22222222222222,0.0,0.7693900799753739,0.646676153226006,0.08532702937793374,0.2777777777777778,0.5555555555555556,43.833333333333336,0.0
74,2026-08-26T08:39:54+00:00,standard_clustering_blobs,density_imbalanced_blobs,standard_clustering_blobs/density_imbalanced_blobs,9,162,0,2005.1,74,940,16920,53.091,0.374292593069774,0.571026055358332,0.31184395588294006,0.037037037037037035,0.2222222222222222,42.925925925925924,0.0,0.6676227924841408,0.576297345650193,0.060675145726770185,0.3333333333333333,0.4074074074074074,42.925925925925924,0.0,0.6609522447632719,0.576031263382147,0.055572634738302706,0.4444444444444444,0.4074074074074074,42.888888888888886,0.0,0.3873524784099017,0.5727795735164549,0.38016700742521725,0.037037037037037035,0.07407407407407407,43.03703703703704,0.0,0.6263626446856817,0.5770527708657378,0.06153831977675598,0.4074074074074074,0.4074074074074074,43.111111111111114,0.0,0.6392417808413168,0.5749417852593551,0.05186721295470683,0.37037037037037035,0.5185185185185185,42.629629629629626,0.0
75,2026-08-26T08:58:00+00:00,standard_clustering_blobs,imbalanced_cluster_sizes,standard_clustering_blobs/imbalanced_cluster_sizes,5,90,0,1129.6,75,945,17010,53.392,0.468574678924006,0.6005095784488322,0.3226129677126012,0.0,0.26666666666666666,42.4,0.0,0.6451236817855581,0.6034282161704961,0.1168785851151321,0.2,0.26666666666666666,42.666666666666664,0.0,0.595144086746338,0.6023016367793337,0.15324042884056202,0.13333333333333333,0.26666666666666666,42.666666666666664,0.0,0.5934066730867259,0.6004374448246641,0.3246203695044766,0.0,0.26666666666666666,43.06666666666667,0.0,0.6438466228345855,0.6076113136478567,0.10251466667895179,0.2,0.26666666666666666,43.13333333333333,0.0,0.7501912476586166,0.6082936496258626,0.07692752521628536,0.13333333333333333,0.4666666666666667,42.53333333333333,0.0
76,2026-08-26T09:22:05+00:00,standard_clustering_blobs,isotropic_blobs,standard_clustering_blobs/isotropic_blobs,8,144,0,1430.0,76,953,17154,53.793,0.4928447871730606,0.6142088516803038,0.3225895221640632,0.0,0.25,42.583333333333336,0.0,0.7155509479556988,0.6159033615071149,0.1233204348865335,0.20833333333333334,0.375,43.166666666666664,0.0,0.728785884835366,0.620159318502531,0.11816671743503071,0.20833333333333334,0.375,43.708333333333336,0.0,0.4716028837545203,0.6188721360547741,0.36040189050867283,0.0,0.041666666666666664,43.458333333333336,0.0,0.725351479541203,0.6218838925562395,0.13682375971540892,0.125,0.375,43.083333333333336,0.0,0.7671864099098081,0.619464162024393,0.06901372893127736,0.2916666666666667,0.4583333333333333,43.291666666666664,0.0
77,2026-08-26T09:42:13+00:00,standard_clustering_blobs,mixed_blob_ellipse,standard_clustering_blobs/mixed_blob_ellipse,6,108,0,1192.8,77,959,17262,54.129,0.6423797792156861,0.722911562478027,0.278700040660673,0.1111111111111111,0.2777777777777778,43.94444444444444,0.0,0.7832120029075854,0.7269674919523221,0.10277736062553537,0.2777777777777778,0.5,43.833333333333336,0.0,0.7422385788894438,0.7283727751309143,0.11183958205338237,0.2222222222222222,0.5,43.833333333333336,0.0,0.42027932199572854,0.722920746755819,0.49774390878924574,0.05555555555555555,0.05555555555555555,43.833333333333336,0.0,0.8502863106226934,0.7261806210197723,0.04306249622459258,0.3888888888888889,0.6111111111111112,44.27777777777778,0.0,0.8056128958395931,0.7279180855289478,0.11542456387873562,0.2222222222222222,0.5555555555555556,44.111111111111114,0.0
78,2026-08-26T10:10:23+00:00,standard_clustering_blobs,outliers_and_noise_blobs,standard_clustering_blobs/outliers_and_noise_blobs,8,144,0,1695.5,78,967,17406,54.598,0.4832434335360614,0.5778172758032895,0.3531489366789636,0.08333333333333333,0.2916666666666667,42.791666666666664,0.0,0.6200127410451421,0.5811485026618524,0.1096901086188921,0.20833333333333334,0.5,43.041666666666664,0.0,0.5875942597124288,0.5791512549804798,0.12028515262474275,0.25,0.4583333333333333,43.166666666666664,0.0,0.5056738654943224,0.5760714709449875,0.34225929471745936,0.0,0.041666666666666664,43.416666666666664,0.0,0.7039748147160747,0.5849114141804589,0.03777075132750871,0.4166666666666667,0.5833333333333334,43.291666666666664,0.0,0.6723927499468116,0.5819414873575838,0.08660752145055446,0.2916666666666667,0.625,43.25,0.0
79,2026-08-26T10:38:34+00:00,standard_clustering_blobs,overlapping_blobs,standard_clustering_blobs/overlapping_blobs,9,162,0,1720.3,79,976,17568,55.068,0.5187166816213686,0.5384576023144511,0.23845402685274592,0.07407407407407407,0.2222222222222222,43.074074074074076,0.0,0.5661418150271896,0.5395468598915064,0.1422779725119475,0.25925925925925924,0.25925925925925924,43.666666666666664,0.0,0.6636754530379629,0.5398616712442474,0.06893585716701825,0.4074074074074074,0.37037037037037035,43.7037037037037,0.0,0.48003450519193147,0.5389320406004549,0.3352862321328529,0.037037037037037035,0.037037037037037035,43.25925925925926,0.0,0.6671650944753372,0.5338710869506228,0.05928451340840884,0.25925925925925924,0.37037037037037035,43.48148148148148,0.0,0.6780963687162972,0.5377618335689709,0.0766082038240315,0.25925925925925924,0.4074074074074074,43.25925925925926,0.0
80,2026-08-26T11:18:44+00:00,texture_density_fields,anisotropic_grain,texture_density_fields/anisotropic_grain,11,198,0,2346.1,80,987,17766,55.738,0.26885630859108656,0.44023347295803344,0.30054530027898274,0.0,0.12121212121212122,42.333333333333336,0.0,0.4201944566752655,0.44375308829298354,0.1627816002614789,0.12121212121212122,0.21212121212121213,42.93939393939394,0.0,0.472394411117089,0.4397620519837665,0.1192568780147042,0.18181818181818182,0.2727272727272727,42.96969696969697,0.0,0.27691733552036446,0.4395328159225604,0.308415345203368,0.0,0.0,42.878787878787875,0.0,0.5124570218492109,0.4447925575886837,0.11353178152738355,0.18181818181818182,0.3333333333333333,42.84848484848485,0.0,0.49333562240933604,0.44204029088477637,0.11168396600965873,0.30303030303030304,0.2727272727272727,42.42424242424242,0.0
81,2026-08-26T11:54:50+00:00,texture_density_fields,density_patchwork,texture_density_fields/density_patchwork,12,216,0,2266.9,81,999,17982,56.339,0.45019526796102105,0.5490890180999003,0.3061737598492217,0.027777777777777776,0.19444444444444445,42.583333333333336,0.0,0.5857527662830122,0.5471896781081563,0.12687477536271008,0.1388888888888889,0.3611111111111111,42.666666666666664,0.0,0.5742303186695896,0.5472585620828888,0.11633873424195193,0.16666666666666666,0.3611111111111111,42.97222222222222,0.0,0.3771476760633567,0.5471917588510392,0.39217303908721945,0.0,0.05555555555555555,42.75,0.0,0.6066169452688722,0.5463467390721434,0.12664205740564013,0.2222222222222222,0.4166666666666667,43.19444444444444,0.0,0.6592748203065728,0.5493977514794923,0.06882327894424349,0.2222222222222222,0.3888888888888889,43.02777777777778,0.0
82,2026-08-26T12:39:01+00:00,texture_density_fields,fractal_dust,texture_density_fields/fractal_dust,11,198,0,2540.7,82,1010,18180,57.076,0.3536200922765844,0.5420227548581944,0.311626190302154,0.06060606060606061,0.15151515151515152,43.0,0.0,0.6325391937799719,0.5447580059633099,0.09440648219549666,0.12121212121212122,0.3333333333333333,43.333333333333336,0.0,0.6330277000462794,0.5448347626956684,0.11485815254099717,0.21212121212121213,0.2727272727272727,43.21212121212121,0.0,0.4115594512000493,0.54176887579882,0.34757845973779816,0.0,0.09090909090909091,43.878787878787875,0.0,0.5330555579341181,0.5398781241406098,0.17309682118586772,0.12121212121212122,0.2727272727272727,43.75757575757576,0.0,0.6237685008515531,0.5458579320799423,0.08397014853779146,0.24242424242424243,0.30303030303030304,43.27272727272727,0.0
83,2026-08-26T13:19:15+00:00,texture_density_fields,micro_blobs_texture,texture_density_fields/micro_blobs_texture,12,216,0,2449.1,83,1022,18396,57.746,0.40724108346947135,0.549992017728283,0.3246647282340317,0.0,0.2222222222222222,42.888888888888886,0.0,0.5667825803636932,0.5562494015767497,0.17871839581716695,0.19444444444444445,0.3333333333333333,43.02777777777778,0.0,0.6433032655072485,0.5607942975160501,0.14249904790128795,0.1388888888888889,0.3333333333333333,42.888888888888886,0.0,0.3135512347945763,0.5501064112324409,0.41204946835396106,0.0,0.1111111111111111,43.44444444444444,0.0,0.6132039778838014,0.5558010830918629,0.11132999505539681,0.19444444444444445,0.3611111111111111,42.80555555555556,0.0,0.6982784215331588,0.5550117252017811,0.06249980464149312,0.2777777777777778,0.3888888888888889,42.75,0.0
84,2026-08-26T14:05:29+00:00,texture_density_fields,oriented_texture,texture_density_fields/oriented_texture,12,216,0,2812.1,84,1034,18612,58.517,0.6306279210008477,0.6769881872259365,0.2717774573050418,0.08333333333333333,0.3055555555555556,44.02777777777778,0.0,0.6807047831106742,0.6793612737201166,0.14180592707223252,0.2222222222222222,0.3611111111111111,43.833333333333336,0.0,0.7101703269157894,0.677822502992064,0.12287739382912083,0.3055555555555556,0.3333333333333333,43.833333333333336,0.0,0.5160075125572101,0.668821157917971,0.43730874978641504,0.027777777777777776,0.16666666666666666,44.333333333333336,0.0,0.7340928644591767,0.6869303604035847,0.1298800797036095,0.2777777777777778,0.5,44.111111111111114,0.0,0.739636988426322,0.6862478178506026,0.12633548025861016,0.3611111111111111,0.4166666666666667,44.111111111111114,0.0
85,2026-08-26T14:39:40+00:00,texture_density_fields,speckle_fields,texture_density_fields/speckle_fields,10,180,0,1981.9,85,1044,18792,59.086,0.6125380494286998,0.5238156633854629,0.1840934480848304,0.06666666666666667,0.13333333333333333,43.63333333333333,0.0,0.7014338997101561,0.5286307301809121,0.03691191034415166,0.26666666666666666,0.4,43.93333333333333,0.0,0.6977721593789669,0.5302939046216102,0.06302820747242052,0.26666666666666666,0.3,44.03333333333333,0.0,0.47607768620708174,0.5243897703070332,0.3023357070757401,0.03333333333333333,0.03333333333333333,44.06666666666667,0.0,0.6711990413136126,0.5264626005132355,0.06192638352299293,0.3333333333333333,0.3333333333333333,44.333333333333336,0.0,0.6821068694806323,0.5296100558712135,0.0634664439303672,0.2,0.4,43.96666666666667,0.0
86,2026-08-26T15:21:45+00:00,texture_density_fields,texture_plus_structure,texture_density_fields/texture_plus_structure,11,198,0,2531.1,86,1055,18990,59.788,0.5516429988648812,0.617677222824808,0.310395804119231,0.06060606060606061,0.24242424242424243,43.93939393939394,0.0,0.7557685282947394,0.619259479440364,0.09692821921583915,0.24242424242424243,0.36363636363636365,44.27272727272727,0.0,0.6628955054448611,0.621810835297577,0.14111354485513422,0.24242424242424243,0.3939393939393939,44.0,0.0,0.409235026007393,0.6190030821767375,0.39380194327218015,0.0,0.09090909090909091,43.90909090909091,0.0,0.6696294566824482,0.6228757255186036,0.11433058567637455,0.2727272727272727,0.36363636363636365,44.303030303030305,0.0,0.6819284562267124,0.6165622480040844,0.13447808604267641,0.3333333333333333,0.45454545454545453,43.878787878787875,0.0
