subfamily,size,mean,median,<lambda_0>
amp_arc_trends,780,17.907523335620333,17.63185003073886,26.30787508096546
anisotropic_ellipses,360,16.258038612431847,15.48559998627752,24.988765007583424
anisotropic_grain,660,19.965979243649848,19.859599939081818,27.960215049097307
annuli_variable_thickness,900,16.42266144264593,15.776750049553812,24.98522498062811
arc_parabola_mixture,600,18.752984666692402,18.671049969270825,28.178639890393242
arcs_plus_blobs,900,21.022235778186264,20.912200096063316,28.827110049314797
bands_plus_arcs,1020,20.79815176411477,20.313500019256026,31.33563493029214
bands_plus_blobs,960,20.516611767864863,20.471249939873815,30.208275082986802
branching_trees,660,20.53742196735446,19.968850014265627,29.992704966571182
bridged_components,600,18.504028838360682,18.051949969958514,27.09854008862748
broken_hollow_shapes,840,20.082028688851832,19.675749994348735,29.58368494873866
broken_piecewise_lines,720,19.89771986328479,20.243150007445365,28.97466999129392
broken_rings,840,19.79723012011077,19.371700007468462,29.497070028446615
broken_spirals,720,19.305084723358352,18.991650023963302,28.818729973863807
clean_arcs,720,17.358644167608063,17.46564992936328,24.67886501690373
clean_parabolas,720,19.40875360855393,19.3931000540033,27.97111000400036
clean_parallel_bands,840,19.876696427707515,19.677050004247576,29.13603492779657
clean_spirals,600,18.050744834084373,17.336649994831532,25.658980006119236
crossing_or_near_crossing_bands,900,21.90823911378781,21.815549989696592,30.38225002237596
curves_plus_ladders,900,21.785152772079325,21.75914990948513,31.54304504278115
curves_with_density_drift,660,20.366296213945713,20.152950019109994,29.340244986815375
density_imbalanced_blobs,540,18.11509092502227,17.343749932479113,27.615350030828257
density_patchwork,720,19.196339721060617,18.895799992606044,27.88709494052454
disconnected_components,720,18.939154724325313,18.728950002696365,27.345585008151822
distorted_grid,960,21.045458021762897,21.15890005370602,29.85860499320552
fractal_dust,660,19.871801970293745,19.74585000425577,28.1656050181482
fragmented_band_with_overlapping_clouds,660,19.673468633449044,19.570849952287972,27.43394000572152
fragmented_bands,780,19.487066155908487,19.20705003431067,28.39998993440531
fragmented_curves,720,19.55995722221107,19.660849939100444,28.777300129877403
full_mixed_scene,1080,20.946236575966598,20.590249972883612,31.25313500058837
full_rings,900,19.09942255445963,18.934099993202835,27.249805035535246
grid_with_noise_and_gaps,720,19.119357080813238,19.292799930553883,27.109725004993376
hollow_mixed_shapes,900,20.900953887677233,20.804400031920522,29.62521504377946
hybrid_deinterleaving_scene,900,19.421988442255596,19.39249999122694,26.966064929729306
imbalanced_cluster_sizes,300,16.54917366608667,15.990799991413951,23.52011993061751
isotropic_blobs,480,21.67615833338156,21.65574999526143,31.886614946415648
meander_curves,660,19.706626818162587,19.389750144910067,27.62808999978006
micro_blobs_texture,720,19.738090419398052,19.950150046497583,27.850864944048222
missing_pulses,900,20.633810113908517,20.593299996107817,29.173939913744107
missing_rungs_ladder,540,18.64072796802416,18.689500051550567,27.014684991445392
mixed_blob_ellipse,360,16.00846360961441,15.545599977485836,22.896589874289933
multi_hole_shapes,900,21.150947554657858,21.214650012552738,31.204644986428317
multi_segment_polylines,900,21.749322556036834,21.493249980267137,31.899959931615737
nested_arcs,840,17.923925242004252,17.659350007306784,24.768980004591867
nested_overlapping_arc_pairs,720,17.682057084554497,17.54585007438436,24.726964905858036
noisy_corner_junctions,960,20.610646144511218,20.483499916736037,30.714984977385026
noisy_curved_ribbons,720,19.784458471662624,20.20610001636669,28.151649993378665
noisy_interleaved_bands,900,21.492069556455437,21.417949930764735,31.83583000209182
noisy_meanders,540,17.704597592172732,17.035749973729253,25.54962521535344
noisy_overlapping_arcs,1200,19.860628165964346,19.73659999202937,28.672240034211423
noisy_polygons,600,17.687025502285298,17.57514994824305,24.58750999649055
open_frames,480,18.142343753182406,17.92504993500188,25.770319945877407
opposite_direction_parabolas,660,20.11617167154327,20.31580003676936,28.042049880605187
oriented_texture,720,19.07969722087728,19.4883500225842,25.8811249397695
outliers_and_noise_blobs,480,18.853376248929028,18.6516999383457,26.657960040029135
overlapping_blobs,540,17.928350739034446,18.124099995475262,25.045005016727373
overlapping_polygons,600,17.962816000023548,17.227600095793605,26.375674945302297
partial_circles,840,17.947656542916473,17.637500015553087,25.618854962522164
polygon_blob_mixture,720,19.50049014008578,19.64279991807416,28.226565115619447
polygons_plus_rings,900,21.367188329006442,20.866650040261447,31.432479980867353
pri_amp_coupled,1140,21.375740789440705,21.14849997451529,30.869490082841367
pri_parallel_trains,720,19.37225527767118,19.42425000015646,27.749754965770986
pri_with_jitter,780,19.17631371970623,18.81029992364347,28.8879650121089
radial_arc_mixture,720,19.28848097353087,19.28324997425079,27.264840103453018
radial_spokes,600,17.775460331855964,17.38004997605458,25.590184942120683
rectangles,540,18.403787406471867,18.439649953506887,26.528729894198474
regular_grid,780,19.365909489808985,19.37230007024482,27.78178000589833
rotated_ladder,600,17.951977161186125,17.556699982378632,26.157859986415133
rotated_parallel_bands,780,20.663814102627864,20.472299947869033,31.595064909197383
rotated_rectangles,540,18.450957772977375,18.00909999292344,26.434829982463267
rotational_symmetry_patterns,540,18.127582224379122,18.017600057646632,26.67064500856213
sharp_corners,780,19.66885499975596,19.371600006707013,30.11859498801641
simple_ladder,660,19.175447273477346,18.955449981149286,26.56892497325316
single_hole_rings,720,19.5875305557921,19.381050020456314,29.957360116532065
sparse_lattice,720,19.813747082662303,19.686299958266318,28.685805021086704
speckle_fields,600,18.193891502645176,17.743350006639957,26.71640997868962
spurious_pulses_noise,900,22.10584055321912,21.66014997055754,33.16125489072874
texture_plus_structure,660,19.854192273641907,19.31570004671812,28.52873996016569
thick_ribbons,900,21.257423777262577,21.215250017121434,30.668135057203465
topological_noise,780,20.002454874338582,19.96875007171184,30.1625499036163
topology_plus_texture,1080,20.76234685071675,20.164149929769337,30.932820023735985
triangles_and_quadrilaterals,540,18.27719463186373,17.973100009839982,26.629029965260994
two_segment_polylines,780,19.879970382242345,19.412450026720762,29.54462501802481
variable_curvature_chains,660,20.162910148219176,20.1757499598898,28.130104980664328
variable_spacing_bands,780,20.358187693039863,19.943599996622652,30.304389988305044
y_junctions,660,19.428031516409565,19.31589999003336,27.0694300357718
