family_id,n_rows,delta_v2_minus_fixed,delta_v2_minus_v1,C_v2
parabolic_curved_chains,237.0,-0.006973581187479459,-0.0016578082139472204,0.2533771017157173
deinterleaving_pri_toa_amp_like,306.0,-0.004640845142033474,0.003304841474732428,0.23608473938876998
piecewise_polylines_corners,273.0,-0.0028555930880205193,0.005367345468531524,0.6577850338989808
texture_density_fields,237.0,-0.002847269533336049,0.007838426222634436,0.5144490596934456
polygons_rectangles_frames,201.0,-0.0012874847682519492,-0.0023577706842659338,0.6266284527231506
standard_clustering_blobs,153.0,-0.0004284093376065835,-0.0007368419829626726,0.5644200957133577
hybrid_mixed_geometry,375.0,0.00076204502649451,0.00613979615033127,0.4978333405144918
hollow_topological_components,273.0,0.0008127901141937986,0.0015495443477862025,0.5985201443097842
linear_bands_parallel_stripes,294.0,0.001004220910787829,0.008662949716452909,0.20153311024146947
arcs_circles_rings,348.0,0.001369965369666359,0.006421452808412475,0.5783319980445548
radial_spiral_meander,219.0,0.004182435693964791,0.007396479269796496,0.5449232885215242
ladder_grid_lattice,249.0,0.004460271830495899,0.004907255966360674,0.2687799495300582
