regime_id,n_rows_selected_by_v2,raw_wins,softmax_wins,ties,mean_abs_online_difference,weighting_oracle_gain
KNN_DYNAMIC,135,1012,1032,1121,0.023932388775855126,0.012345050773352021
KNN_TOP1,135,1033,1091,1041,0.030857979351950473,0.01619651476475845
KNN_TOP10,1167,988,1006,1171,0.02220512474671179,0.011175438306171325
KNN_TOP3,176,1072,1039,1054,0.02557341043339167,0.013012856734444259
KNN_TOP5,174,996,966,1203,0.02200538729139704,0.011252866590615572
MLP_DYNAMIC,181,1007,1044,1114,0.025094693453545012,0.011426809013053721
MLP_TOP1,93,1033,1024,1108,0.02753888235566937,0.01369768694531931
MLP_TOP10,719,1031,980,1154,0.02266903634569866,0.010527925792018058
MLP_TOP3,217,1026,1061,1078,0.023547791867327354,0.012024159481027507
MLP_TOP5,168,1028,988,1149,0.02448364142210252,0.012243111934149767
