method_id,bestview_ari_mean,short,family,three_view_runtime_median,three_view_runtime_p90,relative_to_fastest_arm,relative_to_fastest_in_family,pareto_efficient
IDB_AutoClust_A0_original_cvis,0.3536211144633334,A0,AutoClust,48.389739000000006,169.64471640000002,2.3924416531430857,1.0,False
IDB_AutoClust_A1_original_plus_established,0.3084945535431716,A1,AutoClust,51.806281999999996,173.45709390000002,2.561359278074983,1.0706046998930907,False
IDB_AutoClust_A2_original_plus_new46,0.34946125800188427,A2,AutoClust,130.1117565,273.10666270000024,6.432867633657016,2.6888294747777004,False
IDB_AutoClust_A3_extended_cvis,0.3315564854012704,A3,AutoClust,133.099146,271.6457247000002,6.58056743988995,2.750565486621037,False
IDB_ClustOpt_C0_MLP_TOP5_RAW_noR,0.31272202330565513,C0,ClustOpt,41.28448349999999,114.25558290000001,2.0411500453411913,1.0,False
IDB_ClustOpt_C1_KNN_TOP10_RAW_noR,0.30761462837561576,C1,ClustOpt,47.224602000000004,122.74614560000002,2.3348360047551457,1.1438825921123614,False
IDB_ClustOpt_C2_PPv1_noR,0.3173904646644763,C2,ClustOpt,66.876213,118.1930531,3.306433159014747,1.6198873603444746,False
IDB_ClustOpt_C3_MLP_TOP5_RAW_R,0.3488347159942083,C3,ClustOpt,41.3898105,114.5364802,2.046357527489434,1.002551249066735,True
IDB_ClustOpt_C4_KNN_TOP10_RAW_R,0.39061865713313393,C4,ClustOpt,48.331375,123.1843305,2.389556073110425,1.1706910418293113,True
IDB_ClustOpt_C5_PPv2_R,0.39896712199904855,C5,ClustOpt,62.864305,134.95280240000002,3.108080036924587,1.5227102211415582,True
IDB_ML2DAC_M0_original_cvis,0.28593310899360014,M0,ML2DAC,23.065691,39.703300600000006,1.14039300577603,1.14039300577603,False
IDB_ML2DAC_M1_original_plus_established,0.32389067447515385,M1,ML2DAC,20.2260895,40.962421600000006,1.0,1.0,True
IDB_ML2DAC_M2_original_plus_new46,0.27307114578832103,M2,ML2DAC,21.894519,48.48881840000001,1.0824889803834794,1.0824889803834794,False
IDB_ML2DAC_M3_extended_cvis,0.30070627639911973,M3,ML2DAC,20.762371,46.545121400000006,1.0265143442581919,1.0265143442581919,False
