dataset_id,source,method_id,best_view,bestview_ari
fcps_atom,fcps,IDB_AutoClust_A0_original_cvis,xy_2d,0.7320879160947049
fcps_atom,fcps,IDB_AutoClust_A1_original_plus_established,xy_2d,0.7310734913252774
fcps_atom,fcps,IDB_AutoClust_A2_original_plus_new46,xy_2d,0.7320879160947049
fcps_atom,fcps,IDB_AutoClust_A3_extended_cvis,xy_2d,0.7320879160947049
fcps_atom,fcps,IDB_ClustOpt_C0_MLP_TOP5_RAW_noR,xy_2d,0.8766991892018089
fcps_atom,fcps,IDB_ClustOpt_C1_KNN_TOP10_RAW_noR,xy_2d,0.8925904657087418
fcps_atom,fcps,IDB_ClustOpt_C2_PPv1_noR,xy_2d,0.6706645150437972
fcps_atom,fcps,IDB_ClustOpt_C3_MLP_TOP5_RAW_R,x_only,0.5316386177240103
fcps_atom,fcps,IDB_ClustOpt_C4_KNN_TOP10_RAW_R,xy_2d,0.8925904657087418
fcps_atom,fcps,IDB_ClustOpt_C5_PPv2_R,x_only,0.5316386177240103
fcps_atom,fcps,IDB_ML2DAC_M0_original_cvis,x_only,0.6337654534064614
fcps_atom,fcps,IDB_ML2DAC_M1_original_plus_established,xy_2d,0.5202199821737719
fcps_atom,fcps,IDB_ML2DAC_M2_original_plus_new46,x_only,0.1907138558196204
fcps_atom,fcps,IDB_ML2DAC_M3_extended_cvis,x_only,0.6337654534064614
fcps_chainlink,fcps,IDB_AutoClust_A0_original_cvis,y_only,0.1871232575784863
fcps_chainlink,fcps,IDB_AutoClust_A1_original_plus_established,y_only,0.1315931432335086
fcps_chainlink,fcps,IDB_AutoClust_A2_original_plus_new46,xy_2d,0.2014842720076929
fcps_chainlink,fcps,IDB_AutoClust_A3_extended_cvis,y_only,0.1315931432335086
fcps_chainlink,fcps,IDB_ClustOpt_C0_MLP_TOP5_RAW_noR,x_only,0.0870521570855044
fcps_chainlink,fcps,IDB_ClustOpt_C1_KNN_TOP10_RAW_noR,x_only,0.0687647871591763
fcps_chainlink,fcps,IDB_ClustOpt_C2_PPv1_noR,xy_2d,0.0836451247421017
fcps_chainlink,fcps,IDB_ClustOpt_C3_MLP_TOP5_RAW_R,x_only,0.1562795458128404
fcps_chainlink,fcps,IDB_ClustOpt_C4_KNN_TOP10_RAW_R,xy_2d,0.0993762587385687
fcps_chainlink,fcps,IDB_ClustOpt_C5_PPv2_R,xy_2d,0.0993762587385687
fcps_chainlink,fcps,IDB_ML2DAC_M0_original_cvis,x_only,0.1290852972567571
fcps_chainlink,fcps,IDB_ML2DAC_M1_original_plus_established,x_only,0.1562795458128404
fcps_chainlink,fcps,IDB_ML2DAC_M2_original_plus_new46,x_only,0.1290852972567571
fcps_chainlink,fcps,IDB_ML2DAC_M3_extended_cvis,x_only,0.1290852972567571
fcps_engytime,fcps,IDB_AutoClust_A0_original_cvis,xy_2d,0.8168254548939095
fcps_engytime,fcps,IDB_AutoClust_A1_original_plus_established,xy_2d,0.7827575523154503
fcps_engytime,fcps,IDB_AutoClust_A2_original_plus_new46,xy_2d,0.3618736709963058
fcps_engytime,fcps,IDB_AutoClust_A3_extended_cvis,xy_2d,0.7827575523154503
fcps_engytime,fcps,IDB_ClustOpt_C0_MLP_TOP5_RAW_noR,y_only,0.4881027281154275
fcps_engytime,fcps,IDB_ClustOpt_C1_KNN_TOP10_RAW_noR,y_only,0.477244171658024
fcps_engytime,fcps,IDB_ClustOpt_C2_PPv1_noR,y_only,0.4881027281154275
fcps_engytime,fcps,IDB_ClustOpt_C3_MLP_TOP5_RAW_R,xy_2d,0.8168254548939095
fcps_engytime,fcps,IDB_ClustOpt_C4_KNN_TOP10_RAW_R,y_only,0.4881027281154275
fcps_engytime,fcps,IDB_ClustOpt_C5_PPv2_R,y_only,0.4881027281154275
fcps_engytime,fcps,IDB_ML2DAC_M0_original_cvis,y_only,0.5060070147698777
fcps_engytime,fcps,IDB_ML2DAC_M1_original_plus_established,y_only,0.4718607352480834
fcps_engytime,fcps,IDB_ML2DAC_M2_original_plus_new46,y_only,0.5060070147698777
fcps_engytime,fcps,IDB_ML2DAC_M3_extended_cvis,y_only,0.3741747786947954
fcps_lsun,fcps,IDB_AutoClust_A0_original_cvis,y_only,0.8240202410712221
fcps_lsun,fcps,IDB_AutoClust_A1_original_plus_established,y_only,0.7492143306096795
fcps_lsun,fcps,IDB_AutoClust_A2_original_plus_new46,y_only,0.8208008007556865
fcps_lsun,fcps,IDB_AutoClust_A3_extended_cvis,y_only,0.7492143306096795
fcps_lsun,fcps,IDB_ClustOpt_C0_MLP_TOP5_RAW_noR,xy_2d,0.2696072955111265
fcps_lsun,fcps,IDB_ClustOpt_C1_KNN_TOP10_RAW_noR,y_only,0.7492143306096795
fcps_lsun,fcps,IDB_ClustOpt_C2_PPv1_noR,y_only,0.8240202410712221
fcps_lsun,fcps,IDB_ClustOpt_C3_MLP_TOP5_RAW_R,y_only,0.7492143306096795
fcps_lsun,fcps,IDB_ClustOpt_C4_KNN_TOP10_RAW_R,xy_2d,1.0
fcps_lsun,fcps,IDB_ClustOpt_C5_PPv2_R,xy_2d,1.0
fcps_lsun,fcps,IDB_ML2DAC_M0_original_cvis,x_only,0.2505887952397595
fcps_lsun,fcps,IDB_ML2DAC_M1_original_plus_established,x_only,0.2505887952397595
fcps_lsun,fcps,IDB_ML2DAC_M2_original_plus_new46,x_only,0.2505887952397595
fcps_lsun,fcps,IDB_ML2DAC_M3_extended_cvis,x_only,0.2505887952397595
fcps_tetra,fcps,IDB_AutoClust_A0_original_cvis,xy_2d,0.3421594726500602
fcps_tetra,fcps,IDB_AutoClust_A1_original_plus_established,xy_2d,0.3421594726500602
fcps_tetra,fcps,IDB_AutoClust_A2_original_plus_new46,xy_2d,0.6207849507449116
fcps_tetra,fcps,IDB_AutoClust_A3_extended_cvis,xy_2d,0.3421594726500602
fcps_tetra,fcps,IDB_ClustOpt_C0_MLP_TOP5_RAW_noR,x_only,0.2871997630813568
fcps_tetra,fcps,IDB_ClustOpt_C1_KNN_TOP10_RAW_noR,y_only,0.3147199117509291
fcps_tetra,fcps,IDB_ClustOpt_C2_PPv1_noR,x_only,0.2871997630813568
fcps_tetra,fcps,IDB_ClustOpt_C3_MLP_TOP5_RAW_R,xy_2d,0.3128054740957967
fcps_tetra,fcps,IDB_ClustOpt_C4_KNN_TOP10_RAW_R,y_only,0.3147199117509291
fcps_tetra,fcps,IDB_ClustOpt_C5_PPv2_R,y_only,0.3147199117509291
fcps_tetra,fcps,IDB_ML2DAC_M0_original_cvis,y_only,0.3147199117509291
fcps_tetra,fcps,IDB_ML2DAC_M1_original_plus_established,y_only,0.3147199117509291
fcps_tetra,fcps,IDB_ML2DAC_M2_original_plus_new46,y_only,0.3147199117509291
fcps_tetra,fcps,IDB_ML2DAC_M3_extended_cvis,x_only,0.2981255480289132
fcps_twodiamonds,fcps,IDB_AutoClust_A0_original_cvis,xy_2d,1.0
fcps_twodiamonds,fcps,IDB_AutoClust_A1_original_plus_established,x_only,1.0
fcps_twodiamonds,fcps,IDB_AutoClust_A2_original_plus_new46,xy_2d,1.0
fcps_twodiamonds,fcps,IDB_AutoClust_A3_extended_cvis,xy_2d,1.0
fcps_twodiamonds,fcps,IDB_ClustOpt_C0_MLP_TOP5_RAW_noR,x_only,1.0
fcps_twodiamonds,fcps,IDB_ClustOpt_C1_KNN_TOP10_RAW_noR,x_only,0.9850560193677784
fcps_twodiamonds,fcps,IDB_ClustOpt_C2_PPv1_noR,x_only,1.0
fcps_twodiamonds,fcps,IDB_ClustOpt_C3_MLP_TOP5_RAW_R,xy_2d,1.0
fcps_twodiamonds,fcps,IDB_ClustOpt_C4_KNN_TOP10_RAW_R,x_only,1.0
fcps_twodiamonds,fcps,IDB_ClustOpt_C5_PPv2_R,x_only,1.0
fcps_twodiamonds,fcps,IDB_ML2DAC_M0_original_cvis,x_only,0.9701865923832352
fcps_twodiamonds,fcps,IDB_ML2DAC_M1_original_plus_established,x_only,0.9701865923832352
fcps_twodiamonds,fcps,IDB_ML2DAC_M2_original_plus_new46,x_only,0.9071402923116736
fcps_twodiamonds,fcps,IDB_ML2DAC_M3_extended_cvis,x_only,0.9071402923116736
fcps_wingnut,fcps,IDB_AutoClust_A0_original_cvis,x_only,0.7593935023879376
fcps_wingnut,fcps,IDB_AutoClust_A1_original_plus_established,xy_2d,0.4177642128034418
fcps_wingnut,fcps,IDB_AutoClust_A2_original_plus_new46,x_only,1.0
fcps_wingnut,fcps,IDB_AutoClust_A3_extended_cvis,xy_2d,0.7262520865534489
fcps_wingnut,fcps,IDB_ClustOpt_C0_MLP_TOP5_RAW_noR,x_only,1.0
fcps_wingnut,fcps,IDB_ClustOpt_C1_KNN_TOP10_RAW_noR,x_only,1.0
fcps_wingnut,fcps,IDB_ClustOpt_C2_PPv1_noR,x_only,1.0
fcps_wingnut,fcps,IDB_ClustOpt_C3_MLP_TOP5_RAW_R,xy_2d,1.0
fcps_wingnut,fcps,IDB_ClustOpt_C4_KNN_TOP10_RAW_R,x_only,1.0
fcps_wingnut,fcps,IDB_ClustOpt_C5_PPv2_R,x_only,1.0
fcps_wingnut,fcps,IDB_ML2DAC_M0_original_cvis,x_only,1.0
fcps_wingnut,fcps,IDB_ML2DAC_M1_original_plus_established,x_only,1.0
fcps_wingnut,fcps,IDB_ML2DAC_M2_original_plus_new46,x_only,1.0
fcps_wingnut,fcps,IDB_ML2DAC_M3_extended_cvis,x_only,1.0
real_analcatdata_authorship,real_pca,IDB_AutoClust_A0_original_cvis,xy_2d,0.6629614071025824
real_analcatdata_authorship,real_pca,IDB_AutoClust_A1_original_plus_established,y_only,0.6800225821529337
real_analcatdata_authorship,real_pca,IDB_AutoClust_A2_original_plus_new46,xy_2d,0.5382778773394703
real_analcatdata_authorship,real_pca,IDB_AutoClust_A3_extended_cvis,xy_2d,0.5382778773394703
real_analcatdata_authorship,real_pca,IDB_ClustOpt_C0_MLP_TOP5_RAW_noR,x_only,0.3311558800137161
real_analcatdata_authorship,real_pca,IDB_ClustOpt_C1_KNN_TOP10_RAW_noR,xy_2d,0.6807447570125551
real_analcatdata_authorship,real_pca,IDB_ClustOpt_C2_PPv1_noR,xy_2d,0.6807447570125551
real_analcatdata_authorship,real_pca,IDB_ClustOpt_C3_MLP_TOP5_RAW_R,x_only,0.4152065382506907
real_analcatdata_authorship,real_pca,IDB_ClustOpt_C4_KNN_TOP10_RAW_R,xy_2d,0.7401833421948428
real_analcatdata_authorship,real_pca,IDB_ClustOpt_C5_PPv2_R,xy_2d,0.7401833421948428
real_analcatdata_authorship,real_pca,IDB_ML2DAC_M0_original_cvis,y_only,0.6800225821529337
real_analcatdata_authorship,real_pca,IDB_ML2DAC_M1_original_plus_established,xy_2d,0.8266089820460807
real_analcatdata_authorship,real_pca,IDB_ML2DAC_M2_original_plus_new46,y_only,0.6800225821529337
real_analcatdata_authorship,real_pca,IDB_ML2DAC_M3_extended_cvis,y_only,0.6800225821529337
real_balance_scale,real_pca,IDB_AutoClust_A0_original_cvis,xy_2d,0.1208835360274464
real_balance_scale,real_pca,IDB_AutoClust_A1_original_plus_established,xy_2d,0.1208835360274464
real_balance_scale,real_pca,IDB_AutoClust_A2_original_plus_new46,x_only,0.0672403600721798
real_balance_scale,real_pca,IDB_AutoClust_A3_extended_cvis,x_only,0.0922732679253218
real_balance_scale,real_pca,IDB_ClustOpt_C0_MLP_TOP5_RAW_noR,x_only,0.1130966071510714
real_balance_scale,real_pca,IDB_ClustOpt_C1_KNN_TOP10_RAW_noR,x_only,0.1208835360274464
real_balance_scale,real_pca,IDB_ClustOpt_C2_PPv1_noR,xy_2d,0.0976651333166972
real_balance_scale,real_pca,IDB_ClustOpt_C3_MLP_TOP5_RAW_R,x_only,0.0976651333166972
real_balance_scale,real_pca,IDB_ClustOpt_C4_KNN_TOP10_RAW_R,xy_2d,0.0976651333166972
real_balance_scale,real_pca,IDB_ClustOpt_C5_PPv2_R,xy_2d,0.0976651333166972
real_balance_scale,real_pca,IDB_ML2DAC_M0_original_cvis,x_only,0.0976651333166972
real_balance_scale,real_pca,IDB_ML2DAC_M1_original_plus_established,x_only,0.1208835360274464
real_balance_scale,real_pca,IDB_ML2DAC_M2_original_plus_new46,xy_2d,0.1208835360274464
real_balance_scale,real_pca,IDB_ML2DAC_M3_extended_cvis,x_only,0.0976651333166972
real_banknote,real_pca,IDB_AutoClust_A0_original_cvis,y_only,0.2401580008937318
real_banknote,real_pca,IDB_AutoClust_A1_original_plus_established,y_only,0.1412965020205674
real_banknote,real_pca,IDB_AutoClust_A2_original_plus_new46,xy_2d,0.1144977203496444
real_banknote,real_pca,IDB_AutoClust_A3_extended_cvis,y_only,0.1412965020205674
real_banknote,real_pca,IDB_ClustOpt_C0_MLP_TOP5_RAW_noR,y_only,0.2448776076116913
real_banknote,real_pca,IDB_ClustOpt_C1_KNN_TOP10_RAW_noR,x_only,0.0502437821022383
real_banknote,real_pca,IDB_ClustOpt_C2_PPv1_noR,y_only,0.2257675290369919
real_banknote,real_pca,IDB_ClustOpt_C3_MLP_TOP5_RAW_R,y_only,0.2448776076116913
real_banknote,real_pca,IDB_ClustOpt_C4_KNN_TOP10_RAW_R,y_only,0.2146967634005436
real_banknote,real_pca,IDB_ClustOpt_C5_PPv2_R,y_only,0.2146967634005436
real_banknote,real_pca,IDB_ML2DAC_M0_original_cvis,x_only,0.0080673862020498
real_banknote,real_pca,IDB_ML2DAC_M1_original_plus_established,y_only,0.1444255526321285
real_banknote,real_pca,IDB_ML2DAC_M2_original_plus_new46,x_only,0.0640825067764215
real_banknote,real_pca,IDB_ML2DAC_M3_extended_cvis,x_only,0.0640825067764215
real_blood_transfusion,real_pca,IDB_AutoClust_A0_original_cvis,x_only,0.0593603144808231
real_blood_transfusion,real_pca,IDB_AutoClust_A1_original_plus_established,x_only,0.0593603144808231
real_blood_transfusion,real_pca,IDB_AutoClust_A2_original_plus_new46,x_only,0.0593603144808231
real_blood_transfusion,real_pca,IDB_AutoClust_A3_extended_cvis,x_only,0.0593603144808231
real_blood_transfusion,real_pca,IDB_ClustOpt_C0_MLP_TOP5_RAW_noR,x_only,0.0527196884495976
real_blood_transfusion,real_pca,IDB_ClustOpt_C1_KNN_TOP10_RAW_noR,xy_2d,0.0310839664010938
real_blood_transfusion,real_pca,IDB_ClustOpt_C2_PPv1_noR,x_only,0.0527196884495976
real_blood_transfusion,real_pca,IDB_ClustOpt_C3_MLP_TOP5_RAW_R,x_only,0.0310839664010938
real_blood_transfusion,real_pca,IDB_ClustOpt_C4_KNN_TOP10_RAW_R,xy_2d,0.0310839664010938
real_blood_transfusion,real_pca,IDB_ClustOpt_C5_PPv2_R,xy_2d,0.0310839664010938
real_blood_transfusion,real_pca,IDB_ML2DAC_M0_original_cvis,x_only,0.0310839664010938
real_blood_transfusion,real_pca,IDB_ML2DAC_M1_original_plus_established,x_only,0.0310839664010938
real_blood_transfusion,real_pca,IDB_ML2DAC_M2_original_plus_new46,x_only,0.0310839664010938
real_blood_transfusion,real_pca,IDB_ML2DAC_M3_extended_cvis,xy_2d,0.0516596324640573
real_breast_cancer_wdbc,real_pca,IDB_AutoClust_A0_original_cvis,x_only,0.6895101130661687
real_breast_cancer_wdbc,real_pca,IDB_AutoClust_A1_original_plus_established,x_only,0.6416223372668357
real_breast_cancer_wdbc,real_pca,IDB_AutoClust_A2_original_plus_new46,x_only,0.6895101130661687
real_breast_cancer_wdbc,real_pca,IDB_AutoClust_A3_extended_cvis,x_only,0.6895101130661687
real_breast_cancer_wdbc,real_pca,IDB_ClustOpt_C0_MLP_TOP5_RAW_noR,x_only,0.6895101130661687
real_breast_cancer_wdbc,real_pca,IDB_ClustOpt_C1_KNN_TOP10_RAW_noR,x_only,0.6895101130661687
real_breast_cancer_wdbc,real_pca,IDB_ClustOpt_C2_PPv1_noR,x_only,0.6895101130661687
real_breast_cancer_wdbc,real_pca,IDB_ClustOpt_C3_MLP_TOP5_RAW_R,x_only,0.6895101130661687
real_breast_cancer_wdbc,real_pca,IDB_ClustOpt_C4_KNN_TOP10_RAW_R,x_only,0.6592305570949524
real_breast_cancer_wdbc,real_pca,IDB_ClustOpt_C5_PPv2_R,x_only,0.6592305570949524
real_breast_cancer_wdbc,real_pca,IDB_ML2DAC_M0_original_cvis,x_only,0.0764913658655551
real_breast_cancer_wdbc,real_pca,IDB_ML2DAC_M1_original_plus_established,x_only,0.497360427757109
real_breast_cancer_wdbc,real_pca,IDB_ML2DAC_M2_original_plus_new46,xy_2d,0.2539617648242002
real_breast_cancer_wdbc,real_pca,IDB_ML2DAC_M3_extended_cvis,xy_2d,0.2539617648242002
real_car_evaluation,real_pca,IDB_AutoClust_A0_original_cvis,x_only,0.0917671244883833
real_car_evaluation,real_pca,IDB_AutoClust_A1_original_plus_established,x_only,0.1101475627825717
real_car_evaluation,real_pca,IDB_AutoClust_A2_original_plus_new46,x_only,0.0917671244883833
real_car_evaluation,real_pca,IDB_AutoClust_A3_extended_cvis,x_only,0.1182169388473334
real_car_evaluation,real_pca,IDB_ClustOpt_C0_MLP_TOP5_RAW_noR,x_only,0.0917671244883833
real_car_evaluation,real_pca,IDB_ClustOpt_C1_KNN_TOP10_RAW_noR,x_only,0.0673701694488654
real_car_evaluation,real_pca,IDB_ClustOpt_C2_PPv1_noR,x_only,0.0917671244883833
real_car_evaluation,real_pca,IDB_ClustOpt_C3_MLP_TOP5_RAW_R,x_only,0.0917671244883833
real_car_evaluation,real_pca,IDB_ClustOpt_C4_KNN_TOP10_RAW_R,x_only,0.0917671244883833
real_car_evaluation,real_pca,IDB_ClustOpt_C5_PPv2_R,x_only,0.0917671244883833
real_car_evaluation,real_pca,IDB_ML2DAC_M0_original_cvis,x_only,0.0280354992921465
real_car_evaluation,real_pca,IDB_ML2DAC_M1_original_plus_established,xy_2d,0.0288682114489594
real_car_evaluation,real_pca,IDB_ML2DAC_M2_original_plus_new46,xy_2d,0.0917671244883833
real_car_evaluation,real_pca,IDB_ML2DAC_M3_extended_cvis,x_only,0.0917671244883833
real_cardiotocography_3c,real_pca,IDB_AutoClust_A0_original_cvis,x_only,0.1230350969792637
real_cardiotocography_3c,real_pca,IDB_AutoClust_A1_original_plus_established,x_only,0.1355492995931211
real_cardiotocography_3c,real_pca,IDB_AutoClust_A2_original_plus_new46,xy_2d,0.0631655114659475
real_cardiotocography_3c,real_pca,IDB_AutoClust_A3_extended_cvis,y_only,0.0404326551869836
real_cardiotocography_3c,real_pca,IDB_ClustOpt_C0_MLP_TOP5_RAW_noR,xy_2d,0.1133780452736436
real_cardiotocography_3c,real_pca,IDB_ClustOpt_C1_KNN_TOP10_RAW_noR,y_only,0.0269054001938965
real_cardiotocography_3c,real_pca,IDB_ClustOpt_C2_PPv1_noR,xy_2d,0.0775117686002836
real_cardiotocography_3c,real_pca,IDB_ClustOpt_C3_MLP_TOP5_RAW_R,y_only,0.0269054001938965
real_cardiotocography_3c,real_pca,IDB_ClustOpt_C4_KNN_TOP10_RAW_R,y_only,0.0269054001938965
real_cardiotocography_3c,real_pca,IDB_ClustOpt_C5_PPv2_R,y_only,0.0269054001938965
real_cardiotocography_3c,real_pca,IDB_ML2DAC_M0_original_cvis,x_only,0.1019864887632592
real_cardiotocography_3c,real_pca,IDB_ML2DAC_M1_original_plus_established,x_only,0.1019864887632592
real_cardiotocography_3c,real_pca,IDB_ML2DAC_M2_original_plus_new46,x_only,0.1019864887632592
real_cardiotocography_3c,real_pca,IDB_ML2DAC_M3_extended_cvis,x_only,0.1019864887632592
real_churn,real_pca,IDB_AutoClust_A0_original_cvis,y_only,0.0095709799769352
real_churn,real_pca,IDB_AutoClust_A1_original_plus_established,y_only,0.0314502278707084
real_churn,real_pca,IDB_AutoClust_A2_original_plus_new46,y_only,0.005197750589513
real_churn,real_pca,IDB_AutoClust_A3_extended_cvis,y_only,0.0314502278707084
real_churn,real_pca,IDB_ClustOpt_C0_MLP_TOP5_RAW_noR,y_only,0.0029176875905504
real_churn,real_pca,IDB_ClustOpt_C1_KNN_TOP10_RAW_noR,xy_2d,0.0140759446248431
real_churn,real_pca,IDB_ClustOpt_C2_PPv1_noR,y_only,0.0029176875905504
real_churn,real_pca,IDB_ClustOpt_C3_MLP_TOP5_RAW_R,y_only,0.0029176875905504
real_churn,real_pca,IDB_ClustOpt_C4_KNN_TOP10_RAW_R,xy_2d,0.0140759446248431
real_churn,real_pca,IDB_ClustOpt_C5_PPv2_R,xy_2d,0.0140759446248431
real_churn,real_pca,IDB_ML2DAC_M0_original_cvis,y_only,0.0040415666216665
real_churn,real_pca,IDB_ML2DAC_M1_original_plus_established,y_only,0.0040415666216665
real_churn,real_pca,IDB_ML2DAC_M2_original_plus_new46,y_only,0.0040415666216665
real_churn,real_pca,IDB_ML2DAC_M3_extended_cvis,y_only,0.0040415666216665
real_climate_model_crashes,real_pca,IDB_AutoClust_A0_original_cvis,xy_2d,0.0104291237080279
real_climate_model_crashes,real_pca,IDB_AutoClust_A1_original_plus_established,xy_2d,0.0400168335753378
real_climate_model_crashes,real_pca,IDB_AutoClust_A2_original_plus_new46,y_only,0.0342380404999728
real_climate_model_crashes,real_pca,IDB_AutoClust_A3_extended_cvis,xy_2d,0.0343827298141881
real_climate_model_crashes,real_pca,IDB_ClustOpt_C0_MLP_TOP5_RAW_noR,x_only,0.0179796282750061
real_climate_model_crashes,real_pca,IDB_ClustOpt_C1_KNN_TOP10_RAW_noR,xy_2d,0.07115949793956
real_climate_model_crashes,real_pca,IDB_ClustOpt_C2_PPv1_noR,xy_2d,0.0202143816972442
real_climate_model_crashes,real_pca,IDB_ClustOpt_C3_MLP_TOP5_RAW_R,x_only,0.0918626373379283
real_climate_model_crashes,real_pca,IDB_ClustOpt_C4_KNN_TOP10_RAW_R,x_only,0.0213449688337574
real_climate_model_crashes,real_pca,IDB_ClustOpt_C5_PPv2_R,x_only,0.0213449688337574
real_climate_model_crashes,real_pca,IDB_ML2DAC_M0_original_cvis,x_only,0.0179796282750061
real_climate_model_crashes,real_pca,IDB_ML2DAC_M1_original_plus_established,x_only,0.0179796282750061
real_climate_model_crashes,real_pca,IDB_ML2DAC_M2_original_plus_new46,x_only,0.0179796282750061
real_climate_model_crashes,real_pca,IDB_ML2DAC_M3_extended_cvis,xy_2d,0.0311037725461742
real_cmc,real_pca,IDB_AutoClust_A0_original_cvis,x_only,0.0240903345532573
real_cmc,real_pca,IDB_AutoClust_A1_original_plus_established,x_only,0.0251782968219784
real_cmc,real_pca,IDB_AutoClust_A2_original_plus_new46,x_only,0.0240903345532573
real_cmc,real_pca,IDB_AutoClust_A3_extended_cvis,y_only,0.0313207541126743
real_cmc,real_pca,IDB_ClustOpt_C0_MLP_TOP5_RAW_noR,y_only,0.019760954305258
real_cmc,real_pca,IDB_ClustOpt_C1_KNN_TOP10_RAW_noR,xy_2d,0.0382447728629721
real_cmc,real_pca,IDB_ClustOpt_C2_PPv1_noR,xy_2d,0.0295365831111673
real_cmc,real_pca,IDB_ClustOpt_C3_MLP_TOP5_RAW_R,x_only,0.0192550586940085
real_cmc,real_pca,IDB_ClustOpt_C4_KNN_TOP10_RAW_R,x_only,0.017437026792724
real_cmc,real_pca,IDB_ClustOpt_C5_PPv2_R,x_only,0.017437026792724
real_cmc,real_pca,IDB_ML2DAC_M0_original_cvis,x_only,0.0240903345532573
real_cmc,real_pca,IDB_ML2DAC_M1_original_plus_established,y_only,0.0189362526866405
real_cmc,real_pca,IDB_ML2DAC_M2_original_plus_new46,y_only,0.0423457411267269
real_cmc,real_pca,IDB_ML2DAC_M3_extended_cvis,xy_2d,0.0221313525068431
real_credit_approval,real_pca,IDB_AutoClust_A0_original_cvis,x_only,0.1298491964499642
real_credit_approval,real_pca,IDB_AutoClust_A1_original_plus_established,xy_2d,0.1325631064332637
real_credit_approval,real_pca,IDB_AutoClust_A2_original_plus_new46,x_only,0.1298491964499642
real_credit_approval,real_pca,IDB_AutoClust_A3_extended_cvis,xy_2d,0.1163882331420195
real_credit_approval,real_pca,IDB_ClustOpt_C0_MLP_TOP5_RAW_noR,x_only,0.1145219120174288
real_credit_approval,real_pca,IDB_ClustOpt_C1_KNN_TOP10_RAW_noR,y_only,0.0015760149630349
real_credit_approval,real_pca,IDB_ClustOpt_C2_PPv1_noR,x_only,0.0779601096286193
real_credit_approval,real_pca,IDB_ClustOpt_C3_MLP_TOP5_RAW_R,xy_2d,0.1681542322319071
real_credit_approval,real_pca,IDB_ClustOpt_C4_KNN_TOP10_RAW_R,xy_2d,0.0015760149630349
real_credit_approval,real_pca,IDB_ClustOpt_C5_PPv2_R,xy_2d,0.0015760149630349
real_credit_approval,real_pca,IDB_ML2DAC_M0_original_cvis,x_only,0.0070598647524014
real_credit_approval,real_pca,IDB_ML2DAC_M1_original_plus_established,x_only,0.0779601096286193
real_credit_approval,real_pca,IDB_ML2DAC_M2_original_plus_new46,x_only,0.0070598647524014
real_credit_approval,real_pca,IDB_ML2DAC_M3_extended_cvis,y_only,0.0093091692343258
real_diabetes_pima,real_pca,IDB_AutoClust_A0_original_cvis,x_only,0.1526907272367509
real_diabetes_pima,real_pca,IDB_AutoClust_A1_original_plus_established,x_only,0.1526907272367509
real_diabetes_pima,real_pca,IDB_AutoClust_A2_original_plus_new46,xy_2d,0.1154022141793178
real_diabetes_pima,real_pca,IDB_AutoClust_A3_extended_cvis,x_only,0.1526907272367509
real_diabetes_pima,real_pca,IDB_ClustOpt_C0_MLP_TOP5_RAW_noR,x_only,0.1148120980836041
real_diabetes_pima,real_pca,IDB_ClustOpt_C1_KNN_TOP10_RAW_noR,x_only,0.1148120980836041
real_diabetes_pima,real_pca,IDB_ClustOpt_C2_PPv1_noR,x_only,0.1148120980836041
real_diabetes_pima,real_pca,IDB_ClustOpt_C3_MLP_TOP5_RAW_R,x_only,0.1378319079272204
real_diabetes_pima,real_pca,IDB_ClustOpt_C4_KNN_TOP10_RAW_R,xy_2d,0.1163568963102743
real_diabetes_pima,real_pca,IDB_ClustOpt_C5_PPv2_R,xy_2d,0.1163568963102743
real_diabetes_pima,real_pca,IDB_ML2DAC_M0_original_cvis,y_only,0.0790074359838878
real_diabetes_pima,real_pca,IDB_ML2DAC_M1_original_plus_established,y_only,0.0790074359838878
real_diabetes_pima,real_pca,IDB_ML2DAC_M2_original_plus_new46,xy_2d,0.0993462344657206
real_diabetes_pima,real_pca,IDB_ML2DAC_M3_extended_cvis,xy_2d,0.1289784104669724
real_german_credit,real_pca,IDB_AutoClust_A0_original_cvis,xy_2d,0.0734137815697815
real_german_credit,real_pca,IDB_AutoClust_A1_original_plus_established,x_only,0.0818389192559754
real_german_credit,real_pca,IDB_AutoClust_A2_original_plus_new46,x_only,0.0880387092578259
real_german_credit,real_pca,IDB_AutoClust_A3_extended_cvis,x_only,0.0720608122567427
real_german_credit,real_pca,IDB_ClustOpt_C0_MLP_TOP5_RAW_noR,x_only,0.0612696018148085
real_german_credit,real_pca,IDB_ClustOpt_C1_KNN_TOP10_RAW_noR,x_only,0.0272220142874818
real_german_credit,real_pca,IDB_ClustOpt_C2_PPv1_noR,x_only,0.0612696018148085
real_german_credit,real_pca,IDB_ClustOpt_C3_MLP_TOP5_RAW_R,x_only,0.0788948100275269
real_german_credit,real_pca,IDB_ClustOpt_C4_KNN_TOP10_RAW_R,x_only,0.0720608122567427
real_german_credit,real_pca,IDB_ClustOpt_C5_PPv2_R,x_only,0.0720608122567427
real_german_credit,real_pca,IDB_ML2DAC_M0_original_cvis,x_only,0.0272220142874818
real_german_credit,real_pca,IDB_ML2DAC_M1_original_plus_established,x_only,0.0272220142874818
real_german_credit,real_pca,IDB_ML2DAC_M2_original_plus_new46,x_only,0.0272220142874818
real_german_credit,real_pca,IDB_ML2DAC_M3_extended_cvis,x_only,0.0272220142874818
real_haberman,real_pca,IDB_AutoClust_A0_original_cvis,xy_2d,0.1461914454788434
real_haberman,real_pca,IDB_AutoClust_A1_original_plus_established,xy_2d,0.1461914454788434
real_haberman,real_pca,IDB_AutoClust_A2_original_plus_new46,xy_2d,0.1461914454788434
real_haberman,real_pca,IDB_AutoClust_A3_extended_cvis,xy_2d,0.1461914454788434
real_haberman,real_pca,IDB_ClustOpt_C0_MLP_TOP5_RAW_noR,y_only,0.0970187007905175
real_haberman,real_pca,IDB_ClustOpt_C1_KNN_TOP10_RAW_noR,y_only,0.1336290819119799
real_haberman,real_pca,IDB_ClustOpt_C2_PPv1_noR,y_only,0.0485093044988497
real_haberman,real_pca,IDB_ClustOpt_C3_MLP_TOP5_RAW_R,y_only,0.0847097206902323
real_haberman,real_pca,IDB_ClustOpt_C4_KNN_TOP10_RAW_R,y_only,0.135583291992742
real_haberman,real_pca,IDB_ClustOpt_C5_PPv2_R,y_only,0.135583291992742
real_haberman,real_pca,IDB_ML2DAC_M0_original_cvis,y_only,0.0072497519480267
real_haberman,real_pca,IDB_ML2DAC_M1_original_plus_established,y_only,0.0072497519480267
real_haberman,real_pca,IDB_ML2DAC_M2_original_plus_new46,y_only,0.1336290819119799
real_haberman,real_pca,IDB_ML2DAC_M3_extended_cvis,y_only,0.1336290819119799
real_hill_valley,real_pca,IDB_AutoClust_A0_original_cvis,x_only,0.0005040399370927
real_hill_valley,real_pca,IDB_AutoClust_A1_original_plus_established,x_only,0.0005040399370927
real_hill_valley,real_pca,IDB_AutoClust_A2_original_plus_new46,x_only,0.0046944286882649
real_hill_valley,real_pca,IDB_AutoClust_A3_extended_cvis,x_only,0.0005040399370927
real_hill_valley,real_pca,IDB_ClustOpt_C0_MLP_TOP5_RAW_noR,xy_2d,0.0033187476491377
real_hill_valley,real_pca,IDB_ClustOpt_C1_KNN_TOP10_RAW_noR,x_only,0.0004167330821706
real_hill_valley,real_pca,IDB_ClustOpt_C2_PPv1_noR,y_only,0.0
real_hill_valley,real_pca,IDB_ClustOpt_C3_MLP_TOP5_RAW_R,y_only,0.0033398312277851
real_hill_valley,real_pca,IDB_ClustOpt_C4_KNN_TOP10_RAW_R,x_only,0.0002276283945941
real_hill_valley,real_pca,IDB_ClustOpt_C5_PPv2_R,xy_2d,0.0035342500194551
real_hill_valley,real_pca,IDB_ML2DAC_M0_original_cvis,y_only,0.0
real_hill_valley,real_pca,IDB_ML2DAC_M1_original_plus_established,y_only,0.0
real_hill_valley,real_pca,IDB_ML2DAC_M2_original_plus_new46,xy_2d,0.001177437833842
real_hill_valley,real_pca,IDB_ML2DAC_M3_extended_cvis,xy_2d,0.001177437833842
real_ilpd_liver,real_pca,IDB_AutoClust_A0_original_cvis,y_only,-0.0384900183489768
real_ilpd_liver,real_pca,IDB_AutoClust_A1_original_plus_established,y_only,-0.0127452920134758
real_ilpd_liver,real_pca,IDB_AutoClust_A2_original_plus_new46,x_only,-0.025644165519579
real_ilpd_liver,real_pca,IDB_AutoClust_A3_extended_cvis,y_only,-0.0117357172340592
real_ilpd_liver,real_pca,IDB_ClustOpt_C0_MLP_TOP5_RAW_noR,x_only,0.0135053135681587
real_ilpd_liver,real_pca,IDB_ClustOpt_C1_KNN_TOP10_RAW_noR,y_only,-0.0016864097330995
real_ilpd_liver,real_pca,IDB_ClustOpt_C2_PPv1_noR,xy_2d,-0.0040708398462569
real_ilpd_liver,real_pca,IDB_ClustOpt_C3_MLP_TOP5_RAW_R,xy_2d,0.0388996942447748
real_ilpd_liver,real_pca,IDB_ClustOpt_C4_KNN_TOP10_RAW_R,x_only,0.0135053135681587
real_ilpd_liver,real_pca,IDB_ClustOpt_C5_PPv2_R,xy_2d,0.0388996942447748
real_ilpd_liver,real_pca,IDB_ML2DAC_M0_original_cvis,xy_2d,-0.0040708398462569
real_ilpd_liver,real_pca,IDB_ML2DAC_M1_original_plus_established,xy_2d,-0.0040825824258542
real_ilpd_liver,real_pca,IDB_ML2DAC_M2_original_plus_new46,xy_2d,-0.0040825824258542
real_ilpd_liver,real_pca,IDB_ML2DAC_M3_extended_cvis,x_only,-0.0192903709045754
real_ionosphere,real_pca,IDB_AutoClust_A0_original_cvis,xy_2d,0.1398597600118512
real_ionosphere,real_pca,IDB_AutoClust_A1_original_plus_established,x_only,0.1588300425357094
real_ionosphere,real_pca,IDB_AutoClust_A2_original_plus_new46,x_only,0.1588300425357094
real_ionosphere,real_pca,IDB_AutoClust_A3_extended_cvis,x_only,0.1588300425357094
real_ionosphere,real_pca,IDB_ClustOpt_C0_MLP_TOP5_RAW_noR,x_only,0.145617549834719
real_ionosphere,real_pca,IDB_ClustOpt_C1_KNN_TOP10_RAW_noR,x_only,0.1492141478454866
real_ionosphere,real_pca,IDB_ClustOpt_C2_PPv1_noR,xy_2d,0.0735828813987916
real_ionosphere,real_pca,IDB_ClustOpt_C3_MLP_TOP5_RAW_R,xy_2d,0.1584379260566204
real_ionosphere,real_pca,IDB_ClustOpt_C4_KNN_TOP10_RAW_R,x_only,0.145617549834719
real_ionosphere,real_pca,IDB_ClustOpt_C5_PPv2_R,x_only,0.145617549834719
real_ionosphere,real_pca,IDB_ML2DAC_M0_original_cvis,x_only,0.1492141478454866
real_ionosphere,real_pca,IDB_ML2DAC_M1_original_plus_established,xy_2d,0.1434411717366811
real_ionosphere,real_pca,IDB_ML2DAC_M2_original_plus_new46,xy_2d,0.089359565524284
real_ionosphere,real_pca,IDB_ML2DAC_M3_extended_cvis,x_only,0.0227337787548003
real_kc1_software,real_pca,IDB_AutoClust_A0_original_cvis,xy_2d,0.2406932981330176
real_kc1_software,real_pca,IDB_AutoClust_A1_original_plus_established,xy_2d,0.1455830521673351
real_kc1_software,real_pca,IDB_AutoClust_A2_original_plus_new46,x_only,0.2281770953046329
real_kc1_software,real_pca,IDB_AutoClust_A3_extended_cvis,xy_2d,0.2098090260859177
real_kc1_software,real_pca,IDB_ClustOpt_C0_MLP_TOP5_RAW_noR,xy_2d,0.1505423424957729
real_kc1_software,real_pca,IDB_ClustOpt_C1_KNN_TOP10_RAW_noR,xy_2d,0.003446406408225
real_kc1_software,real_pca,IDB_ClustOpt_C2_PPv1_noR,x_only,0.0806553759971815
real_kc1_software,real_pca,IDB_ClustOpt_C3_MLP_TOP5_RAW_R,x_only,0.2096339484147842
real_kc1_software,real_pca,IDB_ClustOpt_C4_KNN_TOP10_RAW_R,xy_2d,0.003446406408225
real_kc1_software,real_pca,IDB_ClustOpt_C5_PPv2_R,xy_2d,0.0113967923065942
real_kc1_software,real_pca,IDB_ML2DAC_M0_original_cvis,x_only,0.0591511317886293
real_kc1_software,real_pca,IDB_ML2DAC_M1_original_plus_established,x_only,0.0591511317886293
real_kc1_software,real_pca,IDB_ML2DAC_M2_original_plus_new46,xy_2d,0.0845167709103424
real_kc1_software,real_pca,IDB_ML2DAC_M3_extended_cvis,x_only,0.200979384544509
real_kc2_software,real_pca,IDB_AutoClust_A0_original_cvis,xy_2d,0.3275554199029981
real_kc2_software,real_pca,IDB_AutoClust_A1_original_plus_established,xy_2d,0.3275554199029981
real_kc2_software,real_pca,IDB_AutoClust_A2_original_plus_new46,xy_2d,0.1355719331086739
real_kc2_software,real_pca,IDB_AutoClust_A3_extended_cvis,xy_2d,0.3275554199029981
real_kc2_software,real_pca,IDB_ClustOpt_C0_MLP_TOP5_RAW_noR,xy_2d,0.139231269398865
real_kc2_software,real_pca,IDB_ClustOpt_C1_KNN_TOP10_RAW_noR,y_only,0.1423687770029791
real_kc2_software,real_pca,IDB_ClustOpt_C2_PPv1_noR,xy_2d,0.0721562697444399
real_kc2_software,real_pca,IDB_ClustOpt_C3_MLP_TOP5_RAW_R,x_only,0.0814056353089523
real_kc2_software,real_pca,IDB_ClustOpt_C4_KNN_TOP10_RAW_R,x_only,0.0435860016857041
real_kc2_software,real_pca,IDB_ClustOpt_C5_PPv2_R,x_only,0.0435860016857041
real_kc2_software,real_pca,IDB_ML2DAC_M0_original_cvis,y_only,0.0109840476086537
real_kc2_software,real_pca,IDB_ML2DAC_M1_original_plus_established,y_only,0.0109840476086537
real_kc2_software,real_pca,IDB_ML2DAC_M2_original_plus_new46,x_only,0.2767586701493091
real_kc2_software,real_pca,IDB_ML2DAC_M3_extended_cvis,xy_2d,0.356689757107072
real_madelon,real_pca,IDB_AutoClust_A0_original_cvis,x_only,0.0565561984592603
real_madelon,real_pca,IDB_AutoClust_A1_original_plus_established,xy_2d,0.0351523497905121
real_madelon,real_pca,IDB_AutoClust_A2_original_plus_new46,x_only,0.0417077709312736
real_madelon,real_pca,IDB_AutoClust_A3_extended_cvis,x_only,0.0532908150253432
real_madelon,real_pca,IDB_ClustOpt_C0_MLP_TOP5_RAW_noR,x_only,0.028788833744778
real_madelon,real_pca,IDB_ClustOpt_C1_KNN_TOP10_RAW_noR,x_only,0.028788833744778
real_madelon,real_pca,IDB_ClustOpt_C2_PPv1_noR,x_only,0.0207615220624884
real_madelon,real_pca,IDB_ClustOpt_C3_MLP_TOP5_RAW_R,x_only,0.0280053199164512
real_madelon,real_pca,IDB_ClustOpt_C4_KNN_TOP10_RAW_R,x_only,0.0280053199164512
real_madelon,real_pca,IDB_ClustOpt_C5_PPv2_R,x_only,0.0280053199164512
real_madelon,real_pca,IDB_ML2DAC_M0_original_cvis,xy_2d,0.0001570192908921
real_madelon,real_pca,IDB_ML2DAC_M1_original_plus_established,xy_2d,0.0045290963606569
real_madelon,real_pca,IDB_ML2DAC_M2_original_plus_new46,x_only,3.5516681816736075e-06
real_madelon,real_pca,IDB_ML2DAC_M3_extended_cvis,x_only,3.5516681816736075e-06
real_ozone_level_8hr,real_pca,IDB_AutoClust_A0_original_cvis,x_only,0.0059397954074224
real_ozone_level_8hr,real_pca,IDB_AutoClust_A1_original_plus_established,y_only,-0.0056848139147535
real_ozone_level_8hr,real_pca,IDB_AutoClust_A2_original_plus_new46,x_only,0.0015746334546158
real_ozone_level_8hr,real_pca,IDB_AutoClust_A3_extended_cvis,xy_2d,-0.013820836228961
real_ozone_level_8hr,real_pca,IDB_ClustOpt_C0_MLP_TOP5_RAW_noR,y_only,0.0140515142943761
real_ozone_level_8hr,real_pca,IDB_ClustOpt_C1_KNN_TOP10_RAW_noR,y_only,0.0254765621672247
real_ozone_level_8hr,real_pca,IDB_ClustOpt_C2_PPv1_noR,xy_2d,0.0076715801533364
real_ozone_level_8hr,real_pca,IDB_ClustOpt_C3_MLP_TOP5_RAW_R,xy_2d,0.035391328752414
real_ozone_level_8hr,real_pca,IDB_ClustOpt_C4_KNN_TOP10_RAW_R,xy_2d,-0.0049503641013924
real_ozone_level_8hr,real_pca,IDB_ClustOpt_C5_PPv2_R,xy_2d,-0.013820836228961
real_ozone_level_8hr,real_pca,IDB_ML2DAC_M0_original_cvis,xy_2d,-0.0143800389829704
real_ozone_level_8hr,real_pca,IDB_ML2DAC_M1_original_plus_established,xy_2d,-0.0007323443017749
real_ozone_level_8hr,real_pca,IDB_ML2DAC_M2_original_plus_new46,xy_2d,-0.0049503641013924
real_ozone_level_8hr,real_pca,IDB_ML2DAC_M3_extended_cvis,xy_2d,-0.0049503641013924
real_pc1_software,real_pca,IDB_AutoClust_A0_original_cvis,y_only,0.1515590818285951
real_pc1_software,real_pca,IDB_AutoClust_A1_original_plus_established,y_only,0.1202467067154205
real_pc1_software,real_pca,IDB_AutoClust_A2_original_plus_new46,y_only,0.1202467067154205
real_pc1_software,real_pca,IDB_AutoClust_A3_extended_cvis,y_only,0.1202467067154205
real_pc1_software,real_pca,IDB_ClustOpt_C0_MLP_TOP5_RAW_noR,y_only,0.1932625418457008
real_pc1_software,real_pca,IDB_ClustOpt_C1_KNN_TOP10_RAW_noR,y_only,0.1661121399264767
real_pc1_software,real_pca,IDB_ClustOpt_C2_PPv1_noR,y_only,0.1661121399264767
real_pc1_software,real_pca,IDB_ClustOpt_C3_MLP_TOP5_RAW_R,x_only,0.1836449712003161
real_pc1_software,real_pca,IDB_ClustOpt_C4_KNN_TOP10_RAW_R,y_only,0.1661121399264767
real_pc1_software,real_pca,IDB_ClustOpt_C5_PPv2_R,y_only,0.1661121399264767
real_pc1_software,real_pca,IDB_ML2DAC_M0_original_cvis,x_only,0.0416937572731048
real_pc1_software,real_pca,IDB_ML2DAC_M1_original_plus_established,y_only,0.1661121399264767
real_pc1_software,real_pca,IDB_ML2DAC_M2_original_plus_new46,xy_2d,0.2074783554440831
real_pc1_software,real_pca,IDB_ML2DAC_M3_extended_cvis,xy_2d,0.2074783554440831
real_pc3_software,real_pca,IDB_AutoClust_A0_original_cvis,xy_2d,0.1648895794630382
real_pc3_software,real_pca,IDB_AutoClust_A1_original_plus_established,x_only,0.1594064620362013
real_pc3_software,real_pca,IDB_AutoClust_A2_original_plus_new46,xy_2d,0.1654272658791725
real_pc3_software,real_pca,IDB_AutoClust_A3_extended_cvis,xy_2d,0.1648895794630382
real_pc3_software,real_pca,IDB_ClustOpt_C0_MLP_TOP5_RAW_noR,y_only,0.1195820953261025
real_pc3_software,real_pca,IDB_ClustOpt_C1_KNN_TOP10_RAW_noR,y_only,-0.001128699026871
real_pc3_software,real_pca,IDB_ClustOpt_C2_PPv1_noR,y_only,-0.001128699026871
real_pc3_software,real_pca,IDB_ClustOpt_C3_MLP_TOP5_RAW_R,x_only,0.1202334599206315
real_pc3_software,real_pca,IDB_ClustOpt_C4_KNN_TOP10_RAW_R,y_only,0.1195820953261025
real_pc3_software,real_pca,IDB_ClustOpt_C5_PPv2_R,y_only,0.1195820953261025
real_pc3_software,real_pca,IDB_ML2DAC_M0_original_cvis,x_only,-0.001128699026871
real_pc3_software,real_pca,IDB_ML2DAC_M1_original_plus_established,xy_2d,0.0501895776688404
real_pc3_software,real_pca,IDB_ML2DAC_M2_original_plus_new46,x_only,0.085431338647597
real_pc3_software,real_pca,IDB_ML2DAC_M3_extended_cvis,x_only,0.1067431064202488
real_pc4_software,real_pca,IDB_AutoClust_A0_original_cvis,x_only,0.1165438712353758
real_pc4_software,real_pca,IDB_AutoClust_A1_original_plus_established,x_only,0.1036631778228002
real_pc4_software,real_pca,IDB_AutoClust_A2_original_plus_new46,x_only,0.1165438712353758
real_pc4_software,real_pca,IDB_AutoClust_A3_extended_cvis,x_only,0.1036631778228002
real_pc4_software,real_pca,IDB_ClustOpt_C0_MLP_TOP5_RAW_noR,x_only,0.0213664507316435
real_pc4_software,real_pca,IDB_ClustOpt_C1_KNN_TOP10_RAW_noR,x_only,0.0261443052364512
real_pc4_software,real_pca,IDB_ClustOpt_C2_PPv1_noR,x_only,0.0213664507316435
real_pc4_software,real_pca,IDB_ClustOpt_C3_MLP_TOP5_RAW_R,xy_2d,0.1302743576880838
real_pc4_software,real_pca,IDB_ClustOpt_C4_KNN_TOP10_RAW_R,x_only,0.1289211136416479
real_pc4_software,real_pca,IDB_ClustOpt_C5_PPv2_R,x_only,0.1289211136416479
real_pc4_software,real_pca,IDB_ML2DAC_M0_original_cvis,xy_2d,0.0168656273707102
real_pc4_software,real_pca,IDB_ML2DAC_M1_original_plus_established,xy_2d,0.0168656273707102
real_pc4_software,real_pca,IDB_ML2DAC_M2_original_plus_new46,x_only,0.0902399652110908
real_pc4_software,real_pca,IDB_ML2DAC_M3_extended_cvis,xy_2d,0.0350425259821521
real_pollen,real_pca,IDB_AutoClust_A0_original_cvis,y_only,2.7585399877317702e-06
real_pollen,real_pca,IDB_AutoClust_A1_original_plus_established,x_only,-0.0002365635691374
real_pollen,real_pca,IDB_AutoClust_A2_original_plus_new46,y_only,-9.147956494637146e-05
real_pollen,real_pca,IDB_AutoClust_A3_extended_cvis,x_only,-0.0002365635691374
real_pollen,real_pca,IDB_ClustOpt_C0_MLP_TOP5_RAW_noR,x_only,-0.0002365635691374
real_pollen,real_pca,IDB_ClustOpt_C1_KNN_TOP10_RAW_noR,xy_2d,-5.401410550979141e-07
real_pollen,real_pca,IDB_ClustOpt_C2_PPv1_noR,y_only,-0.0001487392378511
real_pollen,real_pca,IDB_ClustOpt_C3_MLP_TOP5_RAW_R,x_only,-0.0001989684090503
real_pollen,real_pca,IDB_ClustOpt_C4_KNN_TOP10_RAW_R,xy_2d,-5.401410550979141e-07
real_pollen,real_pca,IDB_ClustOpt_C5_PPv2_R,xy_2d,-5.401410550979141e-07
real_pollen,real_pca,IDB_ML2DAC_M0_original_cvis,y_only,-5.398603162005114e-07
real_pollen,real_pca,IDB_ML2DAC_M1_original_plus_established,xy_2d,4.0662410023539645e-06
real_pollen,real_pca,IDB_ML2DAC_M2_original_plus_new46,xy_2d,-2.6993015815712014e-07
real_pollen,real_pca,IDB_ML2DAC_M3_extended_cvis,xy_2d,-2.6993015815712014e-07
real_qsar_biodeg,real_pca,IDB_AutoClust_A0_original_cvis,y_only,0.0356408134128958
real_qsar_biodeg,real_pca,IDB_AutoClust_A1_original_plus_established,x_only,-0.0009298259145637
real_qsar_biodeg,real_pca,IDB_AutoClust_A2_original_plus_new46,y_only,0.0313271603722341
real_qsar_biodeg,real_pca,IDB_AutoClust_A3_extended_cvis,y_only,-0.006933989982028
real_qsar_biodeg,real_pca,IDB_ClustOpt_C0_MLP_TOP5_RAW_noR,xy_2d,0.0747123121168243
real_qsar_biodeg,real_pca,IDB_ClustOpt_C1_KNN_TOP10_RAW_noR,y_only,0.0199674241191273
real_qsar_biodeg,real_pca,IDB_ClustOpt_C2_PPv1_noR,xy_2d,0.0747123121168243
real_qsar_biodeg,real_pca,IDB_ClustOpt_C3_MLP_TOP5_RAW_R,xy_2d,-0.0009298259145637
real_qsar_biodeg,real_pca,IDB_ClustOpt_C4_KNN_TOP10_RAW_R,y_only,0.0340569558222466
real_qsar_biodeg,real_pca,IDB_ClustOpt_C5_PPv2_R,xy_2d,0.1885083000234149
real_qsar_biodeg,real_pca,IDB_ML2DAC_M0_original_cvis,y_only,-0.0063409881154289
real_qsar_biodeg,real_pca,IDB_ML2DAC_M1_original_plus_established,xy_2d,-0.0009298259145637
real_qsar_biodeg,real_pca,IDB_ML2DAC_M2_original_plus_new46,y_only,-0.0063409881154289
real_qsar_biodeg,real_pca,IDB_ML2DAC_M3_extended_cvis,y_only,-0.0073686120551042
real_seeds,real_pca,IDB_AutoClust_A0_original_cvis,xy_2d,0.6086788857758282
real_seeds,real_pca,IDB_AutoClust_A1_original_plus_established,x_only,0.4974122120215686
real_seeds,real_pca,IDB_AutoClust_A2_original_plus_new46,xy_2d,0.7850359051341558
real_seeds,real_pca,IDB_AutoClust_A3_extended_cvis,xy_2d,0.4983648222175468
real_seeds,real_pca,IDB_ClustOpt_C0_MLP_TOP5_RAW_noR,x_only,0.4139381443298969
real_seeds,real_pca,IDB_ClustOpt_C1_KNN_TOP10_RAW_noR,x_only,0.4974122120215686
real_seeds,real_pca,IDB_ClustOpt_C2_PPv1_noR,xy_2d,0.3181318297530849
real_seeds,real_pca,IDB_ClustOpt_C3_MLP_TOP5_RAW_R,x_only,0.4913410403585679
real_seeds,real_pca,IDB_ClustOpt_C4_KNN_TOP10_RAW_R,x_only,0.4974122120215686
real_seeds,real_pca,IDB_ClustOpt_C5_PPv2_R,xy_2d,0.7850359051341558
real_seeds,real_pca,IDB_ML2DAC_M0_original_cvis,x_only,0.4145423847014994
real_seeds,real_pca,IDB_ML2DAC_M1_original_plus_established,xy_2d,0.5026777674814762
real_seeds,real_pca,IDB_ML2DAC_M2_original_plus_new46,xy_2d,0.6431264678629082
real_seeds,real_pca,IDB_ML2DAC_M3_extended_cvis,x_only,0.4974122120215686
real_sonar,real_pca,IDB_AutoClust_A0_original_cvis,xy_2d,0.0401327105698377
real_sonar,real_pca,IDB_AutoClust_A1_original_plus_established,xy_2d,0.0401327105698377
real_sonar,real_pca,IDB_AutoClust_A2_original_plus_new46,y_only,0.0220165204688204
real_sonar,real_pca,IDB_AutoClust_A3_extended_cvis,xy_2d,0.0443155690334447
real_sonar,real_pca,IDB_ClustOpt_C0_MLP_TOP5_RAW_noR,y_only,0.0220165204688204
real_sonar,real_pca,IDB_ClustOpt_C1_KNN_TOP10_RAW_noR,xy_2d,0.0061687334619503
real_sonar,real_pca,IDB_ClustOpt_C2_PPv1_noR,y_only,0.0220165204688204
real_sonar,real_pca,IDB_ClustOpt_C3_MLP_TOP5_RAW_R,y_only,0.0220165204688204
real_sonar,real_pca,IDB_ClustOpt_C4_KNN_TOP10_RAW_R,y_only,0.0220165204688204
real_sonar,real_pca,IDB_ClustOpt_C5_PPv2_R,y_only,0.0220165204688204
real_sonar,real_pca,IDB_ML2DAC_M0_original_cvis,y_only,0.0220165204688204
real_sonar,real_pca,IDB_ML2DAC_M1_original_plus_established,y_only,0.0788091005725821
real_sonar,real_pca,IDB_ML2DAC_M2_original_plus_new46,y_only,0.0220165204688204
real_sonar,real_pca,IDB_ML2DAC_M3_extended_cvis,y_only,0.0220165204688204
sk_aniso_blobs_easy,sklearn_shapes,IDB_AutoClust_A0_original_cvis,y_only,1.0
sk_aniso_blobs_easy,sklearn_shapes,IDB_AutoClust_A1_original_plus_established,y_only,1.0
sk_aniso_blobs_easy,sklearn_shapes,IDB_AutoClust_A2_original_plus_new46,y_only,1.0
sk_aniso_blobs_easy,sklearn_shapes,IDB_AutoClust_A3_extended_cvis,y_only,1.0
sk_aniso_blobs_easy,sklearn_shapes,IDB_ClustOpt_C0_MLP_TOP5_RAW_noR,xy_2d,0.871506321754891
sk_aniso_blobs_easy,sklearn_shapes,IDB_ClustOpt_C1_KNN_TOP10_RAW_noR,xy_2d,1.0
sk_aniso_blobs_easy,sklearn_shapes,IDB_ClustOpt_C2_PPv1_noR,xy_2d,1.0
sk_aniso_blobs_easy,sklearn_shapes,IDB_ClustOpt_C3_MLP_TOP5_RAW_R,y_only,1.0
sk_aniso_blobs_easy,sklearn_shapes,IDB_ClustOpt_C4_KNN_TOP10_RAW_R,xy_2d,1.0
sk_aniso_blobs_easy,sklearn_shapes,IDB_ClustOpt_C5_PPv2_R,xy_2d,1.0
sk_aniso_blobs_easy,sklearn_shapes,IDB_ML2DAC_M0_original_cvis,y_only,0.9969990010337746
sk_aniso_blobs_easy,sklearn_shapes,IDB_ML2DAC_M1_original_plus_established,y_only,0.9969990010337746
sk_aniso_blobs_easy,sklearn_shapes,IDB_ML2DAC_M2_original_plus_new46,y_only,0.9969990010337746
sk_aniso_blobs_easy,sklearn_shapes,IDB_ML2DAC_M3_extended_cvis,y_only,1.0
sk_aniso_blobs_hard,sklearn_shapes,IDB_AutoClust_A0_original_cvis,xy_2d,0.571101573676681
sk_aniso_blobs_hard,sklearn_shapes,IDB_AutoClust_A1_original_plus_established,y_only,0.571101573676681
sk_aniso_blobs_hard,sklearn_shapes,IDB_AutoClust_A2_original_plus_new46,y_only,0.5517537106571185
sk_aniso_blobs_hard,sklearn_shapes,IDB_AutoClust_A3_extended_cvis,y_only,0.5517537106571185
sk_aniso_blobs_hard,sklearn_shapes,IDB_ClustOpt_C0_MLP_TOP5_RAW_noR,y_only,0.571101573676681
sk_aniso_blobs_hard,sklearn_shapes,IDB_ClustOpt_C1_KNN_TOP10_RAW_noR,y_only,0.5683990628110953
sk_aniso_blobs_hard,sklearn_shapes,IDB_ClustOpt_C2_PPv1_noR,y_only,0.571101573676681
sk_aniso_blobs_hard,sklearn_shapes,IDB_ClustOpt_C3_MLP_TOP5_RAW_R,y_only,0.571101573676681
sk_aniso_blobs_hard,sklearn_shapes,IDB_ClustOpt_C4_KNN_TOP10_RAW_R,y_only,0.571101573676681
sk_aniso_blobs_hard,sklearn_shapes,IDB_ClustOpt_C5_PPv2_R,y_only,0.571101573676681
sk_aniso_blobs_hard,sklearn_shapes,IDB_ML2DAC_M0_original_cvis,y_only,0.5674204290255733
sk_aniso_blobs_hard,sklearn_shapes,IDB_ML2DAC_M1_original_plus_established,y_only,0.5674204290255733
sk_aniso_blobs_hard,sklearn_shapes,IDB_ML2DAC_M2_original_plus_new46,y_only,0.5674204290255733
sk_aniso_blobs_hard,sklearn_shapes,IDB_ML2DAC_M3_extended_cvis,y_only,0.571101573676681
sk_aniso_blobs_medium,sklearn_shapes,IDB_AutoClust_A0_original_cvis,xy_2d,0.9920213547094188
sk_aniso_blobs_medium,sklearn_shapes,IDB_AutoClust_A1_original_plus_established,x_only,0.9800775788558396
sk_aniso_blobs_medium,sklearn_shapes,IDB_AutoClust_A2_original_plus_new46,x_only,0.8378185398579581
sk_aniso_blobs_medium,sklearn_shapes,IDB_AutoClust_A3_extended_cvis,xy_2d,0.9920213547094188
sk_aniso_blobs_medium,sklearn_shapes,IDB_ClustOpt_C0_MLP_TOP5_RAW_noR,xy_2d,0.5564950512083436
sk_aniso_blobs_medium,sklearn_shapes,IDB_ClustOpt_C1_KNN_TOP10_RAW_noR,x_only,0.5632993422286212
sk_aniso_blobs_medium,sklearn_shapes,IDB_ClustOpt_C2_PPv1_noR,xy_2d,0.8932678019162489
sk_aniso_blobs_medium,sklearn_shapes,IDB_ClustOpt_C3_MLP_TOP5_RAW_R,x_only,0.9630101175267666
sk_aniso_blobs_medium,sklearn_shapes,IDB_ClustOpt_C4_KNN_TOP10_RAW_R,xy_2d,0.9790788055930266
sk_aniso_blobs_medium,sklearn_shapes,IDB_ClustOpt_C5_PPv2_R,xy_2d,0.9790788055930266
sk_aniso_blobs_medium,sklearn_shapes,IDB_ML2DAC_M0_original_cvis,x_only,0.5632993422286212
sk_aniso_blobs_medium,sklearn_shapes,IDB_ML2DAC_M1_original_plus_established,xy_2d,0.754633723450552
sk_aniso_blobs_medium,sklearn_shapes,IDB_ML2DAC_M2_original_plus_new46,x_only,0.5632993422286212
sk_aniso_blobs_medium,sklearn_shapes,IDB_ML2DAC_M3_extended_cvis,x_only,0.966327121149258
sk_blobs_easy,sklearn_shapes,IDB_AutoClust_A0_original_cvis,y_only,0.9224979539245232
sk_blobs_easy,sklearn_shapes,IDB_AutoClust_A1_original_plus_established,x_only,0.4994991652754591
sk_blobs_easy,sklearn_shapes,IDB_AutoClust_A2_original_plus_new46,xy_2d,1.0
sk_blobs_easy,sklearn_shapes,IDB_AutoClust_A3_extended_cvis,y_only,0.9224979539245232
sk_blobs_easy,sklearn_shapes,IDB_ClustOpt_C0_MLP_TOP5_RAW_noR,xy_2d,0.7138766940255774
sk_blobs_easy,sklearn_shapes,IDB_ClustOpt_C1_KNN_TOP10_RAW_noR,x_only,0.7112405926403617
sk_blobs_easy,sklearn_shapes,IDB_ClustOpt_C2_PPv1_noR,xy_2d,0.9964333700221988
sk_blobs_easy,sklearn_shapes,IDB_ClustOpt_C3_MLP_TOP5_RAW_R,x_only,0.7138766940255774
sk_blobs_easy,sklearn_shapes,IDB_ClustOpt_C4_KNN_TOP10_RAW_R,xy_2d,1.0
sk_blobs_easy,sklearn_shapes,IDB_ClustOpt_C5_PPv2_R,xy_2d,1.0
sk_blobs_easy,sklearn_shapes,IDB_ML2DAC_M0_original_cvis,y_only,0.9224979539245232
sk_blobs_easy,sklearn_shapes,IDB_ML2DAC_M1_original_plus_established,xy_2d,0.9661674178671528
sk_blobs_easy,sklearn_shapes,IDB_ML2DAC_M2_original_plus_new46,y_only,0.9224979539245232
sk_blobs_easy,sklearn_shapes,IDB_ML2DAC_M3_extended_cvis,xy_2d,0.9135661888056178
sk_blobs_hard,sklearn_shapes,IDB_AutoClust_A0_original_cvis,xy_2d,0.5394480798687251
sk_blobs_hard,sklearn_shapes,IDB_AutoClust_A1_original_plus_established,y_only,0.3559965307537779
sk_blobs_hard,sklearn_shapes,IDB_AutoClust_A2_original_plus_new46,xy_2d,0.5523144768435017
sk_blobs_hard,sklearn_shapes,IDB_AutoClust_A3_extended_cvis,y_only,0.3517748977034662
sk_blobs_hard,sklearn_shapes,IDB_ClustOpt_C0_MLP_TOP5_RAW_noR,y_only,0.3518681420038879
sk_blobs_hard,sklearn_shapes,IDB_ClustOpt_C1_KNN_TOP10_RAW_noR,y_only,0.2881390869276975
sk_blobs_hard,sklearn_shapes,IDB_ClustOpt_C2_PPv1_noR,xy_2d,0.263385350209194
sk_blobs_hard,sklearn_shapes,IDB_ClustOpt_C3_MLP_TOP5_RAW_R,y_only,0.3518681420038879
sk_blobs_hard,sklearn_shapes,IDB_ClustOpt_C4_KNN_TOP10_RAW_R,y_only,0.3518681420038879
sk_blobs_hard,sklearn_shapes,IDB_ClustOpt_C5_PPv2_R,y_only,0.3518681420038879
sk_blobs_hard,sklearn_shapes,IDB_ML2DAC_M0_original_cvis,y_only,0.3518681420038879
sk_blobs_hard,sklearn_shapes,IDB_ML2DAC_M1_original_plus_established,y_only,0.3518681420038879
sk_blobs_hard,sklearn_shapes,IDB_ML2DAC_M2_original_plus_new46,y_only,0.3518681420038879
sk_blobs_hard,sklearn_shapes,IDB_ML2DAC_M3_extended_cvis,x_only,0.2597180828880234
sk_blobs_medium,sklearn_shapes,IDB_AutoClust_A0_original_cvis,xy_2d,0.8524146403162762
sk_blobs_medium,sklearn_shapes,IDB_AutoClust_A1_original_plus_established,x_only,0.4824865879973176
sk_blobs_medium,sklearn_shapes,IDB_AutoClust_A2_original_plus_new46,xy_2d,0.946151958097198
sk_blobs_medium,sklearn_shapes,IDB_AutoClust_A3_extended_cvis,xy_2d,0.6945904231362374
sk_blobs_medium,sklearn_shapes,IDB_ClustOpt_C0_MLP_TOP5_RAW_noR,xy_2d,0.6223645138067008
sk_blobs_medium,sklearn_shapes,IDB_ClustOpt_C1_KNN_TOP10_RAW_noR,x_only,0.4829081938900108
sk_blobs_medium,sklearn_shapes,IDB_ClustOpt_C2_PPv1_noR,xy_2d,0.6223645138067008
sk_blobs_medium,sklearn_shapes,IDB_ClustOpt_C3_MLP_TOP5_RAW_R,x_only,0.4786669611309581
sk_blobs_medium,sklearn_shapes,IDB_ClustOpt_C4_KNN_TOP10_RAW_R,y_only,0.6429465325642071
sk_blobs_medium,sklearn_shapes,IDB_ClustOpt_C5_PPv2_R,x_only,0.4829081938900108
sk_blobs_medium,sklearn_shapes,IDB_ML2DAC_M0_original_cvis,y_only,0.314105018903468
sk_blobs_medium,sklearn_shapes,IDB_ML2DAC_M1_original_plus_established,xy_2d,0.9246612639902958
sk_blobs_medium,sklearn_shapes,IDB_ML2DAC_M2_original_plus_new46,y_only,0.314105018903468
sk_blobs_medium,sklearn_shapes,IDB_ML2DAC_M3_extended_cvis,y_only,0.3677898787768665
sk_circles_easy,sklearn_shapes,IDB_AutoClust_A0_original_cvis,x_only,0.1470139945976234
sk_circles_easy,sklearn_shapes,IDB_AutoClust_A1_original_plus_established,y_only,0.180103111872451
sk_circles_easy,sklearn_shapes,IDB_AutoClust_A2_original_plus_new46,x_only,0.1286137712349985
sk_circles_easy,sklearn_shapes,IDB_AutoClust_A3_extended_cvis,x_only,0.0020528404770241
sk_circles_easy,sklearn_shapes,IDB_ClustOpt_C0_MLP_TOP5_RAW_noR,xy_2d,0.6980008539871766
sk_circles_easy,sklearn_shapes,IDB_ClustOpt_C1_KNN_TOP10_RAW_noR,xy_2d,0.0602693673002287
sk_circles_easy,sklearn_shapes,IDB_ClustOpt_C2_PPv1_noR,x_only,0.0709319907806311
sk_circles_easy,sklearn_shapes,IDB_ClustOpt_C3_MLP_TOP5_RAW_R,xy_2d,1.0
sk_circles_easy,sklearn_shapes,IDB_ClustOpt_C4_KNN_TOP10_RAW_R,xy_2d,1.0
sk_circles_easy,sklearn_shapes,IDB_ClustOpt_C5_PPv2_R,xy_2d,1.0
sk_circles_easy,sklearn_shapes,IDB_ML2DAC_M0_original_cvis,xy_2d,1.0
sk_circles_easy,sklearn_shapes,IDB_ML2DAC_M1_original_plus_established,y_only,-0.0006228154396873
sk_circles_easy,sklearn_shapes,IDB_ML2DAC_M2_original_plus_new46,xy_2d,0.0716782198287704
sk_circles_easy,sklearn_shapes,IDB_ML2DAC_M3_extended_cvis,xy_2d,0.0716782198287704
sk_circles_hard,sklearn_shapes,IDB_AutoClust_A0_original_cvis,x_only,0.0372495008749195
sk_circles_hard,sklearn_shapes,IDB_AutoClust_A1_original_plus_established,y_only,-0.0006034712692775
sk_circles_hard,sklearn_shapes,IDB_AutoClust_A2_original_plus_new46,y_only,0.0112118318082025
sk_circles_hard,sklearn_shapes,IDB_AutoClust_A3_extended_cvis,y_only,-0.0006034712692775
sk_circles_hard,sklearn_shapes,IDB_ClustOpt_C0_MLP_TOP5_RAW_noR,y_only,0.0190727854962037
sk_circles_hard,sklearn_shapes,IDB_ClustOpt_C1_KNN_TOP10_RAW_noR,y_only,-0.0005216545990961
sk_circles_hard,sklearn_shapes,IDB_ClustOpt_C2_PPv1_noR,y_only,0.0190727854962037
sk_circles_hard,sklearn_shapes,IDB_ClustOpt_C3_MLP_TOP5_RAW_R,xy_2d,-0.0005533182859811
sk_circles_hard,sklearn_shapes,IDB_ClustOpt_C4_KNN_TOP10_RAW_R,xy_2d,0.1005897938535496
sk_circles_hard,sklearn_shapes,IDB_ClustOpt_C5_PPv2_R,xy_2d,0.1005897938535496
sk_circles_hard,sklearn_shapes,IDB_ML2DAC_M0_original_cvis,xy_2d,0.0658481964769411
sk_circles_hard,sklearn_shapes,IDB_ML2DAC_M1_original_plus_established,xy_2d,-1.774229306514273e-06
sk_circles_hard,sklearn_shapes,IDB_ML2DAC_M2_original_plus_new46,xy_2d,-1.774229306514273e-06
sk_circles_hard,sklearn_shapes,IDB_ML2DAC_M3_extended_cvis,xy_2d,0.0167055699607772
sk_circles_medium,sklearn_shapes,IDB_AutoClust_A0_original_cvis,y_only,0.0771406519574628
sk_circles_medium,sklearn_shapes,IDB_AutoClust_A1_original_plus_established,y_only,0.0023543396499627
sk_circles_medium,sklearn_shapes,IDB_AutoClust_A2_original_plus_new46,y_only,-1.677600212833066e-05
sk_circles_medium,sklearn_shapes,IDB_AutoClust_A3_extended_cvis,xy_2d,-1.774229306514273e-06
sk_circles_medium,sklearn_shapes,IDB_ClustOpt_C0_MLP_TOP5_RAW_noR,y_only,0.0773951438752409
sk_circles_medium,sklearn_shapes,IDB_ClustOpt_C1_KNN_TOP10_RAW_noR,xy_2d,0.0035977355772447
sk_circles_medium,sklearn_shapes,IDB_ClustOpt_C2_PPv1_noR,y_only,0.0773951438752409
sk_circles_medium,sklearn_shapes,IDB_ClustOpt_C3_MLP_TOP5_RAW_R,x_only,-0.0003664831540715
sk_circles_medium,sklearn_shapes,IDB_ClustOpt_C4_KNN_TOP10_RAW_R,xy_2d,0.8992758595263416
sk_circles_medium,sklearn_shapes,IDB_ClustOpt_C5_PPv2_R,xy_2d,0.8992758595263416
sk_circles_medium,sklearn_shapes,IDB_ML2DAC_M0_original_cvis,xy_2d,0.0340847919293925
sk_circles_medium,sklearn_shapes,IDB_ML2DAC_M1_original_plus_established,xy_2d,0.0
sk_circles_medium,sklearn_shapes,IDB_ML2DAC_M2_original_plus_new46,x_only,-0.0006603981322957
sk_circles_medium,sklearn_shapes,IDB_ML2DAC_M3_extended_cvis,x_only,0.0870311293303814
sk_moons_easy,sklearn_shapes,IDB_AutoClust_A0_original_cvis,y_only,0.3565455697016476
sk_moons_easy,sklearn_shapes,IDB_AutoClust_A1_original_plus_established,xy_2d,0.4952792974560246
sk_moons_easy,sklearn_shapes,IDB_AutoClust_A2_original_plus_new46,y_only,0.3565455697016476
sk_moons_easy,sklearn_shapes,IDB_AutoClust_A3_extended_cvis,xy_2d,0.4952792974560246
sk_moons_easy,sklearn_shapes,IDB_ClustOpt_C0_MLP_TOP5_RAW_noR,xy_2d,0.4666646239356585
sk_moons_easy,sklearn_shapes,IDB_ClustOpt_C1_KNN_TOP10_RAW_noR,y_only,0.3963767137959587
sk_moons_easy,sklearn_shapes,IDB_ClustOpt_C2_PPv1_noR,y_only,0.0950682546646828
sk_moons_easy,sklearn_shapes,IDB_ClustOpt_C3_MLP_TOP5_RAW_R,xy_2d,1.0
sk_moons_easy,sklearn_shapes,IDB_ClustOpt_C4_KNN_TOP10_RAW_R,xy_2d,1.0
sk_moons_easy,sklearn_shapes,IDB_ClustOpt_C5_PPv2_R,xy_2d,1.0
sk_moons_easy,sklearn_shapes,IDB_ML2DAC_M0_original_cvis,xy_2d,0.4971596611812376
sk_moons_easy,sklearn_shapes,IDB_ML2DAC_M1_original_plus_established,xy_2d,0.9853785488248982
sk_moons_easy,sklearn_shapes,IDB_ML2DAC_M2_original_plus_new46,y_only,0.4422965058619083
sk_moons_easy,sklearn_shapes,IDB_ML2DAC_M3_extended_cvis,xy_2d,0.988029252547302
sk_moons_hard,sklearn_shapes,IDB_AutoClust_A0_original_cvis,xy_2d,0.4785162167402573
sk_moons_hard,sklearn_shapes,IDB_AutoClust_A1_original_plus_established,y_only,0.4458543763664685
sk_moons_hard,sklearn_shapes,IDB_AutoClust_A2_original_plus_new46,y_only,0.3391102268085278
sk_moons_hard,sklearn_shapes,IDB_AutoClust_A3_extended_cvis,y_only,0.4458543763664685
sk_moons_hard,sklearn_shapes,IDB_ClustOpt_C0_MLP_TOP5_RAW_noR,xy_2d,0.8038607229282478
sk_moons_hard,sklearn_shapes,IDB_ClustOpt_C1_KNN_TOP10_RAW_noR,xy_2d,0.8038607229282478
sk_moons_hard,sklearn_shapes,IDB_ClustOpt_C2_PPv1_noR,xy_2d,0.4878040035639127
sk_moons_hard,sklearn_shapes,IDB_ClustOpt_C3_MLP_TOP5_RAW_R,y_only,0.4458548761739198
sk_moons_hard,sklearn_shapes,IDB_ClustOpt_C4_KNN_TOP10_RAW_R,xy_2d,0.8389563316314257
sk_moons_hard,sklearn_shapes,IDB_ClustOpt_C5_PPv2_R,xy_2d,0.8389563316314257
sk_moons_hard,sklearn_shapes,IDB_ML2DAC_M0_original_cvis,y_only,0.4458548761739198
sk_moons_hard,sklearn_shapes,IDB_ML2DAC_M1_original_plus_established,xy_2d,0.8158717014735019
sk_moons_hard,sklearn_shapes,IDB_ML2DAC_M2_original_plus_new46,xy_2d,0.8158717014735019
sk_moons_hard,sklearn_shapes,IDB_ML2DAC_M3_extended_cvis,xy_2d,0.4663779434170692
sk_moons_medium,sklearn_shapes,IDB_AutoClust_A0_original_cvis,y_only,0.3930731777937862
sk_moons_medium,sklearn_shapes,IDB_AutoClust_A1_original_plus_established,xy_2d,0.5066148782220613
sk_moons_medium,sklearn_shapes,IDB_AutoClust_A2_original_plus_new46,y_only,0.4530180182694286
sk_moons_medium,sklearn_shapes,IDB_AutoClust_A3_extended_cvis,xy_2d,0.5066148782220613
sk_moons_medium,sklearn_shapes,IDB_ClustOpt_C0_MLP_TOP5_RAW_noR,y_only,0.1518890489216939
sk_moons_medium,sklearn_shapes,IDB_ClustOpt_C1_KNN_TOP10_RAW_noR,xy_2d,0.9814558459329716
sk_moons_medium,sklearn_shapes,IDB_ClustOpt_C2_PPv1_noR,xy_2d,0.9774797530204612
sk_moons_medium,sklearn_shapes,IDB_ClustOpt_C3_MLP_TOP5_RAW_R,xy_2d,0.990694195258914
sk_moons_medium,sklearn_shapes,IDB_ClustOpt_C4_KNN_TOP10_RAW_R,xy_2d,0.9814558459329716
sk_moons_medium,sklearn_shapes,IDB_ClustOpt_C5_PPv2_R,xy_2d,0.9814558459329716
sk_moons_medium,sklearn_shapes,IDB_ML2DAC_M0_original_cvis,y_only,0.4693277829452008
sk_moons_medium,sklearn_shapes,IDB_ML2DAC_M1_original_plus_established,xy_2d,0.993351991797677
sk_moons_medium,sklearn_shapes,IDB_ML2DAC_M2_original_plus_new46,y_only,0.4693277829452008
sk_moons_medium,sklearn_shapes,IDB_ML2DAC_M3_extended_cvis,y_only,0.2978174302862622
sk_varied_blobs_easy,sklearn_shapes,IDB_AutoClust_A0_original_cvis,xy_2d,0.6874807818600416
sk_varied_blobs_easy,sklearn_shapes,IDB_AutoClust_A1_original_plus_established,xy_2d,0.5468643284171232
sk_varied_blobs_easy,sklearn_shapes,IDB_AutoClust_A2_original_plus_new46,xy_2d,0.8987149308534664
sk_varied_blobs_easy,sklearn_shapes,IDB_AutoClust_A3_extended_cvis,xy_2d,0.5468643284171232
sk_varied_blobs_easy,sklearn_shapes,IDB_ClustOpt_C0_MLP_TOP5_RAW_noR,xy_2d,0.4924882604615258
sk_varied_blobs_easy,sklearn_shapes,IDB_ClustOpt_C1_KNN_TOP10_RAW_noR,xy_2d,0.5009027621939764
sk_varied_blobs_easy,sklearn_shapes,IDB_ClustOpt_C2_PPv1_noR,xy_2d,0.4924882604615258
sk_varied_blobs_easy,sklearn_shapes,IDB_ClustOpt_C3_MLP_TOP5_RAW_R,xy_2d,0.5163662333362042
sk_varied_blobs_easy,sklearn_shapes,IDB_ClustOpt_C4_KNN_TOP10_RAW_R,y_only,0.7955593839448927
sk_varied_blobs_easy,sklearn_shapes,IDB_ClustOpt_C5_PPv2_R,y_only,0.7955593839448927
sk_varied_blobs_easy,sklearn_shapes,IDB_ML2DAC_M0_original_cvis,xy_2d,0.8628935350725943
sk_varied_blobs_easy,sklearn_shapes,IDB_ML2DAC_M1_original_plus_established,xy_2d,0.7221093159636197
sk_varied_blobs_easy,sklearn_shapes,IDB_ML2DAC_M2_original_plus_new46,xy_2d,0.5642666483547926
sk_varied_blobs_easy,sklearn_shapes,IDB_ML2DAC_M3_extended_cvis,xy_2d,0.8628935350725943
sk_varied_blobs_hard,sklearn_shapes,IDB_AutoClust_A0_original_cvis,xy_2d,0.8340033599760588
sk_varied_blobs_hard,sklearn_shapes,IDB_AutoClust_A1_original_plus_established,xy_2d,0.571101573676681
sk_varied_blobs_hard,sklearn_shapes,IDB_AutoClust_A2_original_plus_new46,xy_2d,0.9455046163793208
sk_varied_blobs_hard,sklearn_shapes,IDB_AutoClust_A3_extended_cvis,xy_2d,0.9455046163793208
sk_varied_blobs_hard,sklearn_shapes,IDB_ClustOpt_C0_MLP_TOP5_RAW_noR,xy_2d,0.9455024281143204
sk_varied_blobs_hard,sklearn_shapes,IDB_ClustOpt_C1_KNN_TOP10_RAW_noR,xy_2d,0.8649588613868568
sk_varied_blobs_hard,sklearn_shapes,IDB_ClustOpt_C2_PPv1_noR,xy_2d,0.9455024281143204
sk_varied_blobs_hard,sklearn_shapes,IDB_ClustOpt_C3_MLP_TOP5_RAW_R,x_only,0.571101573676681
sk_varied_blobs_hard,sklearn_shapes,IDB_ClustOpt_C4_KNN_TOP10_RAW_R,xy_2d,0.571101573676681
sk_varied_blobs_hard,sklearn_shapes,IDB_ClustOpt_C5_PPv2_R,xy_2d,0.9455024281143204
sk_varied_blobs_hard,sklearn_shapes,IDB_ML2DAC_M0_original_cvis,xy_2d,0.7186666334233925
sk_varied_blobs_hard,sklearn_shapes,IDB_ML2DAC_M1_original_plus_established,xy_2d,0.7186666334233925
sk_varied_blobs_hard,sklearn_shapes,IDB_ML2DAC_M2_original_plus_new46,xy_2d,0.5678262732207209
sk_varied_blobs_hard,sklearn_shapes,IDB_ML2DAC_M3_extended_cvis,xy_2d,0.7186666334233925
sk_varied_blobs_medium,sklearn_shapes,IDB_AutoClust_A0_original_cvis,x_only,0.7469616461527429
sk_varied_blobs_medium,sklearn_shapes,IDB_AutoClust_A1_original_plus_established,xy_2d,0.5657342341858905
sk_varied_blobs_medium,sklearn_shapes,IDB_AutoClust_A2_original_plus_new46,xy_2d,0.7630460139705365
sk_varied_blobs_medium,sklearn_shapes,IDB_AutoClust_A3_extended_cvis,x_only,0.7469616461527429
sk_varied_blobs_medium,sklearn_shapes,IDB_ClustOpt_C0_MLP_TOP5_RAW_noR,xy_2d,0.8808711469242786
sk_varied_blobs_medium,sklearn_shapes,IDB_ClustOpt_C1_KNN_TOP10_RAW_noR,x_only,0.538093324471131
sk_varied_blobs_medium,sklearn_shapes,IDB_ClustOpt_C2_PPv1_noR,xy_2d,0.8808711469242786
sk_varied_blobs_medium,sklearn_shapes,IDB_ClustOpt_C3_MLP_TOP5_RAW_R,y_only,0.5912146341420573
sk_varied_blobs_medium,sklearn_shapes,IDB_ClustOpt_C4_KNN_TOP10_RAW_R,xy_2d,0.5667040543025712
sk_varied_blobs_medium,sklearn_shapes,IDB_ClustOpt_C5_PPv2_R,x_only,0.6608606764335544
sk_varied_blobs_medium,sklearn_shapes,IDB_ML2DAC_M0_original_cvis,xy_2d,0.8035704716190463
sk_varied_blobs_medium,sklearn_shapes,IDB_ML2DAC_M1_original_plus_established,xy_2d,0.703541683342821
sk_varied_blobs_medium,sklearn_shapes,IDB_ML2DAC_M2_original_plus_new46,x_only,0.548360735801949
sk_varied_blobs_medium,sklearn_shapes,IDB_ML2DAC_M3_extended_cvis,xy_2d,0.7385034822391866
