metric_id,metric_group,available_case_utility_macro,coverage,units_with_valid_utility
cvdd,Modern,0.5456825797655626,0.68,102
silhouette,Original,0.5025781679039826,1.0,150
noise_aware_silhouette,Established,0.4938707807298598,1.0,150
neighborhood_purity_multi_k,Established,0.4832366695428927,1.0,150
gridness_fft_acf,New46,0.4820244867058861,1.0,150
avg_pca_isotropy,Established,0.4793315381870546,1.0,150
neighborhood_purity,Established,0.4774949952530538,1.0,150
min_centroid_distance,Established,0.4758673086408677,1.0,150
coggins_jain_index,Original,0.4712069767898479,1.0,150
cvnn,Modern,0.4703858252787971,0.9866666666666668,148
direction_entropy,New46,0.4604756408425291,1.0,150
blobness_log_dog,New46,0.4604358670962123,0.9933333333333332,149
cluster_size_balance_entropy,Established,0.4545857121559766,1.0,150
axial_symmetry,New46,0.4523147424200613,1.0,150
arc_circle_fit,New46,0.4484510648413993,1.0,150
alpha_shape_compactness,New46,0.447452105426668,0.9933333333333332,149
contour_graph_connectivity,New46,0.4454120604933044,0.9933333333333332,149
ribbon_thickness,New46,0.4373780130191912,1.0,150
dunn_index,Original,0.4358919370633128,1.0,150
connected_components_count,New46,0.4307152070851974,0.96,144
parallel_bands,New46,0.4274872081756999,1.0,150
cop,Original,0.4252951375588165,1.0,150
radial_uniformity,New46,0.4250232996847032,1.0,150
hough_line_strength,New46,0.4242901156606865,1.0,150
ladderness,New46,0.4207750067666477,1.0,150
corner_junction_density,New46,0.420211026600114,0.9933333333333332,149
lbp_stationarity,New46,0.4183443412988822,0.9466666666666668,142
min_intercluster_distance,Established,0.4166217434657628,1.0,150
curvature_consistency,New46,0.4145162413350749,1.0,150
gridness_2d,New46,0.4093256996574428,1.0,150
peak_to_background_hough,New46,0.407796338564131,1.0,150
hollow_score,New46,0.4066613018654881,1.0,150
convexity_ratio_image_based,New46,0.403208836584913,1.0,150
convexity_ratio,New46,0.4016936253020532,1.0,150
corner_sharpness,New46,0.4012771482473286,1.0,150
morphological_band_count,New46,0.4010267228472766,0.9933333333333332,149
fractal_dimension,New46,0.3992570944055777,0.96,144
ridge_strength,New46,0.3960507952379189,0.9933333333333332,149
polygonality,New46,0.394322558349953,1.0,150
calinski_harabasz,Original,0.3941714557871911,1.0,150
periodicity_1d,New46,0.3895205454240257,1.0,150
hough_arc_circle_strength,New46,0.3891756543451483,1.0,150
glcm_haralick,New46,0.3880537646597656,0.96,144
dcsi,Modern,0.3863625455536554,0.9666666666666668,145
piecewise_linearity,New46,0.3863611240956099,1.0,150
cdbw,Modern,0.3829101586331676,0.98,147
euler_holes_count,New46,0.3803913767960268,0.9466666666666668,142
orientation_histogram_entropy,New46,0.379888702658102,1.0,150
parabolicity,New46,0.3798641098888723,1.0,150
edge_coherence,New46,0.379103173538112,1.0,150
ellipse_fit_score,New46,0.378534315069299,1.0,150
rectangularity,New46,0.3757944385286768,1.0,150
connectivity_components,New46,0.373495271313932,1.0,150
thickness_uniformity,New46,0.3734727626630492,1.0,150
cluster_size_imbalance_entropy,Established,0.3732797178265474,1.0,150
dbcv,Original,0.373236185643725,0.9933333333333332,149
davies_bouldin,Original,0.3721844039745507,1.0,150
eccentricity_ratio,New46,0.3661400864366418,1.0,150
line_straightness,New46,0.3647555267560292,1.0,150
skeleton_connectivity,New46,0.3640983994885072,1.0,150
turning_points_count,New46,0.3627302607063245,1.0,150
circularity_compactness,New46,0.3611224665079343,1.0,150
mst_smoothness,New46,0.3557265924290561,1.0,150
bimodality_anti_thickness,New46,0.3551814766613912,1.0,150
s_dbw,Established,0.3446186143407359,0.9933333333333332,149
avg_within_cluster_dispersion,Established,0.3383348333520485,1.0,150
symmetry_score,New46,0.3214479658766522,0.96,144
