ablation,dataset_id,source,runtime_delta_three_view,runtime_ratio_three_view,runtime_delta_xy_2d,runtime_ratio_xy_2d,ari_delta_bestview
C3-C0 (MLP Top-5),fcps_atom,fcps,0.15865600000000057,1.0097052273319942,0.029024999999999856,1.0048800795070456,-0.34506057147779856
C3-C0 (MLP Top-5),fcps_chainlink,fcps,-1.155356999999995,0.9779210856396409,0.04532999999999987,1.0026435991018412,0.069227388727336
C3-C0 (MLP Top-5),fcps_engytime,fcps,0.1163090000000011,1.0008228944141686,0.0006849999999900547,1.0000079630187642,0.32872272677848197
C3-C0 (MLP Top-5),fcps_lsun,fcps,0.20025899999999908,1.0200585332277081,0.1416909999999998,1.0322249402765926,0.47960703509855296
C3-C0 (MLP Top-5),fcps_tetra,fcps,0.3568749999999987,1.0273034991552459,0.39458199999999977,1.1317985307768283,0.02560571101443987
C3-C0 (MLP Top-5),fcps_twodiamonds,fcps,0.120829999999998,1.0068373152975634,0.030121999999999538,1.0039235495293095,0.0
C3-C0 (MLP Top-5),fcps_wingnut,fcps,0.11264399999999597,1.0043538190302597,0.03121099999999899,1.0033814969031203,0.0
C3-C0 (MLP Top-5),real_analcatdata_authorship,real_pca,2.483386999999997,1.1324357512059213,0.05725499999999961,1.006821017478269,0.0840506582369746
C3-C0 (MLP Top-5),real_balance_scale,real_pca,17.416699,1.7362077337936392,17.209302,2.302251814108083,-0.015431473834374196
C3-C0 (MLP Top-5),real_banknote,real_pca,-0.08436600000000283,0.9964262852173947,0.01688500000000026,1.0018213393882847,0.0
C3-C0 (MLP Top-5),real_blood_transfusion,real_pca,0.09395200000000159,1.007747660722192,0.01981400000000022,1.0044312188244724,-0.0216357220485038
C3-C0 (MLP Top-5),real_breast_cancer_wdbc,real_pca,0.08370999999999995,1.0076164733099067,0.01591900000000024,1.003124344965053,0.0
C3-C0 (MLP Top-5),real_car_evaluation,real_pca,46.50405000000002,1.470561632574309,0.2067239999999977,1.0081297296004836,0.0
C3-C0 (MLP Top-5),real_cardiotocography_3c,real_pca,9.038169000000003,1.1670259993153504,-4.210379,0.7699879295505307,-0.08647264507974711
C3-C0 (MLP Top-5),real_churn,real_pca,0.543879999999973,1.0032953074157134,0.025159000000002152,1.0006724730626546,0.0
C3-C0 (MLP Top-5),real_climate_model_crashes,real_pca,-2.4050300000000018,0.86243929101237,-2.502183,0.5410041185538909,0.0738830090629222
C3-C0 (MLP Top-5),real_cmc,real_pca,0.35214900000001137,1.0046522513796579,0.14835899999999924,1.005653184617046,-0.0005058956112495017
C3-C0 (MLP Top-5),real_credit_approval,real_pca,-6.354556000000002,0.7670058389373169,-6.1885889999999995,0.4533835192797786,0.05363232021447829
C3-C0 (MLP Top-5),real_diabetes_pima,real_pca,-0.067890000000002,0.9976814235683618,-0.09567600000000098,0.9937466241600595,0.02301980984361629
C3-C0 (MLP Top-5),real_german_credit,real_pca,-0.11346800000000101,0.9960526714478644,0.027633000000000685,1.0045034385716507,0.017625208212718395
C3-C0 (MLP Top-5),real_haberman,real_pca,1.5784540000000025,1.105614379122577,0.12319800000000036,1.0204267231638324,-0.012308980100285194
C3-C0 (MLP Top-5),real_hill_valley,real_pca,0.0822690000000108,1.0020082578065108,0.02656000000000347,1.0010389427099375,2.1083578647399827e-05
C3-C0 (MLP Top-5),real_ilpd_liver,real_pca,0.17947399999999902,1.0130044878141526,0.052023999999999404,1.0101331682648584,0.025394380676616105
C3-C0 (MLP Top-5),real_ionosphere,real_pca,0.3190460000000037,1.0199478180296024,0.0927629999999997,1.011525914078804,0.012820376221901408
C3-C0 (MLP Top-5),real_kc1_software,real_pca,0.2228680000000054,1.0030013569185428,0.03743000000000052,1.0009572336984418,0.0590916059190113
C3-C0 (MLP Top-5),real_kc2_software,real_pca,7.741367,1.3622517335059856,0.01547400000000021,1.0030594916308846,-0.05782563408991269
C3-C0 (MLP Top-5),real_madelon,real_pca,0.0747260000000054,1.0020495747720677,0.004239000000000104,1.0002804532982736,-0.0007835138283267991
C3-C0 (MLP Top-5),real_ozone_level_8hr,real_pca,-11.309759,0.8914683037318579,-11.606942,0.6873534891452237,0.021339814458037898
C3-C0 (MLP Top-5),real_pc1_software,real_pca,-0.03893200000000263,0.9987390094513074,0.046772999999999954,1.0061438321103597,-0.00961757064538471
C3-C0 (MLP Top-5),real_pc3_software,real_pca,3.6974209999999985,1.0633796025459483,2.5700179999999992,1.2450728776789757,0.000651364594528997
C3-C0 (MLP Top-5),real_pc4_software,real_pca,0.17289400000000654,1.002890431040582,0.021055000000004043,1.0005680182037764,0.10890790695644029
C3-C0 (MLP Top-5),real_pollen,real_pca,2.5125529999999827,1.0226326344841505,1.582535,1.0621028400285843,3.7595160087099984e-05
C3-C0 (MLP Top-5),real_qsar_biodeg,real_pca,0.21333800000000025,1.0060759957724525,-0.12179099999999998,0.9897566537678998,-0.075642138031388
C3-C0 (MLP Top-5),real_seeds,real_pca,0.11004400000000025,1.0270335005219065,0.03722799999999982,1.0256522095642473,0.07740289602867101
C3-C0 (MLP Top-5),real_sonar,real_pca,0.3561249999999987,1.023988946324644,0.08145000000000024,1.0128287111122312,0.0
C3-C0 (MLP Top-5),sk_aniso_blobs_easy,sklearn_shapes,-0.2604169999999897,0.9977530424959246,0.152828999999997,1.0037987922928182,0.12849367824510904
C3-C0 (MLP Top-5),sk_aniso_blobs_hard,sklearn_shapes,1.2485090000000127,1.0166386244230698,1.2162150000000054,1.0280251551353632,0.0
C3-C0 (MLP Top-5),sk_aniso_blobs_medium,sklearn_shapes,-0.7426339999999811,0.9920889747407822,0.01982200000000134,1.0009737535063503,0.40651506631842294
C3-C0 (MLP Top-5),sk_blobs_easy,sklearn_shapes,0.07269399999999848,1.0015702206977224,0.011003999999999792,1.0006643496536707,0.0
C3-C0 (MLP Top-5),sk_blobs_hard,sklearn_shapes,0.13946999999999576,1.0042754554523414,0.05582399999999943,1.003661214130854,0.0
C3-C0 (MLP Top-5),sk_blobs_medium,sklearn_shapes,-0.10193500000001166,0.9991098632634354,0.7415969999999987,1.0181474811825568,-0.1436975526757427
C3-C0 (MLP Top-5),sk_circles_easy,sklearn_shapes,-0.05608000000000857,0.9995238108743221,-0.4600889999999964,0.9883740296245703,0.3019991460128234
C3-C0 (MLP Top-5),sk_circles_hard,sklearn_shapes,-0.28873799999999505,0.9959721160358909,-0.03503500000000059,0.998282530434899,-0.019626103782184802
C3-C0 (MLP Top-5),sk_circles_medium,sklearn_shapes,1.4213519999999988,1.0151562350947725,-0.0033279999999997756,0.9997911394029637,-0.0777616270293124
C3-C0 (MLP Top-5),sk_moons_easy,sklearn_shapes,-0.5398489999999896,0.9952738781108278,-0.5301200000000037,0.9869319662564101,0.5333353760643416
C3-C0 (MLP Top-5),sk_moons_hard,sklearn_shapes,0.4406730000000181,1.004817166034177,0.010469000000000506,1.0006902634935337,-0.35800584675432806
C3-C0 (MLP Top-5),sk_moons_medium,sklearn_shapes,2.1445739999999915,1.0241065831890883,0.05427299999999846,1.0028825852029841,0.8388051463372201
C3-C0 (MLP Top-5),sk_varied_blobs_easy,sklearn_shapes,0.10199700000000433,1.0024516382701318,0.06710900000000208,1.0034237128425838,0.023877972874678466
C3-C0 (MLP Top-5),sk_varied_blobs_hard,sklearn_shapes,0.16805800000000204,1.0023181174775118,0.1244960000000006,1.0029874339212976,-0.3744008544376394
C3-C0 (MLP Top-5),sk_varied_blobs_medium,sklearn_shapes,-0.613215000000011,0.992112078499827,-0.24307999999999907,0.9940019810143008,-0.28965651278222126
C4-C1 (KNN Top-10),fcps_atom,fcps,2.470134999999999,1.0635056890660415,0.03800899999999974,1.006306574623541,0.0
C4-C1 (KNN Top-10),fcps_chainlink,fcps,2.676124999999999,1.0650162636320357,-0.4329649999999994,0.9833002615783863,0.030611471579392396
C4-C1 (KNN Top-10),fcps_engytime,fcps,-0.13186200000001236,0.9993170601019635,-0.022032999999993308,0.9997224434275195,0.010858556457403468
C4-C1 (KNN Top-10),fcps_lsun,fcps,0.15028599999999948,1.010096366467616,0.08364599999999989,1.0086904086339312,0.25078566939032054
C4-C1 (KNN Top-10),fcps_tetra,fcps,-0.10425200000000068,0.9893790321972664,-0.1729529999999997,0.9636752796450888,0.0
C4-C1 (KNN Top-10),fcps_twodiamonds,fcps,-0.3969909999999963,0.9877027767480815,-0.46341099999999713,0.9778744887834343,0.014943980632221576
C4-C1 (KNN Top-10),fcps_wingnut,fcps,0.10315199999999791,1.0046174597203275,0.03378800000000126,1.0040791481259075,0.0
C4-C1 (KNN Top-10),real_analcatdata_authorship,real_pca,7.095588999999997,1.2326426513041053,0.04056500000000085,1.0035497671846274,0.05943858518228773
C4-C1 (KNN Top-10),real_balance_scale,real_pca,2.2344599999999986,1.0475308377916936,-0.32620999999999967,0.9868776677302054,-0.02321840271074921
C4-C1 (KNN Top-10),real_banknote,real_pca,-6.984188000000003,0.8704983031451136,0.09013699999999858,1.005100425826736,0.16445298129830532
C4-C1 (KNN Top-10),real_blood_transfusion,real_pca,0.07304299999999841,1.0043704048387918,0.013099999999999667,1.0018331277245036,0.0
C4-C1 (KNN Top-10),real_breast_cancer_wdbc,real_pca,0.11009199999999808,1.0094129967276984,0.04271799999999981,1.0089572662619632,-0.030279555971216343
C4-C1 (KNN Top-10),real_car_evaluation,real_pca,20.809517,1.2123485995111338,-12.561093000000003,0.6296480069337068,0.0243969550395179
C4-C1 (KNN Top-10),real_cardiotocography_3c,real_pca,0.42502999999997826,1.0034863702756218,0.19822599999999824,1.0038696675600938,0.0
C4-C1 (KNN Top-10),real_churn,real_pca,100.59287299999994,1.2727891141556833,0.03790899999999908,1.0003153607907884,0.0
C4-C1 (KNN Top-10),real_climate_model_crashes,real_pca,13.151578999999998,1.493686155556508,12.974846999999999,2.2606568784776564,-0.0498145291058026
C4-C1 (KNN Top-10),real_cmc,real_pca,8.08140800000001,1.122294258847572,0.11331100000000305,1.0030345500465623,-0.0208077460702481
C4-C1 (KNN Top-10),real_credit_approval,real_pca,0.15754799999999136,1.003884572847514,0.04571599999999876,1.0028202664360903,0.0
C4-C1 (KNN Top-10),real_diabetes_pima,real_pca,36.58179600000001,1.8757979772597702,29.027340000000002,2.9298745765754384,0.0015447982266701965
C4-C1 (KNN Top-10),real_german_credit,real_pca,0.28634699999999214,1.005551746855528,0.005967999999999307,1.0003236284212127,0.04483879796926089
C4-C1 (KNN Top-10),real_haberman,real_pca,0.14009800000000006,1.0142805739629108,0.028378999999999266,1.0061084111135672,0.0019542100807621032
C4-C1 (KNN Top-10),real_hill_valley,real_pca,-0.5215199999999953,0.9902626865839961,0.022012000000000143,1.001144261411021,-0.0001891046875765
C4-C1 (KNN Top-10),real_ilpd_liver,real_pca,0.08862299999999834,1.0044679306755102,-0.012646000000000157,0.9984286287294284,0.0151917233012582
C4-C1 (KNN Top-10),real_ionosphere,real_pca,3.1880939999999995,1.168160745961861,0.10738000000000003,1.0147332672179454,-0.0035965980107675877
C4-C1 (KNN Top-10),real_kc1_software,real_pca,1.0575709999999958,1.009070127593848,0.8924959999999942,1.0130245563239793,0.0
C4-C1 (KNN Top-10),real_kc2_software,real_pca,0.2383170000000021,1.0120674106439833,0.1438960000000007,1.0180835776066557,-0.098782775317275
C4-C1 (KNN Top-10),real_madelon,real_pca,0.5565790000000277,1.0042730143381933,-0.003814999999995905,0.9999115448979202,-0.0007835138283267991
C4-C1 (KNN Top-10),real_ozone_level_8hr,real_pca,56.47127500000002,1.2947061419736157,0.20243499999999415,1.0022651101679831,-0.0304269262686171
C4-C1 (KNN Top-10),real_pc1_software,real_pca,0.20726599999999706,1.0060191339377382,0.025318000000000396,1.0017335235156115,0.0
C4-C1 (KNN Top-10),real_pc3_software,real_pca,1.0874200000000016,1.0194096650214748,0.9531649999999985,1.029288021146654,0.12071079435297351
C4-C1 (KNN Top-10),real_pc4_software,real_pca,13.98086099999999,1.2107652056034945,13.377628999999999,1.3970467486095188,0.1027768084051967
C4-C1 (KNN Top-10),real_pollen,real_pca,79.750448,1.3017423572807625,0.061827999999991334,1.0006798801089465,0.0
C4-C1 (KNN Top-10),real_qsar_biodeg,real_pca,30.34280600000001,1.514218304122848,0.0022719999999996077,1.0001481967256742,0.014089531703119298
C4-C1 (KNN Top-10),real_seeds,real_pca,0.11796400000000062,1.0200889667867208,0.04035400000000022,1.0186237168331098,0.0
C4-C1 (KNN Top-10),real_sonar,real_pca,5.810888000000002,1.3624877858412574,0.028386999999999496,1.0045870054935155,0.0158477870068701
C4-C1 (KNN Top-10),sk_aniso_blobs_easy,sklearn_shapes,-1.238256000000007,0.9828309565456215,0.04995299999999858,1.0028215310046453,0.0
C4-C1 (KNN Top-10),sk_aniso_blobs_hard,sklearn_shapes,1.4271779999999978,1.0144578226839847,2.1208529999999968,1.0485319864319782,0.0027025108655857055
C4-C1 (KNN Top-10),sk_aniso_blobs_medium,sklearn_shapes,-0.020914000000004762,0.9995591340958552,-0.08051400000000086,0.9960458192669192,0.4157794633644054
C4-C1 (KNN Top-10),sk_blobs_easy,sklearn_shapes,0.2150619999999961,1.0043285117014045,0.012699999999998823,1.0006980423704024,0.28875940735963834
C4-C1 (KNN Top-10),sk_blobs_hard,sklearn_shapes,0.12116799999999728,1.0026870921865023,0.039849000000000245,1.0023887449345048,0.06372905507619037
C4-C1 (KNN Top-10),sk_blobs_medium,sklearn_shapes,-0.5183359999999979,0.9919478790706078,0.04518199999999695,1.0022122995767584,0.1600383386741963
C4-C1 (KNN Top-10),sk_circles_easy,sklearn_shapes,-0.7882570000000015,0.9906773595919632,-0.17003700000000066,0.9959196634656433,0.9397306326997713
C4-C1 (KNN Top-10),sk_circles_hard,sklearn_shapes,0.25466700000000486,1.0058047769452798,0.19102300000000128,1.0097949527404286,0.1011114484526457
C4-C1 (KNN Top-10),sk_circles_medium,sklearn_shapes,-0.15947999999999496,0.9964939494907127,-0.26800599999999974,0.9879463798616941,0.8956781239490968
C4-C1 (KNN Top-10),sk_moons_easy,sklearn_shapes,-1.160618999999997,0.9821813053664344,-1.2640639999999976,0.9702555392782426,0.6036232862040414
C4-C1 (KNN Top-10),sk_moons_hard,sklearn_shapes,-0.21391599999999045,0.9966203356022737,0.08028200000000041,1.0047352476791938,0.03509560870317785
C4-C1 (KNN Top-10),sk_moons_medium,sklearn_shapes,0.14911699999999684,1.0032171329237245,0.1328259999999979,1.005838078480765,0.0
C4-C1 (KNN Top-10),sk_varied_blobs_easy,sklearn_shapes,3.294852000000006,1.0750940381407332,3.249756999999999,1.1621974112056246,0.2946566217509162
C4-C1 (KNN Top-10),sk_varied_blobs_hard,sklearn_shapes,-0.18403099999999029,0.997539777897548,-0.28906599999999827,0.9931883992264543,-0.29385728771017583
C4-C1 (KNN Top-10),sk_varied_blobs_medium,sklearn_shapes,-0.6107889999999827,0.9931541593943713,-0.19403699999999446,0.9951498319899723,0.028610729831440196
